Time Stamp,ID,Extended,Dir,Bus,LEN,D1,D2,D3,D4,D5,D6,D7,D8
0,0x100,false,Rx,0,8,0x4C,0x04,0x00,0x00,0x00,0x00,0x00,0x00
0,0x111,false,Rx,0,8,0x00,0x3D,0x00,0x00,0x00,0x00,0x00,0x00
0,0x121,false,Rx,0,8,0x00,0x00,0x01,0x00,0x00,0x00,0x00,0x00
0,0x126,false,Rx,0,8,0x00,0x00,0x06,0x00,0x0C,0x00,0x00,0x00
0,0x127,false,Rx,0,8,0x00,0x00,0x06,0x00,0x0C,0x00,0x00,0x00
0,0x128,false,Rx,0,8,0x00,0x00,0x06,0x00,0x0C,0x00,0x00,0x00
0,0x129,false,Rx,0,8,0x00,0x00,0x06,0x00,0x0C,0x00,0x00,0x00
0,0x132,false,Rx,0,8,0x00,0x15,0x00,0x00,0x00,0x00,0x00,0x00
0,0x133,false,Rx,0,8,0x00,0x02,0x00,0x00,0x00,0x00,0x00,0x00
100000,0x100,false,Rx,0,8,0xB0,0x04,0x00,0x00,0x00,0x00,0x00,0x00
100000,0x111,false,Rx,0,8,0x00,0x3E,0x00,0x00,0x00,0x00,0x00,0x00
100000,0x121,false,Rx,0,8,0x00,0x00,0x02,0x00,0x00,0x00,0x00,0x00
100000,0x126,false,Rx,0,8,0x00,0x00,0x07,0x00,0x0D,0x00,0x00,0x00
100000,0x127,false,Rx,0,8,0x00,0x00,0x07,0x00,0x0D,0x00,0x00,0x00
100000,0x128,false,Rx,0,8,0x00,0x00,0x07,0x00,0x0D,0x00,0x00,0x00
100000,0x129,false,Rx,0,8,0x00,0x00,0x07,0x00,0x0D,0x00,0x00,0x00
100000,0x132,false,Rx,0,8,0x00,0x16,0x00,0x00,0x00,0x00,0x00,0x00
100000,0x133,false,Rx,0,8,0x00,0x03,0x00,0x00,0x00,0x00,0x00,0x00
200000,0x100,false,Rx,0,8,0x14,0x05,0x00,0x00,0x00,0x00,0x00,0x00
200000,0x111,false,Rx,0,8,0x00,0x3F,0x00,0x00,0x00,0x00,0x00,0x00
200000,0x121,false,Rx,0,8,0x00,0x00,0x03,0x00,0x00,0x00,0x00,0x00
200000,0x126,false,Rx,0,8,0x00,0x00,0x08,0x00,0x0E,0x00,0x00,0x00
200000,0x127,false,Rx,0,8,0x00,0x00,0x08,0x00,0x0E,0x00,0x00,0x00
200000,0x128,false,Rx,0,8,0x00,0x00,0x08,0x00,0x0E,0x00,0x00,0x00
200000,0x129,false,Rx,0,8,0x00,0x00,0x08,0x00,0x0E,0x00,0x00,0x00
200000,0x132,false,Rx,0,8,0x00,0x17,0x00,0x00,0x00,0x00,0x00,0x00
200000,0x133,false,Rx,0,8,0x00,0x04,0x00,0x00,0x00,0x00,0x00,0x00
300000,0x100,false,Rx,0,8,0x78,0x05,0x00,0x00,0x00,0x00,0x00,0x00
300000,0x111,false,Rx,0,8,0x00,0x40,0x00,0x00,0x00,0x00,0x00,0x00
300000,0x121,false,Rx,0,8,0x00,0x00,0x04,0x00,0x00,0x00,0x00,0x00
300000,0x126,false,Rx,0,8,0x00,0x00,0x09,0x00,0x0F,0x00,0x00,0x00
300000,0x127,false,Rx,0,8,0x00,0x00,0x09,0x00,0x0F,0x00,0x00,0x00
300000,0x128,false,Rx,0,8,0x00,0x00,0x09,0x00,0x0F,0x00,0x00,0x00
300000,0x129,false,Rx,0,8,0x00,0x00,0x09,0x00,0x0F,0x00,0x00,0x00
300000,0x132,false,Rx,0,8,0x00,0x18,0x00,0x00,0x00,0x00,0x00,0x00
300000,0x133,false,Rx,0,8,0x00,0x05,0x00,0x00,0x00,0x00,0x00,0x00
400000,0x100,false,Rx,0,8,0xDC,0x05,0x00,0x00,0x00,0x00,0x00,0x00
400000,0x111,false,Rx,0,8,0x00,0x41,0x00,0x00,0x00,0x00,0x00,0x00
400000,0x121,false,Rx,0,8,0x00,0x00,0x05,0x00,0x00,0x00,0x00,0x00
400000,0x126,false,Rx,0,8,0x00,0x00,0x0A,0x00,0x10,0x00,0x00,0x00
400000,0x127,false,Rx,0,8,0x00,0x00,0x0A,0x00,0x10,0x00,0x00,0x00
400000,0x128,false,Rx,0,8,0x00,0x00,0x0A,0x00,0x10,0x00,0x00,0x00
400000,0x129,false,Rx,0,8,0x00,0x00,0x0A,0x00,0x10,0x00,0x00,0x00
400000,0x132,false,Rx,0,8,0x00,0x19,0x00,0x00,0x00,0x00,0x00,0x00
400000,0x133,false,Rx,0,8,0x00,0x06,0x00,0x00,0x00,0x00,0x00,0x00
500000,0x100,false,Rx,0,8,0x40,0x06,0x00,0x00,0x00,0x00,0x00,0x00
500000,0x111,false,Rx,0,8,0x00,0x42,0x00,0x00,0x00,0x00,0x00,0x00
500000,0x121,false,Rx,0,8,0x00,0x00,0x06,0x00,0x00,0x00,0x00,0x00
500000,0x126,false,Rx,0,8,0x00,0x00,0x0B,0x00,0x11,0x00,0x00,0x00
500000,0x127,false,Rx,0,8,0x00,0x00,0x0B,0x00,0x11,0x00,0x00,0x00
500000,0x128,false,Rx,0,8,0x00,0x00,0x0B,0x00,0x11,0x00,0x00,0x00
500000,0x129,false,Rx,0,8,0x00,0x00,0x0B,0x00,0x11,0x00,0x00,0x00
500000,0x132,false,Rx,0,8,0x00,0x1A,0x00,0x00,0x00,0x00,0x00,0x00
500000,0x133,false,Rx,0,8,0x00,0x07,0x00,0x00,0x00,0x00,0x00,0x00
600000,0x100,false,Rx,0,8,0xA4,0x06,0x00,0x00,0x00,0x00,0x00,0x00
600000,0x111,false,Rx,0,8,0x00,0x43,0x00,0x00,0x00,0x00,0x00,0x00
600000,0x121,false,Rx,0,8,0x00,0x00,0x05,0x00,0x00,0x00,0x00,0x00
600000,0x126,false,Rx,0,8,0x00,0x00,0x0C,0x00,0x12,0x00,0x00,0x00
600000,0x127,false,Rx,0,8,0x00,0x00,0x0C,0x00,0x12,0x00,0x00,0x00
600000,0x128,false,Rx,0,8,0x00,0x00,0x0C,0x00,0x12,0x00,0x00,0x00
600000,0x129,false,Rx,0,8,0x00,0x00,0x0C,0x00,0x12,0x00,0x00,0x00
600000,0x132,false,Rx,0,8,0x00,0x1B,0x00,0x00,0x00,0x00,0x00,0x00
600000,0x133,false,Rx,0,8,0x00,0x08,0x00,0x00,0x00,0x00,0x00,0x00
700000,0x100,false,Rx,0,8,0x08,0x07,0x00,0x00,0x00,0x00,0x00,0x00
700000,0x111,false,Rx,0,8,0x00,0x44,0x00,0x00,0x00,0x00,0x00,0x00
700000,0x121,false,Rx,0,8,0x00,0x00,0x04,0x00,0x00,0x00,0x00,0x00
700000,0x126,false,Rx,0,8,0x00,0x00,0x0D,0x00,0x13,0x00,0x00,0x00
700000,0x127,false,Rx,0,8,0x00,0x00,0x0D,0x00,0x13,0x00,0x00,0x00
700000,0x128,false,Rx,0,8,0x00,0x00,0x0D,0x00,0x13,0x00,0x00,0x00
700000,0x129,false,Rx,0,8,0x00,0x00,0x0D,0x00,0x13,0x00,0x00,0x00
700000,0x132,false,Rx,0,8,0x00,0x1C,0x00,0x00,0x00,0x00,0x00,0x00
700000,0x133,false,Rx,0,8,0x00,0x09,0x00,0x00,0x00,0x00,0x00,0x00
800000,0x100,false,Rx,0,8,0x6C,0x07,0x00,0x00,0x00,0x00,0x00,0x00
800000,0x111,false,Rx,0,8,0x00,0x45,0x00,0x00,0x00,0x00,0x00,0x00
800000,0x121,false,Rx,0,8,0x00,0x00,0x03,0x00,0x00,0x00,0x00,0x00
800000,0x126,false,Rx,0,8,0x00,0x00,0x0E,0x00,0x14,0x00,0x00,0x00
800000,0x127,false,Rx,0,8,0x00,0x00,0x0E,0x00,0x14,0x00,0x00,0x00
800000,0x128,false,Rx,0,8,0x00,0x00,0x0E,0x00,0x14,0x00,0x00,0x00
800000,0x129,false,Rx,0,8,0x00,0x00,0x0E,0x00,0x14,0x00,0x00,0x00
800000,0x132,false,Rx,0,8,0x00,0x1D,0x00,0x00,0x00,0x00,0x00,0x00
800000,0x133,false,Rx,0,8,0x00,0x0A,0x00,0x00,0x00,0x00,0x00,0x00
900000,0x100,false,Rx,0,8,0xD0,0x07,0x00,0x00,0x00,0x00,0x00,0x00
900000,0x111,false,Rx,0,8,0x00,0x46,0x00,0x00,0x00,0x00,0x00,0x00
900000,0x121,false,Rx,0,8,0x00,0x00,0x02,0x00,0x00,0x00,0x00,0x00
900000,0x126,false,Rx,0,8,0x00,0x00,0x0F,0x00,0x15,0x00,0x00,0x00
900000,0x127,false,Rx,0,8,0x00,0x00,0x0F,0x00,0x15,0x00,0x00,0x00
900000,0x128,false,Rx,0,8,0x00,0x00,0x0F,0x00,0x15,0x00,0x00,0x00
900000,0x129,false,Rx,0,8,0x00,0x00,0x0F,0x00,0x15,0x00,0x00,0x00
900000,0x132,false,Rx,0,8,0x00,0x1E,0x00,0x00,0x00,0x00,0x00,0x00
900000,0x133,false,Rx,0,8,0x00,0x0B,0x00,0x00,0x00,0x00,0x00,0x00
1000000,0x100,false,Rx,0,8,0x34,0x08,0x00,0x00,0x00,0x00,0x00,0x00
1000000,0x111,false,Rx,0,8,0x00,0x47,0x00,0x00,0x00,0x00,0x00,0x00
1000000,0x121,false,Rx,0,8,0x00,0x00,0x01,0x00,0x00,0x00,0x00,0x00
1000000,0x126,false,Rx,0,8,0x00,0x00,0x10,0x00,0x16,0x00,0x00,0x00
1000000,0x127,false,Rx,0,8,0x00,0x00,0x10,0x00,0x16,0x00,0x00,0x00
1000000,0x128,false,Rx,0,8,0x00,0x00,0x10,0x00,0x16,0x00,0x00,0x00
1000000,0x129,false,Rx,0,8,0x00,0x00,0x10,0x00,0x16,0x00,0x00,0x00
1000000,0x132,false,Rx,0,8,0x00,0x1F,0x00,0x00,0x00,0x00,0x00,0x00
1000000,0x133,false,Rx,0,8,0x00,0x0C,0x00,0x00,0x00,0x00,0x00,0x00
1100000,0x100,false,Rx,0,8,0x98,0x08,0x00,0x00,0x00,0x00,0x00,0x00
1100000,0x111,false,Rx,0,8,0x00,0x48,0x00,0x00,0x00,0x00,0x00,0x00
1100000,0x121,false,Rx,0,8,0x00,0x00,0x00,0x00,0x00,0x00,0x00,0x00
1100000,0x126,false,Rx,0,8,0x00,0x00,0x11,0x00,0x15,0x00,0x00,0x00
1100000,0x127,false,Rx,0,8,0x00,0x00,0x11,0x00,0x15,0x00,0x00,0x00
1100000,0x128,false,Rx,0,8,0x00,0x00,0x11,0x00,0x15,0x00,0x00,0x00
1100000,0x129,false,Rx,0,8,0x00,0x00,0x11,0x00,0x15,0x00,0x00,0x00
1100000,0x132,false,Rx,0,8,0x00,0x20,0x00,0x00,0x00,0x00,0x00,0x00
1100000,0x133,false,Rx,0,8,0x00,0x0D,0x00,0x00,0x00,0x00,0x00,0x00
1200000,0x100,false,Rx,0,8,0xFC,0x08,0x00,0x00,0x00,0x00,0x00,0x00
1200000,0x111,false,Rx,0,8,0x00,0x49,0x00,0x00,0x00,0x00,0x00,0x00
1200000,0x121,false,Rx,0,8,0x00,0x00,0x01,0x00,0x00,0x00,0x00,0x00
1200000,0x126,false,Rx,0,8,0x00,0x00,0x12,0x00,0x14,0x00,0x00,0x00
1200000,0x127,false,Rx,0,8,0x00,0x00,0x12,0x00,0x14,0x00,0x00,0x00
1200000,0x128,false,Rx,0,8,0x00,0x00,0x12,0x00,0x14,0x00,0x00,0x00
1200000,0x129,false,Rx,0,8,0x00,0x00,0x12,0x00,0x14,0x00,0x00,0x00
1200000,0x132,false,Rx,0,8,0x00,0x21,0x00,0x00,0x00,0x00,0x00,0x00
1200000,0x133,false,Rx,0,8,0x00,0x0E,0x00,0x00,0x00,0x00,0x00,0x00
1300000,0x100,false,Rx,0,8,0x60,0x09,0x00,0x00,0x00,0x00,0x00,0x00
1300000,0x111,false,Rx,0,8,0x00,0x4A,0x00,0x00,0x00,0x00,0x00,0x00
1300000,0x121,false,Rx,0,8,0x00,0x00,0x02,0x00,0x00,0x00,0x00,0x00
1300000,0x126,false,Rx,0,8,0x00,0x00,0x13,0x00,0x13,0x00,0x00,0x00
1300000,0x127,false,Rx,0,8,0x00,0x00,0x13,0x00,0x13,0x00,0x00,0x00
1300000,0x128,false,Rx,0,8,0x00,0x00,0x13,0x00,0x13,0x00,0x00,0x00
1300000,0x129,false,Rx,0,8,0x00,0x00,0x13,0x00,0x13,0x00,0x00,0x00
1300000,0x132,false,Rx,0,8,0x00,0x22,0x00,0x00,0x00,0x00,0x00,0x00
1300000,0x133,false,Rx,0,8,0x00,0x0F,0x00,0x00,0x00,0x00,0x00,0x00
1400000,0x100,false,Rx,0,8,0xC4,0x09,0x00,0x00,0x00,0x00,0x00,0x00
1400000,0x111,false,Rx,0,8,0x00,0x4B,0x00,0x00,0x00,0x00,0x00,0x00
1400000,0x121,false,Rx,0,8,0x00,0x00,0x03,0x00,0x00,0x00,0x00,0x00
1400000,0x126,false,Rx,0,8,0x00,0x00,0x14,0x00,0x12,0x00,0x00,0x00
1400000,0x127,false,Rx,0,8,0x00,0x00,0x14,0x00,0x12,0x00,0x00,0x00
1400000,0x128,false,Rx,0,8,0x00,0x00,0x14,0x00,0x12,0x00,0x00,0x00
1400000,0x129,false,Rx,0,8,0x00,0x00,0x14,0x00,0x12,0x00,0x00,0x00
1400000,0x132,false,Rx,0,8,0x00,0x23,0x00,0x00,0x00,0x00,0x00,0x00
1400000,0x133,false,Rx,0,8,0x00,0x10,0x00,0x00,0x00,0x00,0x00,0x00
1500000,0x100,false,Rx,0,8,0x28,0x0A,0x00,0x00,0x00,0x00,0x00,0x00
1500000,0x111,false,Rx,0,8,0x00,0x4C,0x00,0x00,0x00,0x00,0x00,0x00
1500000,0x121,false,Rx,0,8,0x00,0x00,0x04,0x00,0x00,0x00,0x00,0x00
1500000,0x126,false,Rx,0,8,0x00,0x00,0x15,0x00,0x11,0x00,0x00,0x00
1500000,0x127,false,Rx,0,8,0x00,0x00,0x15,0x00,0x11,0x00,0x00,0x00
1500000,0x128,false,Rx,0,8,0x00,0x00,0x15,0x00,0x11,0x00,0x00,0x00
1500000,0x129,false,Rx,0,8,0x00,0x00,0x15,0x00,0x11,0x00,0x00,0x00
1500000,0x132,false,Rx,0,8,0x00,0x24,0x00,0x00,0x00,0x00,0x00,0x00
1500000,0x133,false,Rx,0,8,0x00,0x11,0x00,0x00,0x00,0x00,0x00,0x00
1600000,0x100,false,Rx,0,8,0x8C,0x0A,0x00,0x00,0x00,0x00,0x00,0x00
1600000,0x111,false,Rx,0,8,0x00,0x4D,0x00,0x00,0x00,0x00,0x00,0x00
1600000,0x121,false,Rx,0,8,0x00,0x00,0x05,0x00,0x00,0x00,0x00,0x00
1600000,0x126,false,Rx,0,8,0x00,0x00,0x16,0x00,0x10,0x00,0x00,0x00
1600000,0x127,false,Rx,0,8,0x00,0x00,0x16,0x00,0x10,0x00,0x00,0x00
1600000,0x128,false,Rx,0,8,0x00,0x00,0x16,0x00,0x10,0x00,0x00,0x00
1600000,0x129,false,Rx,0,8,0x00,0x00,0x16,0x00,0x10,0x00,0x00,0x00
1600000,0x132,false,Rx,0,8,0x00,0x25,0x00,0x00,0x00,0x00,0x00,0x00
1600000,0x133,false,Rx,0,8,0x00,0x12,0x00,0x00,0x00,0x00,0x00,0x00
1700000,0x100,false,Rx,0,8,0xF0,0x0A,0x00,0x00,0x00,0x00,0x00,0x00
1700000,0x111,false,Rx,0,8,0x00,0x4E,0x00,0x00,0x00,0x00,0x00,0x00
1700000,0x121,false,Rx,0,8,0x00,0x00,0x06,0x00,0x00,0x00,0x00,0x00
1700000,0x126,false,Rx,0,8,0x00,0x00,0x17,0x00,0x0F,0x00,0x00,0x00
1700000,0x127,false,Rx,0,8,0x00,0x00,0x17,0x00,0x0F,0x00,0x00,0x00
1700000,0x128,false,Rx,0,8,0x00,0x00,0x17,0x00,0x0F,0x00,0x00,0x00
1700000,0x129,false,Rx,0,8,0x00,0x00,0x17,0x00,0x0F,0x00,0x00,0x00
1700000,0x132,false,Rx,0,8,0x00,0x26,0x00,0x00,0x00,0x00,0x00,0x00
1700000,0x133,false,Rx,0,8,0x00,0x13,0x00,0x00,0x00,0x00,0x00,0x00
1800000,0x100,false,Rx,0,8,0x54,0x0B,0x00,0x00,0x00,0x00,0x00,0x00
1800000,0x111,false,Rx,0,8,0x00,0x4F,0x00,0x00,0x00,0x00,0x00,0x00
1800000,0x121,false,Rx,0,8,0x00,0x00,0x05,0x00,0x00,0x00,0x00,0x00
1800000,0x126,false,Rx,0,8,0x00,0x00,0x18,0x00,0x0E,0x00,0x00,0x00
1800000,0x127,false,Rx,0,8,0x00,0x00,0x18,0x00,0x0E,0x00,0x00,0x00
1800000,0x128,false,Rx,0,8,0x00,0x00,0x18,0x00,0x0E,0x00,0x00,0x00
1800000,0x129,false,Rx,0,8,0x00,0x00,0x18,0x00,0x0E,0x00,0x00,0x00
1800000,0x132,false,Rx,0,8,0x00,0x27,0x00,0x00,0x00,0x00,0x00,0x00
1800000,0x133,false,Rx,0,8,0x00,0x14,0x00,0x00,0x00,0x00,0x00,0x00
1900000,0x100,false,Rx,0,8,0xB8,0x0B,0x00,0x00,0x00,0x00,0x00,0x00
1900000,0x111,false,Rx,0,8,0x00,0x50,0x00,0x00,0x00,0x00,0x00,0x00
1900000,0x121,false,Rx,0,8,0x00,0x00,0x04,0x00,0x00,0x00,0x00,0x00
1900000,0x126,false,Rx,0,8,0x00,0x00,0x19,0x00,0x0D,0x00,0x00,0x00
1900000,0x127,false,Rx,0,8,0x00,0x00,0x19,0x00,0x0D,0x00,0x00,0x00
1900000,0x128,false,Rx,0,8,0x00,0x00,0x19,0x00,0x0D,0x00,0x00,0x00
1900000,0x129,false,Rx,0,8,0x00,0x00,0x19,0x00,0x0D,0x00,0x00,0x00
1900000,0x132,false,Rx,0,8,0x00,0x28,0x00,0x00,0x00,0x00,0x00,0x00
1900000,0x133,false,Rx,0,8,0x00,0x15,0x00,0x00,0x00,0x00,0x00,0x00
2000000,0x100,false,Rx,0,8,0x1C,0x0C,0x00,0x00,0x00,0x00,0x00,0x00
2000000,0x111,false,Rx,0,8,0x00,0x51,0x00,0x00,0x00,0x00,0x00,0x00
2000000,0x121,false,Rx,0,8,0x00,0x00,0x03,0x00,0x00,0x00,0x00,0x00
2000000,0x126,false,Rx,0,8,0x00,0x00,0x1A,0x00,0x0C,0x00,0x00,0x00
2000000,0x127,false,Rx,0,8,0x00,0x00,0x1A,0x00,0x0C,0x00,0x00,0x00
2000000,0x128,false,Rx,0,8,0x00,0x00,0x1A,0x00,0x0C,0x00,0x00,0x00
2000000,0x129,false,Rx,0,8,0x00,0x00,0x1A,0x00,0x0C,0x00,0x00,0x00
2000000,0x132,false,Rx,0,8,0x00,0x29,0x00,0x00,0x00,0x00,0x00,0x00
2000000,0x133,false,Rx,0,8,0x00,0x16,0x00,0x00,0x00,0x00,0x00,0x00
2100000,0x100,false,Rx,0,8,0x80,0x0C,0x00,0x00,0x00,0x00,0x00,0x00
2100000,0x111,false,Rx,0,8,0x00,0x52,0x00,0x00,0x00,0x00,0x00,0x00
2100000,0x121,false,Rx,0,8,0x00,0x00,0x02,0x00,0x00,0x00,0x00,0x00
2100000,0x126,false,Rx,0,8,0x00,0x00,0x1B,0x00,0x0B,0x00,0x00,0x00
2100000,0x127,false,Rx,0,8,0x00,0x00,0x1B,0x00,0x0B,0x00,0x00,0x00
2100000,0x128,false,Rx,0,8,0x00,0x00,0x1B,0x00,0x0B,0x00,0x00,0x00
2100000,0x129,false,Rx,0,8,0x00,0x00,0x1B,0x00,0x0B,0x00,0x00,0x00
2100000,0x132,false,Rx,0,8,0x00,0x2A,0x00,0x00,0x00,0x00,0x00,0x00
2100000,0x133,false,Rx,0,8,0x00,0x17,0x00,0x00,0x00,0x00,0x00,0x00
2200000,0x100,false,Rx,0,8,0xE4,0x0C,0x00,0x00,0x00,0x00,0x00,0x00
2200000,0x111,false,Rx,0,8,0x00,0x53,0x00,0x00,0x00,0x00,0x00,0x00
2200000,0x121,false,Rx,0,8,0x00,0x00,0x01,0x00,0x00,0x00,0x00,0x00
2200000,0x126,false,Rx,0,8,0x00,0x00,0x1C,0x00,0x0C,0x00,0x00,0x00
2200000,0x127,false,Rx,0,8,0x00,0x00,0x1C,0x00,0x0C,0x00,0x00,0x00
2200000,0x128,false,Rx,0,8,0x00,0x00,0x1C,0x00,0x0C,0x00,0x00,0x00
2200000,0x129,false,Rx,0,8,0x00,0x00,0x1C,0x00,0x0C,0x00,0x00,0x00
2200000,0x132,false,Rx,0,8,0x00,0x2B,0x00,0x00,0x00,0x00,0x00,0x00
2200000,0x133,false,Rx,0,8,0x00,0x18,0x00,0x00,0x00,0x00,0x00,0x00
2300000,0x100,false,Rx,0,8,0x48,0x0D,0x00,0x00,0x00,0x00,0x00,0x00
2300000,0x111,false,Rx,0,8,0x00,0x54,0x00,0x00,0x00,0x00,0x00,0x00
2300000,0x121,false,Rx,0,8,0x00,0x00,0x00,0x00,0x00,0x00,0x00,0x00
2300000,0x126,false,Rx,0,8,0x00,0x00,0x1D,0x00,0x0D,0x00,0x00,0x00
2300000,0x127,false,Rx,0,8,0x00,0x00,0x1D,0x00,0x0D,0x00,0x00,0x00
2300000,0x128,false,Rx,0,8,0x00,0x00,0x1D,0x00,0x0D,0x00,0x00,0x00
2300000,0x129,false,Rx,0,8,0x00,0x00,0x1D,0x00,0x0D,0x00,0x00,0x00
2300000,0x132,false,Rx,0,8,0x00,0x2C,0x00,0x00,0x00,0x00,0x00,0x00
2300000,0x133,false,Rx,0,8,0x00,0x19,0x00,0x00,0x00,0x00,0x00,0x00
2400000,0x100,false,Rx,0,8,0xAC,0x0D,0x00,0x00,0x00,0x00,0x00,0x00
2400000,0x111,false,Rx,0,8,0x00,0x55,0x00,0x00,0x00,0x00,0x00,0x00
2400000,0x121,false,Rx,0,8,0x00,0x00,0x01,0x00,0x00,0x00,0x00,0x00
2400000,0x126,false,Rx,0,8,0x00,0x00,0x1E,0x00,0x0E,0x00,0x00,0x00
2400000,0x127,false,Rx,0,8,0x00,0x00,0x1E,0x00,0x0E,0x00,0x00,0x00
2400000,0x128,false,Rx,0,8,0x00,0x00,0x1E,0x00,0x0E,0x00,0x00,0x00
2400000,0x129,false,Rx,0,8,0x00,0x00,0x1E,0x00,0x0E,0x00,0x00,0x00
2400000,0x132,false,Rx,0,8,0x00,0x2D,0x00,0x00,0x00,0x00,0x00,0x00
2400000,0x133,false,Rx,0,8,0x00,0x1A,0x00,0x00,0x00,0x00,0x00,0x00
2500000,0x100,false,Rx,0,8,0x10,0x0E,0x00,0x00,0x00,0x00,0x00,0x00
2500000,0x111,false,Rx,0,8,0x00,0x56,0x00,0x00,0x00,0x00,0x00,0x00
2500000,0x121,false,Rx,0,8,0x00,0x00,0x02,0x00,0x00,0x00,0x00,0x00
2500000,0x126,false,Rx,0,8,0x00,0x00,0x1F,0x00,0x0F,0x00,0x00,0x00
2500000,0x127,false,Rx,0,8,0x00,0x00,0x1F,0x00,0x0F,0x00,0x00,0x00
2500000,0x128,false,Rx,0,8,0x00,0x00,0x1F,0x00,0x0F,0x00,0x00,0x00
2500000,0x129,false,Rx,0,8,0x00,0x00,0x1F,0x00,0x0F,0x00,0x00,0x00
2500000,0x132,false,Rx,0,8,0x00,0x2E,0x00,0x00,0x00,0x00,0x00,0x00
2500000,0x133,false,Rx,0,8,0x00,0x1B,0x00,0x00,0x00,0x00,0x00,0x00
2600000,0x100,false,Rx,0,8,0x74,0x0E,0x00,0x00,0x00,0x00,0x00,0x00
2600000,0x111,false,Rx,0,8,0x00,0x57,0x00,0x00,0x00,0x00,0x00,0x00
2600000,0x121,false,Rx,0,8,0x00,0x00,0x03,0x00,0x00,0x00,0x00,0x00
2600000,0x126,false,Rx,0,8,0x00,0x00,0x20,0x00,0x10,0x00,0x00,0x00
2600000,0x127,false,Rx,0,8,0x00,0x00,0x20,0x00,0x10,0x00,0x00,0x00
2600000,0x128,false,Rx,0,8,0x00,0x00,0x20,0x00,0x10,0x00,0x00,0x00
2600000,0x129,false,Rx,0,8,0x00,0x00,0x20,0x00,0x10,0x00,0x00,0x00
2600000,0x132,false,Rx,0,8,0x00,0x2F,0x00,0x00,0x00,0x00,0x00,0x00
2600000,0x133,false,Rx,0,8,0x00,0x1C,0x00,0x00,0x00,0x00,0x00,0x00
2700000,0x100,false,Rx,0,8,0xD8,0x0E,0x00,0x00,0x00,0x00,0x00,0x00
2700000,0x111,false,Rx,0,8,0x00,0x58,0x00,0x00,0x00,0x00,0x00,0x00
2700000,0x121,false,Rx,0,8,0x00,0x00,0x04,0x00,0x00,0x00,0x00,0x00
2700000,0x126,false,Rx,0,8,0x00,0x00,0x21,0x00,0x11,0x00,0x00,0x00
2700000,0x127,false,Rx,0,8,0x00,0x00,0x21,0x00,0x11,0x00,0x00,0x00
2700000,0x128,false,Rx,0,8,0x00,0x00,0x21,0x00,0x11,0x00,0x00,0x00
2700000,0x129,false,Rx,0,8,0x00,0x00,0x21,0x00,0x11,0x00,0x00,0x00
2700000,0x132,false,Rx,0,8,0x00,0x30,0x00,0x00,0x00,0x00,0x00,0x00
2700000,0x133,false,Rx,0,8,0x00,0x1D,0x00,0x00,0x00,0x00,0x00,0x00
2800000,0x100,false,Rx,0,8,0x3C,0x0F,0x00,0x00,0x00,0x00,0x00,0x00
2800000,0x111,false,Rx,0,8,0x00,0x59,0x00,0x00,0x00,0x00,0x00,0x00
2800000,0x121,false,Rx,0,8,0x00,0x00,0x05,0x00,0x00,0x00,0x00,0x00
2800000,0x126,false,Rx,0,8,0x00,0x00,0x22,0x00,0x12,0x00,0x00,0x00
2800000,0x127,false,Rx,0,8,0x00,0x00,0x22,0x00,0x12,0x00,0x00,0x00
2800000,0x128,false,Rx,0,8,0x00,0x00,0x22,0x00,0x12,0x00,0x00,0x00
2800000,0x129,false,Rx,0,8,0x00,0x00,0x22,0x00,0x12,0x00,0x00,0x00
2800000,0x132,false,Rx,0,8,0x00,0x31,0x00,0x00,0x00,0x00,0x00,0x00
2800000,0x133,false,Rx,0,8,0x00,0x1E,0x00,0x00,0x00,0x00,0x00,0x00
2900000,0x100,false,Rx,0,8,0xA0,0x0F,0x00,0x00,0x00,0x00,0x00,0x00
2900000,0x111,false,Rx,0,8,0x00,0x5A,0x00,0x00,0x00,0x00,0x00,0x00
2900000,0x121,false,Rx,0,8,0x00,0x00,0x06,0x00,0x00,0x00,0x00,0x00
2900000,0x126,false,Rx,0,8,0x00,0x00,0x23,0x00,0x13,0x00,0x00,0x00
2900000,0x127,false,Rx,0,8,0x00,0x00,0x23,0x00,0x13,0x00,0x00,0x00
2900000,0x128,false,Rx,0,8,0x00,0x00,0x23,0x00,0x13,0x00,0x00,0x00
2900000,0x129,false,Rx,0,8,0x00,0x00,0x23,0x00,0x13,0x00,0x00,0x00
2900000,0x132,false,Rx,0,8,0x00,0x32,0x00,0x00,0x00,0x00,0x00,0x00
2900000,0x133,false,Rx,0,8,0x00,0x1F,0x00,0x00,0x00,0x00,0x00,0x00
3000000,0x100,false,Rx,0,8,0x04,0x10,0x00,0x00,0x00,0x00,0x00,0x00
3000000,0x111,false,Rx,0,8,0x00,0x5B,0x00,0x00,0x00,0x00,0x00,0x00
3000000,0x121,false,Rx,0,8,0x00,0x00,0x05,0x00,0x00,0x00,0x00,0x00
3000000,0x126,false,Rx,0,8,0x00,0x00,0x22,0x00,0x14,0x00,0x00,0x00
3000000,0x127,false,Rx,0,8,0x00,0x00,0x22,0x00,0x14,0x00,0x00,0x00
3000000,0x128,false,Rx,0,8,0x00,0x00,0x22,0x00,0x14,0x00,0x00,0x00
3000000,0x129,false,Rx,0,8,0x00,0x00,0x22,0x00,0x14,0x00,0x00,0x00
3000000,0x132,false,Rx,0,8,0x00,0x33,0x00,0x00,0x00,0x00,0x00,0x00
3000000,0x133,false,Rx,0,8,0x00,0x20,0x00,0x00,0x00,0x00,0x00,0x00
3100000,0x100,false,Rx,0,8,0x68,0x10,0x00,0x00,0x00,0x00,0x00,0x00
3100000,0x111,false,Rx,0,8,0x00,0x5C,0x00,0x00,0x00,0x00,0x00,0x00
3100000,0x121,false,Rx,0,8,0x00,0x00,0x04,0x00,0x00,0x00,0x00,0x00
3100000,0x126,false,Rx,0,8,0x00,0x00,0x21,0x00,0x15,0x00,0x00,0x00
3100000,0x127,false,Rx,0,8,0x00,0x00,0x21,0x00,0x15,0x00,0x00,0x00
3100000,0x128,false,Rx,0,8,0x00,0x00,0x21,0x00,0x15,0x00,0x00,0x00
3100000,0x129,false,Rx,0,8,0x00,0x00,0x21,0x00,0x15,0x00,0x00,0x00
3100000,0x132,false,Rx,0,8,0x00,0x34,0x00,0x00,0x00,0x00,0x00,0x00
3100000,0x133,false,Rx,0,8,0x00,0x21,0x00,0x00,0x00,0x00,0x00,0x00
3200000,0x100,false,Rx,0,8,0xCC,0x10,0x00,0x00,0x00,0x00,0x00,0x00
3200000,0x111,false,Rx,0,8,0x00,0x5D,0x00,0x00,0x00,0x00,0x00,0x00
3200000,0x121,false,Rx,0,8,0x00,0x00,0x03,0x00,0x00,0x00,0x00,0x00
3200000,0x126,false,Rx,0,8,0x00,0x00,0x20,0x00,0x16,0x00,0x00,0x00
3200000,0x127,false,Rx,0,8,0x00,0x00,0x20,0x00,0x16,0x00,0x00,0x00
3200000,0x128,false,Rx,0,8,0x00,0x00,0x20,0x00,0x16,0x00,0x00,0x00
3200000,0x129,false,Rx,0,8,0x00,0x00,0x20,0x00,0x16,0x00,0x00,0x00
3200000,0x132,false,Rx,0,8,0x00,0x35,0x00,0x00,0x00,0x00,0x00,0x00
3200000,0x133,false,Rx,0,8,0x00,0x22,0x00,0x00,0x00,0x00,0x00,0x00
3300000,0x100,false,Rx,0,8,0x30,0x11,0x00,0x00,0x00,0x00,0x00,0x00
3300000,0x111,false,Rx,0,8,0x00,0x5E,0x00,0x00,0x00,0x00,0x00,0x00
3300000,0x121,false,Rx,0,8,0x00,0x00,0x02,0x00,0x00,0x00,0x00,0x00
3300000,0x126,false,Rx,0,8,0x00,0x00,0x1F,0x00,0x15,0x00,0x00,0x00
3300000,0x127,false,Rx,0,8,0x00,0x00,0x1F,0x00,0x15,0x00,0x00,0x00
3300000,0x128,false,Rx,0,8,0x00,0x00,0x1F,0x00,0x15,0x00,0x00,0x00
3300000,0x129,false,Rx,0,8,0x00,0x00,0x1F,0x00,0x15,0x00,0x00,0x00
3300000,0x132,false,Rx,0,8,0x00,0x36,0x00,0x00,0x00,0x00,0x00,0x00
3300000,0x133,false,Rx,0,8,0x00,0x23,0x00,0x00,0x00,0x00,0x00,0x00
3400000,0x100,false,Rx,0,8,0x94,0x11,0x00,0x00,0x00,0x00,0x00,0x00
3400000,0x111,false,Rx,0,8,0x00,0x5F,0x00,0x00,0x00,0x00,0x00,0x00
3400000,0x121,false,Rx,0,8,0x00,0x00,0x01,0x00,0x00,0x00,0x00,0x00
3400000,0x126,false,Rx,0,8,0x00,0x00,0x1E,0x00,0x14,0x00,0x00,0x00
3400000,0x127,false,Rx,0,8,0x00,0x00,0x1E,0x00,0x14,0x00,0x00,0x00
3400000,0x128,false,Rx,0,8,0x00,0x00,0x1E,0x00,0x14,0x00,0x00,0x00
3400000,0x129,false,Rx,0,8,0x00,0x00,0x1E,0x00,0x14,0x00,0x00,0x00
3400000,0x132,false,Rx,0,8,0x00,0x37,0x00,0x00,0x00,0x00,0x00,0x00
3400000,0x133,false,Rx,0,8,0x00,0x24,0x00,0x00,0x00,0x00,0x00,0x00
3500000,0x100,false,Rx,0,8,0xF8,0x11,0x00,0x00,0x00,0x00,0x00,0x00
3500000,0x111,false,Rx,0,8,0x00,0x60,0x00,0x00,0x00,0x00,0x00,0x00
3500000,0x121,false,Rx,0,8,0x00,0x00,0x00,0x00,0x00,0x00,0x00,0x00
3500000,0x126,false,Rx,0,8,0x00,0x00,0x1D,0x00,0x13,0x00,0x00,0x00
3500000,0x127,false,Rx,0,8,0x00,0x00,0x1D,0x00,0x13,0x00,0x00,0x00
3500000,0x128,false,Rx,0,8,0x00,0x00,0x1D,0x00,0x13,0x00,0x00,0x00
3500000,0x129,false,Rx,0,8,0x00,0x00,0x1D,0x00,0x13,0x00,0x00,0x00
3500000,0x132,false,Rx,0,8,0x00,0x38,0x00,0x00,0x00,0x00,0x00,0x00
3500000,0x133,false,Rx,0,8,0x00,0x25,0x00,0x00,0x00,0x00,0x00,0x00
3600000,0x100,false,Rx,0,8,0x5C,0x12,0x00,0x00,0x00,0x00,0x00,0x00
3600000,0x111,false,Rx,0,8,0x00,0x61,0x00,0x00,0x00,0x00,0x00,0x00
3600000,0x121,false,Rx,0,8,0x00,0x00,0x01,0x00,0x00,0x00,0x00,0x00
3600000,0x126,false,Rx,0,8,0x00,0x00,0x1C,0x00,0x12,0x00,0x00,0x00
3600000,0x127,false,Rx,0,8,0x00,0x00,0x1C,0x00,0x12,0x00,0x00,0x00
3600000,0x128,false,Rx,0,8,0x00,0x00,0x1C,0x00,0x12,0x00,0x00,0x00
3600000,0x129,false,Rx,0,8,0x00,0x00,0x1C,0x00,0x12,0x00,0x00,0x00
3600000,0x132,false,Rx,0,8,0x00,0x39,0x00,0x00,0x00,0x00,0x00,0x00
3600000,0x133,false,Rx,0,8,0x00,0x26,0x00,0x00,0x00,0x00,0x00,0x00
3700000,0x100,false,Rx,0,8,0xC0,0x12,0x00,0x00,0x00,0x00,0x00,0x00
3700000,0x111,false,Rx,0,8,0x00,0x62,0x00,0x00,0x00,0x00,0x00,0x00
3700000,0x121,false,Rx,0,8,0x00,0x00,0x02,0x00,0x00,0x00,0x00,0x00
3700000,0x126,false,Rx,0,8,0x00,0x00,0x1B,0x00,0x11,0x00,0x00,0x00
3700000,0x127,false,Rx,0,8,0x00,0x00,0x1B,0x00,0x11,0x00,0x00,0x00
3700000,0x128,false,Rx,0,8,0x00,0x00,0x1B,0x00,0x11,0x00,0x00,0x00
3700000,0x129,false,Rx,0,8,0x00,0x00,0x1B,0x00,0x11,0x00,0x00,0x00
3700000,0x132,false,Rx,0,8,0x00,0x3A,0x00,0x00,0x00,0x00,0x00,0x00
3700000,0x133,false,Rx,0,8,0x00,0x27,0x00,0x00,0x00,0x00,0x00,0x00
3800000,0x100,false,Rx,0,8,0x24,0x13,0x00,0x00,0x00,0x00,0x00,0x00
3800000,0x111,false,Rx,0,8,0x00,0x63,0x00,0x00,0x00,0x00,0x00,0x00
3800000,0x121,false,Rx,0,8,0x00,0x00,0x03,0x00,0x00,0x00,0x00,0x00
3800000,0x126,false,Rx,0,8,0x00,0x00,0x1A,0x00,0x10,0x00,0x00,0x00
3800000,0x127,false,Rx,0,8,0x00,0x00,0x1A,0x00,0x10,0x00,0x00,0x00
3800000,0x128,false,Rx,0,8,0x00,0x00,0x1A,0x00,0x10,0x00,0x00,0x00
3800000,0x129,false,Rx,0,8,0x00,0x00,0x1A,0x00,0x10,0x00,0x00,0x00
3800000,0x132,false,Rx,0,8,0x00,0x3B,0x00,0x00,0x00,0x00,0x00,0x00
3800000,0x133,false,Rx,0,8,0x00,0x28,0x00,0x00,0x00,0x00,0x00,0x00
3900000,0x100,false,Rx,0,8,0x88,0x13,0x00,0x00,0x00,0x00,0x00,0x00
3900000,0x111,false,Rx,0,8,0x00,0x64,0x00,0x00,0x00,0x00,0x00,0x00
3900000,0x121,false,Rx,0,8,0x00,0x00,0x04,0x00,0x00,0x00,0x00,0x00
3900000,0x126,false,Rx,0,8,0x00,0x00,0x19,0x00,0x0F,0x00,0x00,0x00
3900000,0x127,false,Rx,0,8,0x00,0x00,0x19,0x00,0x0F,0x00,0x00,0x00
3900000,0x128,false,Rx,0,8,0x00,0x00,0x19,0x00,0x0F,0x00,0x00,0x00
3900000,0x129,false,Rx,0,8,0x00,0x00,0x19,0x00,0x0F,0x00,0x00,0x00
3900000,0x132,false,Rx,0,8,0x00,0x3C,0x00,0x00,0x00,0x00,0x00,0x00
3900000,0x133,false,Rx,0,8,0x00,0x29,0x00,0x00,0x00,0x00,0x00,0x00
4000000,0x100,false,Rx,0,8,0xEC,0x13,0x00,0x00,0x00,0x00,0x00,0x00
4000000,0x111,false,Rx,0,8,0x00,0x65,0x00,0x00,0x00,0x00,0x00,0x00
4000000,0x121,false,Rx,0,8,0x00,0x00,0x05,0x00,0x00,0x00,0x00,0x00
4000000,0x126,false,Rx,0,8,0x00,0x00,0x18,0x00,0x0E,0x00,0x00,0x00
4000000,0x127,false,Rx,0,8,0x00,0x00,0x18,0x00,0x0E,0x00,0x00,0x00
4000000,0x128,false,Rx,0,8,0x00,0x00,0x18,0x00,0x0E,0x00,0x00,0x00
4000000,0x129,false,Rx,0,8,0x00,0x00,0x18,0x00,0x0E,0x00,0x00,0x00
4000000,0x132,false,Rx,0,8,0x00,0x3D,0x00,0x00,0x00,0x00,0x00,0x00
4000000,0x133,false,Rx,0,8,0x00,0x2A,0x00,0x00,0x00,0x00,0x00,0x00
4100000,0x100,false,Rx,0,8,0x50,0x14,0x00,0x00,0x00,0x00,0x00,0x00
4100000,0x111,false,Rx,0,8,0x00,0x66,0x00,0x00,0x00,0x00,0x00,0x00
4100000,0x121,false,Rx,0,8,0x00,0x00,0x06,0x00,0x00,0x00,0x00,0x00
4100000,0x126,false,Rx,0,8,0x00,0x00,0x17,0x00,0x0D,0x00,0x00,0x00
4100000,0x127,false,Rx,0,8,0x00,0x00,0x17,0x00,0x0D,0x00,0x00,0x00
4100000,0x128,false,Rx,0,8,0x00,0x00,0x17,0x00,0x0D,0x00,0x00,0x00
4100000,0x129,false,Rx,0,8,0x00,0x00,0x17,0x00,0x0D,0x00,0x00,0x00
4100000,0x132,false,Rx,0,8,0x00,0x3E,0x00,0x00,0x00,0x00,0x00,0x00
4100000,0x133,false,Rx,0,8,0x00,0x2B,0x00,0x00,0x00,0x00,0x00,0x00
4200000,0x100,false,Rx,0,8,0xB4,0x14,0x00,0x00,0x00,0x00,0x00,0x00
4200000,0x111,false,Rx,0,8,0x00,0x67,0x00,0x00,0x00,0x00,0x00,0x00
4200000,0x121,false,Rx,0,8,0x00,0x00,0x05,0x00,0x00,0x00,0x00,0x00
4200000,0x126,false,Rx,0,8,0x00,0x00,0x16,0x00,0x0C,0x00,0x00,0x00
4200000,0x127,false,Rx,0,8,0x00,0x00,0x16,0x00,0x0C,0x00,0x00,0x00
4200000,0x128,false,Rx,0,8,0x00,0x00,0x16,0x00,0x0C,0x00,0x00,0x00
4200000,0x129,false,Rx,0,8,0x00,0x00,0x16,0x00,0x0C,0x00,0x00,0x00
4200000,0x132,false,Rx,0,8,0x00,0x3F,0x00,0x00,0x00,0x00,0x00,0x00
4200000,0x133,false,Rx,0,8,0x00,0x2C,0x00,0x00,0x00,0x00,0x00,0x00
4300000,0x100,false,Rx,0,8,0x18,0x15,0x00,0x00,0x00,0x00,0x00,0x00
4300000,0x111,false,Rx,0,8,0x00,0x68,0x00,0x00,0x00,0x00,0x00,0x00
4300000,0x121,false,Rx,0,8,0x00,0x00,0x04,0x00,0x00,0x00,0x00,0x00
4300000,0x126,false,Rx,0,8,0x00,0x00,0x15,0x00,0x0B,0x00,0x00,0x00
4300000,0x127,false,Rx,0,8,0x00,0x00,0x15,0x00,0x0B,0x00,0x00,0x00
4300000,0x128,false,Rx,0,8,0x00,0x00,0x15,0x00,0x0B,0x00,0x00,0x00
4300000,0x129,false,Rx,0,8,0x00,0x00,0x15,0x00,0x0B,0x00,0x00,0x00
4300000,0x132,false,Rx,0,8,0x00,0x40,0x00,0x00,0x00,0x00,0x00,0x00
4300000,0x133,false,Rx,0,8,0x00,0x2D,0x00,0x00,0x00,0x00,0x00,0x00
4400000,0x100,false,Rx,0,8,0x7C,0x15,0x00,0x00,0x00,0x00,0x00,0x00
4400000,0x111,false,Rx,0,8,0x00,0x69,0x00,0x00,0x00,0x00,0x00,0x00
4400000,0x121,false,Rx,0,8,0x00,0x00,0x03,0x00,0x00,0x00,0x00,0x00
4400000,0x126,false,Rx,0,8,0x00,0x00,0x14,0x00,0x0C,0x00,0x00,0x00
4400000,0x127,false,Rx,0,8,0x00,0x00,0x14,0x00,0x0C,0x00,0x00,0x00
4400000,0x128,false,Rx,0,8,0x00,0x00,0x14,0x00,0x0C,0x00,0x00,0x00
4400000,0x129,false,Rx,0,8,0x00,0x00,0x14,0x00,0x0C,0x00,0x00,0x00
4400000,0x132,false,Rx,0,8,0x00,0x41,0x00,0x00,0x00,0x00,0x00,0x00
4400000,0x133,false,Rx,0,8,0x00,0x2E,0x00,0x00,0x00,0x00,0x00,0x00
4500000,0x100,false,Rx,0,8,0xE0,0x15,0x00,0x00,0x00,0x00,0x00,0x00
4500000,0x111,false,Rx,0,8,0x00,0x6A,0x00,0x00,0x00,0x00,0x00,0x00
4500000,0x121,false,Rx,0,8,0x00,0x00,0x02,0x00,0x00,0x00,0x00,0x00
4500000,0x126,false,Rx,0,8,0x00,0x00,0x13,0x00,0x0D,0x00,0x00,0x00
4500000,0x127,false,Rx,0,8,0x00,0x00,0x13,0x00,0x0D,0x00,0x00,0x00
4500000,0x128,false,Rx,0,8,0x00,0x00,0x13,0x00,0x0D,0x00,0x00,0x00
4500000,0x129,false,Rx,0,8,0x00,0x00,0x13,0x00,0x0D,0x00,0x00,0x00
4500000,0x132,false,Rx,0,8,0x00,0x42,0x00,0x00,0x00,0x00,0x00,0x00
4500000,0x133,false,Rx,0,8,0x00,0x2F,0x00,0x00,0x00,0x00,0x00,0x00
4600000,0x100,false,Rx,0,8,0x44,0x16,0x00,0x00,0x00,0x00,0x00,0x00
4600000,0x111,false,Rx,0,8,0x00,0x6B,0x00,0x00,0x00,0x00,0x00,0x00
4600000,0x121,false,Rx,0,8,0x00,0x00,0x01,0x00,0x00,0x00,0x00,0x00
4600000,0x126,false,Rx,0,8,0x00,0x00,0x12,0x00,0x0E,0x00,0x00,0x00
4600000,0x127,false,Rx,0,8,0x00,0x00,0x12,0x00,0x0E,0x00,0x00,0x00
4600000,0x128,false,Rx,0,8,0x00,0x00,0x12,0x00,0x0E,0x00,0x00,0x00
4600000,0x129,false,Rx,0,8,0x00,0x00,0x12,0x00,0x0E,0x00,0x00,0x00
4600000,0x132,false,Rx,0,8,0x00,0x43,0x00,0x00,0x00,0x00,0x00,0x00
4600000,0x133,false,Rx,0,8,0x00,0x30,0x00,0x00,0x00,0x00,0x00,0x00
4700000,0x100,false,Rx,0,8,0xA8,0x16,0x00,0x00,0x00,0x00,0x00,0x00
4700000,0x111,false,Rx,0,8,0x00,0x6C,0x00,0x00,0x00,0x00,0x00,0x00
4700000,0x121,false,Rx,0,8,0x00,0x00,0x00,0x00,0x00,0x00,0x00,0x00
4700000,0x126,false,Rx,0,8,0x00,0x00,0x11,0x00,0x0F,0x00,0x00,0x00
4700000,0x127,false,Rx,0,8,0x00,0x00,0x11,0x00,0x0F,0x00,0x00,0x00
4700000,0x128,false,Rx,0,8,0x00,0x00,0x11,0x00,0x0F,0x00,0x00,0x00
4700000,0x129,false,Rx,0,8,0x00,0x00,0x11,0x00,0x0F,0x00,0x00,0x00
4700000,0x132,false,Rx,0,8,0x00,0x44,0x00,0x00,0x00,0x00,0x00,0x00
4700000,0x133,false,Rx,0,8,0x00,0x31,0x00,0x00,0x00,0x00,0x00,0x00
4800000,0x100,false,Rx,0,8,0x0C,0x17,0x00,0x00,0x00,0x00,0x00,0x00
4800000,0x111,false,Rx,0,8,0x00,0x6D,0x00,0x00,0x00,0x00,0x00,0x00
4800000,0x121,false,Rx,0,8,0x00,0x00,0x01,0x00,0x00,0x00,0x00,0x00
4800000,0x126,false,Rx,0,8,0x00,0x00,0x10,0x00,0x10,0x00,0x00,0x00
4800000,0x127,false,Rx,0,8,0x00,0x00,0x10,0x00,0x10,0x00,0x00,0x00
4800000,0x128,false,Rx,0,8,0x00,0x00,0x10,0x00,0x10,0x00,0x00,0x00
4800000,0x129,false,Rx,0,8,0x00,0x00,0x10,0x00,0x10,0x00,0x00,0x00
4800000,0x132,false,Rx,0,8,0x00,0x45,0x00,0x00,0x00,0x00,0x00,0x00
4800000,0x133,false,Rx,0,8,0x00,0x32,0x00,0x00,0x00,0x00,0x00,0x00
4900000,0x100,false,Rx,0,8,0x70,0x17,0x00,0x00,0x00,0x00,0x00,0x00
4900000,0x111,false,Rx,0,8,0x00,0x6E,0x00,0x00,0x00,0x00,0x00,0x00
4900000,0x121,false,Rx,0,8,0x00,0x00,0x02,0x00,0x00,0x00,0x00,0x00
4900000,0x126,false,Rx,0,8,0x00,0x00,0x0F,0x00,0x11,0x00,0x00,0x00
4900000,0x127,false,Rx,0,8,0x00,0x00,0x0F,0x00,0x11,0x00,0x00,0x00
4900000,0x128,false,Rx,0,8,0x00,0x00,0x0F,0x00,0x11,0x00,0x00,0x00
4900000,0x129,false,Rx,0,8,0x00,0x00,0x0F,0x00,0x11,0x00,0x00,0x00
4900000,0x132,false,Rx,0,8,0x00,0x46,0x00,0x00,0x00,0x00,0x00,0x00
4900000,0x133,false,Rx,0,8,0x00,0x33,0x00,0x00,0x00,0x00,0x00,0x00
5000000,0x100,false,Rx,0,8,0xD4,0x17,0x00,0x00,0x00,0x00,0x00,0x00
5000000,0x111,false,Rx,0,8,0x00,0x6F,0x00,0x00,0x00,0x00,0x00,0x00
5000000,0x121,false,Rx,0,8,0x00,0x00,0x03,0x00,0x00,0x00,0x00,0x00
5000000,0x126,false,Rx,0,8,0x00,0x00,0x0E,0x00,0x12,0x00,0x00,0x00
5000000,0x127,false,Rx,0,8,0x00,0x00,0x0E,0x00,0x12,0x00,0x00,0x00
5000000,0x128,false,Rx,0,8,0x00,0x00,0x0E,0x00,0x12,0x00,0x00,0x00
5000000,0x129,false,Rx,0,8,0x00,0x00,0x0E,0x00,0x12,0x00,0x00,0x00
5000000,0x132,false,Rx,0,8,0x00,0x47,0x00,0x00,0x00,0x00,0x00,0x00
5000000,0x133,false,Rx,0,8,0x00,0x34,0x00,0x00,0x00,0x00,0x00,0x00
5100000,0x100,false,Rx,0,8,0x38,0x18,0x00,0x00,0x00,0x00,0x00,0x00
5100000,0x111,false,Rx,0,8,0x00,0x70,0x00,0x00,0x00,0x00,0x00,0x00
5100000,0x121,false,Rx,0,8,0x00,0x00,0x04,0x00,0x00,0x00,0x00,0x00
5100000,0x126,false,Rx,0,8,0x00,0x00,0x0D,0x00,0x13,0x00,0x00,0x00
5100000,0x127,false,Rx,0,8,0x00,0x00,0x0D,0x00,0x13,0x00,0x00,0x00
5100000,0x128,false,Rx,0,8,0x00,0x00,0x0D,0x00,0x13,0x00,0x00,0x00
5100000,0x129,false,Rx,0,8,0x00,0x00,0x0D,0x00,0x13,0x00,0x00,0x00
5100000,0x132,false,Rx,0,8,0x00,0x48,0x00,0x00,0x00,0x00,0x00,0x00
5100000,0x133,false,Rx,0,8,0x00,0x35,0x00,0x00,0x00,0x00,0x00,0x00
5200000,0x100,false,Rx,0,8,0x9C,0x18,0x00,0x00,0x00,0x00,0x00,0x00
5200000,0x111,false,Rx,0,8,0x00,0x71,0x00,0x00,0x00,0x00,0x00,0x00
5200000,0x121,false,Rx,0,8,0x00,0x00,0x05,0x00,0x00,0x00,0x00,0x00
5200000,0x126,false,Rx,0,8,0x00,0x00,0x0C,0x00,0x14,0x00,0x00,0x00
5200000,0x127,false,Rx,0,8,0x00,0x00,0x0C,0x00,0x14,0x00,0x00,0x00
5200000,0x128,false,Rx,0,8,0x00,0x00,0x0C,0x00,0x14,0x00,0x00,0x00
5200000,0x129,false,Rx,0,8,0x00,0x00,0x0C,0x00,0x14,0x00,0x00,0x00
5200000,0x132,false,Rx,0,8,0x00,0x49,0x00,0x00,0x00,0x00,0x00,0x00
5200000,0x133,false,Rx,0,8,0x00,0x36,0x00,0x00,0x00,0x00,0x00,0x00
5300000,0x100,false,Rx,0,8,0x00,0x19,0x00,0x00,0x00,0x00,0x00,0x00
5300000,0x111,false,Rx,0,8,0x00,0x72,0x00,0x00,0x00,0x00,0x00,0x00
5300000,0x121,false,Rx,0,8,0x00,0x00,0x06,0x00,0x00,0x00,0x00,0x00
5300000,0x126,false,Rx,0,8,0x00,0x00,0x0B,0x00,0x15,0x00,0x00,0x00
5300000,0x127,false,Rx,0,8,0x00,0x00,0x0B,0x00,0x15,0x00,0x00,0x00
5300000,0x128,false,Rx,0,8,0x00,0x00,0x0B,0x00,0x15,0x00,0x00,0x00
5300000,0x129,false,Rx,0,8,0x00,0x00,0x0B,0x00,0x15,0x00,0x00,0x00
5300000,0x132,false,Rx,0,8,0x00,0x4A,0x00,0x00,0x00,0x00,0x00,0x00
5300000,0x133,false,Rx,0,8,0x00,0x37,0x00,0x00,0x00,0x00,0x00,0x00
5400000,0x100,false,Rx,0,8,0x64,0x19,0x00,0x00,0x00,0x00,0x00,0x00
5400000,0x111,false,Rx,0,8,0x00,0x73,0x00,0x00,0x00,0x00,0x00,0x00
5400000,0x121,false,Rx,0,8,0x00,0x00,0x05,0x00,0x00,0x00,0x00,0x00
5400000,0x126,false,Rx,0,8,0x00,0x00,0x0A,0x00,0x16,0x00,0x00,0x00
5400000,0x127,false,Rx,0,8,0x00,0x00,0x0A,0x00,0x16,0x00,0x00,0x00
5400000,0x128,false,Rx,0,8,0x00,0x00,0x0A,0x00,0x16,0x00,0x00,0x00
5400000,0x129,false,Rx,0,8,0x00,0x00,0x0A,0x00,0x16,0x00,0x00,0x00
5400000,0x132,false,Rx,0,8,0x00,0x4B,0x00,0x00,0x00,0x00,0x00,0x00
5400000,0x133,false,Rx,0,8,0x00,0x38,0x00,0x00,0x00,0x00,0x00,0x00
5500000,0x100,false,Rx,0,8,0xC8,0x19,0x00,0x00,0x00,0x00,0x00,0x00
5500000,0x111,false,Rx,0,8,0x00,0x74,0x00,0x00,0x00,0x00,0x00,0x00
5500000,0x121,false,Rx,0,8,0x00,0x00,0x04,0x00,0x00,0x00,0x00,0x00
5500000,0x126,false,Rx,0,8,0x00,0x00,0x09,0x00,0x15,0x00,0x00,0x00
5500000,0x127,false,Rx,0,8,0x00,0x00,0x09,0x00,0x15,0x00,0x00,0x00
5500000,0x128,false,Rx,0,8,0x00,0x00,0x09,0x00,0x15,0x00,0x00,0x00
5500000,0x129,false,Rx,0,8,0x00,0x00,0x09,0x00,0x15,0x00,0x00,0x00
5500000,0x132,false,Rx,0,8,0x00,0x4C,0x00,0x00,0x00,0x00,0x00,0x00
5500000,0x133,false,Rx,0,8,0x00,0x39,0x00,0x00,0x00,0x00,0x00,0x00
5600000,0x100,false,Rx,0,8,0x2C,0x1A,0x00,0x00,0x00,0x00,0x00,0x00
5600000,0x111,false,Rx,0,8,0x00,0x75,0x00,0x00,0x00,0x00,0x00,0x00
5600000,0x121,false,Rx,0,8,0x00,0x00,0x03,0x00,0x00,0x00,0x00,0x00
5600000,0x126,false,Rx,0,8,0x00,0x00,0x08,0x00,0x14,0x00,0x00,0x00
5600000,0x127,false,Rx,0,8,0x00,0x00,0x08,0x00,0x14,0x00,0x00,0x00
5600000,0x128,false,Rx,0,8,0x00,0x00,0x08,0x00,0x14,0x00,0x00,0x00
5600000,0x129,false,Rx,0,8,0x00,0x00,0x08,0x00,0x14,0x00,0x00,0x00
5600000,0x132,false,Rx,0,8,0x00,0x4D,0x00,0x00,0x00,0x00,0x00,0x00
5600000,0x133,false,Rx,0,8,0x00,0x3A,0x00,0x00,0x00,0x00,0x00,0x00
5700000,0x100,false,Rx,0,8,0x90,0x1A,0x00,0x00,0x00,0x00,0x00,0x00
5700000,0x111,false,Rx,0,8,0x00,0x76,0x00,0x00,0x00,0x00,0x00,0x00
5700000,0x121,false,Rx,0,8,0x00,0x00,0x02,0x00,0x00,0x00,0x00,0x00
5700000,0x126,false,Rx,0,8,0x00,0x00,0x07,0x00,0x13,0x00,0x00,0x00
5700000,0x127,false,Rx,0,8,0x00,0x00,0x07,0x00,0x13,0x00,0x00,0x00
5700000,0x128,false,Rx,0,8,0x00,0x00,0x07,0x00,0x13,0x00,0x00,0x00
5700000,0x129,false,Rx,0,8,0x00,0x00,0x07,0x00,0x13,0x00,0x00,0x00
5700000,0x132,false,Rx,0,8,0x00,0x4E,0x00,0x00,0x00,0x00,0x00,0x00
5700000,0x133,false,Rx,0,8,0x00,0x3B,0x00,0x00,0x00,0x00,0x00,0x00
5800000,0x100,false,Rx,0,8,0xF4,0x1A,0x00,0x00,0x00,0x00,0x00,0x00
5800000,0x111,false,Rx,0,8,0x00,0x77,0x00,0x00,0x00,0x00,0x00,0x00
5800000,0x121,false,Rx,0,8,0x00,0x00,0x01,0x00,0x00,0x00,0x00,0x00
5800000,0x126,false,Rx,0,8,0x00,0x00,0x06,0x00,0x12,0x00,0x00,0x00
5800000,0x127,false,Rx,0,8,0x00,0x00,0x06,0x00,0x12,0x00,0x00,0x00
5800000,0x128,false,Rx,0,8,0x00,0x00,0x06,0x00,0x12,0x00,0x00,0x00
5800000,0x129,false,Rx,0,8,0x00,0x00,0x06,0x00,0x12,0x00,0x00,0x00
5800000,0x132,false,Rx,0,8,0x00,0x4F,0x00,0x00,0x00,0x00,0x00,0x00
5800000,0x133,false,Rx,0,8,0x00,0x3C,0x00,0x00,0x00,0x00,0x00,0x00
5900000,0x100,false,Rx,0,8,0x58,0x1B,0x00,0x00,0x00,0x00,0x00,0x00
5900000,0x111,false,Rx,0,8,0x00,0x78,0x00,0x00,0x00,0x00,0x00,0x00
5900000,0x121,false,Rx,0,8,0x00,0x00,0x00,0x00,0x00,0x00,0x00,0x00
5900000,0x126,false,Rx,0,8,0x00,0x00,0x05,0x00,0x11,0x00,0x00,0x00
5900000,0x127,false,Rx,0,8,0x00,0x00,0x05,0x00,0x11,0x00,0x00,0x00
5900000,0x128,false,Rx,0,8,0x00,0x00,0x05,0x00,0x11,0x00,0x00,0x00
5900000,0x129,false,Rx,0,8,0x00,0x00,0x05,0x00,0x11,0x00,0x00,0x00
5900000,0x132,false,Rx,0,8,0x00,0x50,0x00,0x00,0x00,0x00,0x00,0x00
5900000,0x133,false,Rx,0,8,0x00,0x3D,0x00,0x00,0x00,0x00,0x00,0x00
6000000,0x100,false,Rx,0,8,0xBC,0x1B,0x00,0x00,0x00,0x00,0x00,0x00
6000000,0x111,false,Rx,0,8,0x00,0x77,0x00,0x00,0x00,0x00,0x00,0x00
6000000,0x121,false,Rx,0,8,0x00,0x00,0x01,0x00,0x00,0x00,0x00,0x00
6000000,0x126,false,Rx,0,8,0x00,0x00,0x06,0x00,0x10,0x00,0x00,0x00
6000000,0x127,false,Rx,0,8,0x00,0x00,0x06,0x00,0x10,0x00,0x00,0x00
6000000,0x128,false,Rx,0,8,0x00,0x00,0x06,0x00,0x10,0x00,0x00,0x00
6000000,0x129,false,Rx,0,8,0x00,0x00,0x06,0x00,0x10,0x00,0x00,0x00
6000000,0x132,false,Rx,0,8,0x00,0x51,0x00,0x00,0x00,0x00,0x00,0x00
6000000,0x133,false,Rx,0,8,0x00,0x3E,0x00,0x00,0x00,0x00,0x00,0x00
6100000,0x100,false,Rx,0,8,0x20,0x1C,0x00,0x00,0x00,0x00,0x00,0x00
6100000,0x111,false,Rx,0,8,0x00,0x76,0x00,0x00,0x00,0x00,0x00,0x00
6100000,0x121,false,Rx,0,8,0x00,0x00,0x02,0x00,0x00,0x00,0x00,0x00
6100000,0x126,false,Rx,0,8,0x00,0x00,0x07,0x00,0x0F,0x00,0x00,0x00
6100000,0x127,false,Rx,0,8,0x00,0x00,0x07,0x00,0x0F,0x00,0x00,0x00
6100000,0x128,false,Rx,0,8,0x00,0x00,0x07,0x00,0x0F,0x00,0x00,0x00
6100000,0x129,false,Rx,0,8,0x00,0x00,0x07,0x00,0x0F,0x00,0x00,0x00
6100000,0x132,false,Rx,0,8,0x00,0x52,0x00,0x00,0x00,0x00,0x00,0x00
6100000,0x133,false,Rx,0,8,0x00,0x3F,0x00,0x00,0x00,0x00,0x00,0x00
6200000,0x100,false,Rx,0,8,0x84,0x1C,0x00,0x00,0x00,0x00,0x00,0x00
6200000,0x111,false,Rx,0,8,0x00,0x75,0x00,0x00,0x00,0x00,0x00,0x00
6200000,0x121,false,Rx,0,8,0x00,0x00,0x03,0x00,0x00,0x00,0x00,0x00
6200000,0x126,false,Rx,0,8,0x00,0x00,0x08,0x00,0x0E,0x00,0x00,0x00
6200000,0x127,false,Rx,0,8,0x00,0x00,0x08,0x00,0x0E,0x00,0x00,0x00
6200000,0x128,false,Rx,0,8,0x00,0x00,0x08,0x00,0x0E,0x00,0x00,0x00
6200000,0x129,false,Rx,0,8,0x00,0x00,0x08,0x00,0x0E,0x00,0x00,0x00
6200000,0x132,false,Rx,0,8,0x00,0x53,0x00,0x00,0x00,0x00,0x00,0x00
6200000,0x133,false,Rx,0,8,0x00,0x40,0x00,0x00,0x00,0x00,0x00,0x00
6300000,0x100,false,Rx,0,8,0xE8,0x1C,0x00,0x00,0x00,0x00,0x00,0x00
6300000,0x111,false,Rx,0,8,0x00,0x74,0x00,0x00,0x00,0x00,0x00,0x00
6300000,0x121,false,Rx,0,8,0x00,0x00,0x04,0x00,0x00,0x00,0x00,0x00
6300000,0x126,false,Rx,0,8,0x00,0x00,0x09,0x00,0x0D,0x00,0x00,0x00
6300000,0x127,false,Rx,0,8,0x00,0x00,0x09,0x00,0x0D,0x00,0x00,0x00
6300000,0x128,false,Rx,0,8,0x00,0x00,0x09,0x00,0x0D,0x00,0x00,0x00
6300000,0x129,false,Rx,0,8,0x00,0x00,0x09,0x00,0x0D,0x00,0x00,0x00
6300000,0x132,false,Rx,0,8,0x00,0x54,0x00,0x00,0x00,0x00,0x00,0x00
6300000,0x133,false,Rx,0,8,0x00,0x41,0x00,0x00,0x00,0x00,0x00,0x00
6400000,0x100,false,Rx,0,8,0x4C,0x1D,0x00,0x00,0x00,0x00,0x00,0x00
6400000,0x111,false,Rx,0,8,0x00,0x73,0x00,0x00,0x00,0x00,0x00,0x00
6400000,0x121,false,Rx,0,8,0x00,0x00,0x05,0x00,0x00,0x00,0x00,0x00
6400000,0x126,false,Rx,0,8,0x00,0x00,0x0A,0x00,0x0C,0x00,0x00,0x00
6400000,0x127,false,Rx,0,8,0x00,0x00,0x0A,0x00,0x0C,0x00,0x00,0x00
6400000,0x128,false,Rx,0,8,0x00,0x00,0x0A,0x00,0x0C,0x00,0x00,0x00
6400000,0x129,false,Rx,0,8,0x00,0x00,0x0A,0x00,0x0C,0x00,0x00,0x00
6400000,0x132,false,Rx,0,8,0x00,0x55,0x00,0x00,0x00,0x00,0x00,0x00
6400000,0x133,false,Rx,0,8,0x00,0x42,0x00,0x00,0x00,0x00,0x00,0x00
6500000,0x100,false,Rx,0,8,0xB0,0x1D,0x00,0x00,0x00,0x00,0x00,0x00
6500000,0x111,false,Rx,0,8,0x00,0x72,0x00,0x00,0x00,0x00,0x00,0x00
6500000,0x121,false,Rx,0,8,0x00,0x00,0x06,0x00,0x00,0x00,0x00,0x00
6500000,0x126,false,Rx,0,8,0x00,0x00,0x0B,0x00,0x0B,0x00,0x00,0x00
6500000,0x127,false,Rx,0,8,0x00,0x00,0x0B,0x00,0x0B,0x00,0x00,0x00
6500000,0x128,false,Rx,0,8,0x00,0x00,0x0B,0x00,0x0B,0x00,0x00,0x00
6500000,0x129,false,Rx,0,8,0x00,0x00,0x0B,0x00,0x0B,0x00,0x00,0x00
6500000,0x132,false,Rx,0,8,0x00,0x56,0x00,0x00,0x00,0x00,0x00,0x00
6500000,0x133,false,Rx,0,8,0x00,0x43,0x00,0x00,0x00,0x00,0x00,0x00
6600000,0x100,false,Rx,0,8,0x14,0x1E,0x00,0x00,0x00,0x00,0x00,0x00
6600000,0x111,false,Rx,0,8,0x00,0x71,0x00,0x00,0x00,0x00,0x00,0x00
6600000,0x121,false,Rx,0,8,0x00,0x00,0x05,0x00,0x00,0x00,0x00,0x00
6600000,0x126,false,Rx,0,8,0x00,0x00,0x0C,0x00,0x0C,0x00,0x00,0x00
6600000,0x127,false,Rx,0,8,0x00,0x00,0x0C,0x00,0x0C,0x00,0x00,0x00
6600000,0x128,false,Rx,0,8,0x00,0x00,0x0C,0x00,0x0C,0x00,0x00,0x00
6600000,0x129,false,Rx,0,8,0x00,0x00,0x0C,0x00,0x0C,0x00,0x00,0x00
6600000,0x132,false,Rx,0,8,0x00,0x57,0x00,0x00,0x00,0x00,0x00,0x00
6600000,0x133,false,Rx,0,8,0x00,0x44,0x00,0x00,0x00,0x00,0x00,0x00
6700000,0x100,false,Rx,0,8,0x78,0x1E,0x00,0x00,0x00,0x00,0x00,0x00
6700000,0x111,false,Rx,0,8,0x00,0x70,0x00,0x00,0x00,0x00,0x00,0x00
6700000,0x121,false,Rx,0,8,0x00,0x00,0x04,0x00,0x00,0x00,0x00,0x00
6700000,0x126,false,Rx,0,8,0x00,0x00,0x0D,0x00,0x0D,0x00,0x00,0x00
6700000,0x127,false,Rx,0,8,0x00,0x00,0x0D,0x00,0x0D,0x00,0x00,0x00
6700000,0x128,false,Rx,0,8,0x00,0x00,0x0D,0x00,0x0D,0x00,0x00,0x00
6700000,0x129,false,Rx,0,8,0x00,0x00,0x0D,0x00,0x0D,0x00,0x00,0x00
6700000,0x132,false,Rx,0,8,0x00,0x58,0x00,0x00,0x00,0x00,0x00,0x00
6700000,0x133,false,Rx,0,8,0x00,0x45,0x00,0x00,0x00,0x00,0x00,0x00
6800000,0x100,false,Rx,0,8,0xDC,0x1E,0x00,0x00,0x00,0x00,0x00,0x00
6800000,0x111,false,Rx,0,8,0x00,0x6F,0x00,0x00,0x00,0x00,0x00,0x00
6800000,0x121,false,Rx,0,8,0x00,0x00,0x03,0x00,0x00,0x00,0x00,0x00
6800000,0x126,false,Rx,0,8,0x00,0x00,0x0E,0x00,0x0E,0x00,0x00,0x00
6800000,0x127,false,Rx,0,8,0x00,0x00,0x0E,0x00,0x0E,0x00,0x00,0x00
6800000,0x128,false,Rx,0,8,0x00,0x00,0x0E,0x00,0x0E,0x00,0x00,0x00
6800000,0x129,false,Rx,0,8,0x00,0x00,0x0E,0x00,0x0E,0x00,0x00,0x00
6800000,0x132,false,Rx,0,8,0x00,0x59,0x00,0x00,0x00,0x00,0x00,0x00
6800000,0x133,false,Rx,0,8,0x00,0x46,0x00,0x00,0x00,0x00,0x00,0x00
6900000,0x100,false,Rx,0,8,0x40,0x1F,0x00,0x00,0x00,0x00,0x00,0x00
6900000,0x111,false,Rx,0,8,0x00,0x6E,0x00,0x00,0x00,0x00,0x00,0x00
6900000,0x121,false,Rx,0,8,0x00,0x00,0x02,0x00,0x00,0x00,0x00,0x00
6900000,0x126,false,Rx,0,8,0x00,0x00,0x0F,0x00,0x0F,0x00,0x00,0x00
6900000,0x127,false,Rx,0,8,0x00,0x00,0x0F,0x00,0x0F,0x00,0x00,0x00
6900000,0x128,false,Rx,0,8,0x00,0x00,0x0F,0x00,0x0F,0x00,0x00,0x00
6900000,0x129,false,Rx,0,8,0x00,0x00,0x0F,0x00,0x0F,0x00,0x00,0x00
6900000,0x132,false,Rx,0,8,0x00,0x5A,0x00,0x00,0x00,0x00,0x00,0x00
6900000,0x133,false,Rx,0,8,0x00,0x47,0x00,0x00,0x00,0x00,0x00,0x00
7000000,0x100,false,Rx,0,8,0xA4,0x1F,0x00,0x00,0x00,0x00,0x00,0x00
7000000,0x111,false,Rx,0,8,0x00,0x6D,0x00,0x00,0x00,0x00,0x00,0x00
7000000,0x121,false,Rx,0,8,0x00,0x00,0x01,0x00,0x00,0x00,0x00,0x00
7000000,0x126,false,Rx,0,8,0x00,0x00,0x10,0x00,0x10,0x00,0x00,0x00
7000000,0x127,false,Rx,0,8,0x00,0x00,0x10,0x00,0x10,0x00,0x00,0x00
7000000,0x128,false,Rx,0,8,0x00,0x00,0x10,0x00,0x10,0x00,0x00,0x00
7000000,0x129,false,Rx,0,8,0x00,0x00,0x10,0x00,0x10,0x00,0x00,0x00
7000000,0x132,false,Rx,0,8,0x00,0x5B,0x00,0x00,0x00,0x00,0x00,0x00
7000000,0x133,false,Rx,0,8,0x00,0x48,0x00,0x00,0x00,0x00,0x00,0x00
7100000,0x100,false,Rx,0,8,0x08,0x20,0x00,0x00,0x00,0x00,0x00,0x00
7100000,0x111,false,Rx,0,8,0x00,0x6C,0x00,0x00,0x00,0x00,0x00,0x00
7100000,0x121,false,Rx,0,8,0x00,0x00,0x00,0x00,0x00,0x00,0x00,0x00
7100000,0x126,false,Rx,0,8,0x00,0x00,0x11,0x00,0x11,0x00,0x00,0x00
7100000,0x127,false,Rx,0,8,0x00,0x00,0x11,0x00,0x11,0x00,0x00,0x00
7100000,0x128,false,Rx,0,8,0x00,0x00,0x11,0x00,0x11,0x00,0x00,0x00
7100000,0x129,false,Rx,0,8,0x00,0x00,0x11,0x00,0x11,0x00,0x00,0x00
7100000,0x132,false,Rx,0,8,0x00,0x5C,0x00,0x00,0x00,0x00,0x00,0x00
7100000,0x133,false,Rx,0,8,0x00,0x49,0x00,0x00,0x00,0x00,0x00,0x00
7200000,0x100,false,Rx,0,8,0x6C,0x20,0x00,0x00,0x00,0x00,0x00,0x00
7200000,0x111,false,Rx,0,8,0x00,0x6B,0x00,0x00,0x00,0x00,0x00,0x00
7200000,0x121,false,Rx,0,8,0x00,0x00,0x01,0x00,0x00,0x00,0x00,0x00
7200000,0x126,false,Rx,0,8,0x00,0x00,0x12,0x00,0x12,0x00,0x00,0x00
7200000,0x127,false,Rx,0,8,0x00,0x00,0x12,0x00,0x12,0x00,0x00,0x00
7200000,0x128,false,Rx,0,8,0x00,0x00,0x12,0x00,0x12,0x00,0x00,0x00
7200000,0x129,false,Rx,0,8,0x00,0x00,0x12,0x00,0x12,0x00,0x00,0x00
7200000,0x132,false,Rx,0,8,0x00,0x5D,0x00,0x00,0x00,0x00,0x00,0x00
7200000,0x133,false,Rx,0,8,0x00,0x4A,0x00,0x00,0x00,0x00,0x00,0x00
7300000,0x100,false,Rx,0,8,0xD0,0x20,0x00,0x00,0x00,0x00,0x00,0x00
7300000,0x111,false,Rx,0,8,0x00,0x6A,0x00,0x00,0x00,0x00,0x00,0x00
7300000,0x121,false,Rx,0,8,0x00,0x00,0x02,0x00,0x00,0x00,0x00,0x00
7300000,0x126,false,Rx,0,8,0x00,0x00,0x13,0x00,0x13,0x00,0x00,0x00
7300000,0x127,false,Rx,0,8,0x00,0x00,0x13,0x00,0x13,0x00,0x00,0x00
7300000,0x128,false,Rx,0,8,0x00,0x00,0x13,0x00,0x13,0x00,0x00,0x00
7300000,0x129,false,Rx,0,8,0x00,0x00,0x13,0x00,0x13,0x00,0x00,0x00
7300000,0x132,false,Rx,0,8,0x00,0x5E,0x00,0x00,0x00,0x00,0x00,0x00
7300000,0x133,false,Rx,0,8,0x00,0x4B,0x00,0x00,0x00,0x00,0x00,0x00
7400000,0x100,false,Rx,0,8,0x34,0x21,0x00,0x00,0x00,0x00,0x00,0x00
7400000,0x111,false,Rx,0,8,0x00,0x69,0x00,0x00,0x00,0x00,0x00,0x00
7400000,0x121,false,Rx,0,8,0x00,0x00,0x03,0x00,0x00,0x00,0x00,0x00
7400000,0x126,false,Rx,0,8,0x00,0x00,0x14,0x00,0x14,0x00,0x00,0x00
7400000,0x127,false,Rx,0,8,0x00,0x00,0x14,0x00,0x14,0x00,0x00,0x00
7400000,0x128,false,Rx,0,8,0x00,0x00,0x14,0x00,0x14,0x00,0x00,0x00
7400000,0x129,false,Rx,0,8,0x00,0x00,0x14,0x00,0x14,0x00,0x00,0x00
7400000,0x132,false,Rx,0,8,0x00,0x5F,0x00,0x00,0x00,0x00,0x00,0x00
7400000,0x133,false,Rx,0,8,0x00,0x4C,0x00,0x00,0x00,0x00,0x00,0x00
7500000,0x100,false,Rx,0,8,0x98,0x21,0x00,0x00,0x00,0x00,0x00,0x00
7500000,0x111,false,Rx,0,8,0x00,0x68,0x00,0x00,0x00,0x00,0x00,0x00
7500000,0x121,false,Rx,0,8,0x00,0x00,0x04,0x00,0x00,0x00,0x00,0x00
7500000,0x126,false,Rx,0,8,0x00,0x00,0x15,0x00,0x15,0x00,0x00,0x00
7500000,0x127,false,Rx,0,8,0x00,0x00,0x15,0x00,0x15,0x00,0x00,0x00
7500000,0x128,false,Rx,0,8,0x00,0x00,0x15,0x00,0x15,0x00,0x00,0x00
7500000,0x129,false,Rx,0,8,0x00,0x00,0x15,0x00,0x15,0x00,0x00,0x00
7500000,0x132,false,Rx,0,8,0x00,0x60,0x00,0x00,0x00,0x00,0x00,0x00
7500000,0x133,false,Rx,0,8,0x00,0x4D,0x00,0x00,0x00,0x00,0x00,0x00
7600000,0x100,false,Rx,0,8,0xFC,0x21,0x00,0x00,0x00,0x00,0x00,0x00
7600000,0x111,false,Rx,0,8,0x00,0x67,0x00,0x00,0x00,0x00,0x00,0x00
7600000,0x121,false,Rx,0,8,0x00,0x00,0x05,0x00,0x00,0x00,0x00,0x00
7600000,0x126,false,Rx,0,8,0x00,0x00,0x16,0x00,0x16,0x00,0x00,0x00
7600000,0x127,false,Rx,0,8,0x00,0x00,0x16,0x00,0x16,0x00,0x00,0x00
7600000,0x128,false,Rx,0,8,0x00,0x00,0x16,0x00,0x16,0x00,0x00,0x00
7600000,0x129,false,Rx,0,8,0x00,0x00,0x16,0x00,0x16,0x00,0x00,0x00
7600000,0x132,false,Rx,0,8,0x00,0x61,0x00,0x00,0x00,0x00,0x00,0x00
7600000,0x133,false,Rx,0,8,0x00,0x4E,0x00,0x00,0x00,0x00,0x00,0x00
7700000,0x100,false,Rx,0,8,0x60,0x22,0x00,0x00,0x00,0x00,0x00,0x00
7700000,0x111,false,Rx,0,8,0x00,0x66,0x00,0x00,0x00,0x00,0x00,0x00
7700000,0x121,false,Rx,0,8,0x00,0x00,0x06,0x00,0x00,0x00,0x00,0x00
7700000,0x126,false,Rx,0,8,0x00,0x00,0x17,0x00,0x15,0x00,0x00,0x00
7700000,0x127,false,Rx,0,8,0x00,0x00,0x17,0x00,0x15,0x00,0x00,0x00
7700000,0x128,false,Rx,0,8,0x00,0x00,0x17,0x00,0x15,0x00,0x00,0x00
7700000,0x129,false,Rx,0,8,0x00,0x00,0x17,0x00,0x15,0x00,0x00,0x00
7700000,0x132,false,Rx,0,8,0x00,0x62,0x00,0x00,0x00,0x00,0x00,0x00
7700000,0x133,false,Rx,0,8,0x00,0x4F,0x00,0x00,0x00,0x00,0x00,0x00
7800000,0x100,false,Rx,0,8,0xC4,0x22,0x00,0x00,0x00,0x00,0x00,0x00
7800000,0x111,false,Rx,0,8,0x00,0x65,0x00,0x00,0x00,0x00,0x00,0x00
7800000,0x121,false,Rx,0,8,0x00,0x00,0x05,0x00,0x00,0x00,0x00,0x00
7800000,0x126,false,Rx,0,8,0x00,0x00,0x18,0x00,0x14,0x00,0x00,0x00
7800000,0x127,false,Rx,0,8,0x00,0x00,0x18,0x00,0x14,0x00,0x00,0x00
7800000,0x128,false,Rx,0,8,0x00,0x00,0x18,0x00,0x14,0x00,0x00,0x00
7800000,0x129,false,Rx,0,8,0x00,0x00,0x18,0x00,0x14,0x00,0x00,0x00
7800000,0x132,false,Rx,0,8,0x00,0x63,0x00,0x00,0x00,0x00,0x00,0x00
7800000,0x133,false,Rx,0,8,0x00,0x50,0x00,0x00,0x00,0x00,0x00,0x00
7900000,0x100,false,Rx,0,8,0x28,0x23,0x00,0x00,0x00,0x00,0x00,0x00
7900000,0x111,false,Rx,0,8,0x00,0x64,0x00,0x00,0x00,0x00,0x00,0x00
7900000,0x121,false,Rx,0,8,0x00,0x00,0x04,0x00,0x00,0x00,0x00,0x00
7900000,0x126,false,Rx,0,8,0x00,0x00,0x19,0x00,0x13,0x00,0x00,0x00
7900000,0x127,false,Rx,0,8,0x00,0x00,0x19,0x00,0x13,0x00,0x00,0x00
7900000,0x128,false,Rx,0,8,0x00,0x00,0x19,0x00,0x13,0x00,0x00,0x00
7900000,0x129,false,Rx,0,8,0x00,0x00,0x19,0x00,0x13,0x00,0x00,0x00
7900000,0x132,false,Rx,0,8,0x00,0x64,0x00,0x00,0x00,0x00,0x00,0x00
7900000,0x133,false,Rx,0,8,0x00,0x51,0x00,0x00,0x00,0x00,0x00,0x00
8000000,0x100,false,Rx,0,8,0x8C,0x23,0x00,0x00,0x00,0x00,0x00,0x00
8000000,0x111,false,Rx,0,8,0x00,0x63,0x00,0x00,0x00,0x00,0x00,0x00
8000000,0x121,false,Rx,0,8,0x00,0x00,0x03,0x00,0x00,0x00,0x00,0x00
8000000,0x126,false,Rx,0,8,0x00,0x00,0x1A,0x00,0x12,0x00,0x00,0x00
8000000,0x127,false,Rx,0,8,0x00,0x00,0x1A,0x00,0x12,0x00,0x00,0x00
8000000,0x128,false,Rx,0,8,0x00,0x00,0x1A,0x00,0x12,0x00,0x00,0x00
8000000,0x129,false,Rx,0,8,0x00,0x00,0x1A,0x00,0x12,0x00,0x00,0x00
8000000,0x132,false,Rx,0,8,0x00,0x65,0x00,0x00,0x00,0x00,0x00,0x00
8000000,0x133,false,Rx,0,8,0x00,0x52,0x00,0x00,0x00,0x00,0x00,0x00
8100000,0x100,false,Rx,0,8,0xF0,0x23,0x00,0x00,0x00,0x00,0x00,0x00
8100000,0x111,false,Rx,0,8,0x00,0x62,0x00,0x00,0x00,0x00,0x00,0x00
8100000,0x121,false,Rx,0,8,0x00,0x00,0x02,0x00,0x00,0x00,0x00,0x00
8100000,0x126,false,Rx,0,8,0x00,0x00,0x1B,0x00,0x11,0x00,0x00,0x00
8100000,0x127,false,Rx,0,8,0x00,0x00,0x1B,0x00,0x11,0x00,0x00,0x00
8100000,0x128,false,Rx,0,8,0x00,0x00,0x1B,0x00,0x11,0x00,0x00,0x00
8100000,0x129,false,Rx,0,8,0x00,0x00,0x1B,0x00,0x11,0x00,0x00,0x00
8100000,0x132,false,Rx,0,8,0x00,0x66,0x00,0x00,0x00,0x00,0x00,0x00
8100000,0x133,false,Rx,0,8,0x00,0x53,0x00,0x00,0x00,0x00,0x00,0x00
8200000,0x100,false,Rx,0,8,0x54,0x24,0x00,0x00,0x00,0x00,0x00,0x00
8200000,0x111,false,Rx,0,8,0x00,0x61,0x00,0x00,0x00,0x00,0x00,0x00
8200000,0x121,false,Rx,0,8,0x00,0x00,0x01,0x00,0x00,0x00,0x00,0x00
8200000,0x126,false,Rx,0,8,0x00,0x00,0x1C,0x00,0x10,0x00,0x00,0x00
8200000,0x127,false,Rx,0,8,0x00,0x00,0x1C,0x00,0x10,0x00,0x00,0x00
8200000,0x128,false,Rx,0,8,0x00,0x00,0x1C,0x00,0x10,0x00,0x00,0x00
8200000,0x129,false,Rx,0,8,0x00,0x00,0x1C,0x00,0x10,0x00,0x00,0x00
8200000,0x132,false,Rx,0,8,0x00,0x67,0x00,0x00,0x00,0x00,0x00,0x00
8200000,0x133,false,Rx,0,8,0x00,0x54,0x00,0x00,0x00,0x00,0x00,0x00
8300000,0x100,false,Rx,0,8,0xB8,0x24,0x00,0x00,0x00,0x00,0x00,0x00
8300000,0x111,false,Rx,0,8,0x00,0x60,0x00,0x00,0x00,0x00,0x00,0x00
8300000,0x121,false,Rx,0,8,0x00,0x00,0x00,0x00,0x00,0x00,0x00,0x00
8300000,0x126,false,Rx,0,8,0x00,0x00,0x1D,0x00,0x0F,0x00,0x00,0x00
8300000,0x127,false,Rx,0,8,0x00,0x00,0x1D,0x00,0x0F,0x00,0x00,0x00
8300000,0x128,false,Rx,0,8,0x00,0x00,0x1D,0x00,0x0F,0x00,0x00,0x00
8300000,0x129,false,Rx,0,8,0x00,0x00,0x1D,0x00,0x0F,0x00,0x00,0x00
8300000,0x132,false,Rx,0,8,0x00,0x68,0x00,0x00,0x00,0x00,0x00,0x00
8300000,0x133,false,Rx,0,8,0x00,0x55,0x00,0x00,0x00,0x00,0x00,0x00
8400000,0x100,false,Rx,0,8,0x1C,0x25,0x00,0x00,0x00,0x00,0x00,0x00
8400000,0x111,false,Rx,0,8,0x00,0x5F,0x00,0x00,0x00,0x00,0x00,0x00
8400000,0x121,false,Rx,0,8,0x00,0x00,0x01,0x00,0x00,0x00,0x00,0x00
8400000,0x126,false,Rx,0,8,0x00,0x00,0x1E,0x00,0x0E,0x00,0x00,0x00
8400000,0x127,false,Rx,0,8,0x00,0x00,0x1E,0x00,0x0E,0x00,0x00,0x00
8400000,0x128,false,Rx,0,8,0x00,0x00,0x1E,0x00,0x0E,0x00,0x00,0x00
8400000,0x129,false,Rx,0,8,0x00,0x00,0x1E,0x00,0x0E,0x00,0x00,0x00
8400000,0x132,false,Rx,0,8,0x00,0x69,0x00,0x00,0x00,0x00,0x00,0x00
8400000,0x133,false,Rx,0,8,0x00,0x56,0x00,0x00,0x00,0x00,0x00,0x00
8500000,0x100,false,Rx,0,8,0x80,0x25,0x00,0x00,0x00,0x00,0x00,0x00
8500000,0x111,false,Rx,0,8,0x00,0x5E,0x00,0x00,0x00,0x00,0x00,0x00
8500000,0x121,false,Rx,0,8,0x00,0x00,0x02,0x00,0x00,0x00,0x00,0x00
8500000,0x126,false,Rx,0,8,0x00,0x00,0x1F,0x00,0x0D,0x00,0x00,0x00
8500000,0x127,false,Rx,0,8,0x00,0x00,0x1F,0x00,0x0D,0x00,0x00,0x00
8500000,0x128,false,Rx,0,8,0x00,0x00,0x1F,0x00,0x0D,0x00,0x00,0x00
8500000,0x129,false,Rx,0,8,0x00,0x00,0x1F,0x00,0x0D,0x00,0x00,0x00
8500000,0x132,false,Rx,0,8,0x00,0x6A,0x00,0x00,0x00,0x00,0x00,0x00
8500000,0x133,false,Rx,0,8,0x00,0x57,0x00,0x00,0x00,0x00,0x00,0x00
8600000,0x100,false,Rx,0,8,0xE4,0x25,0x00,0x00,0x00,0x00,0x00,0x00
8600000,0x111,false,Rx,0,8,0x00,0x5D,0x00,0x00,0x00,0x00,0x00,0x00
8600000,0x121,false,Rx,0,8,0x00,0x00,0x03,0x00,0x00,0x00,0x00,0x00
8600000,0x126,false,Rx,0,8,0x00,0x00,0x20,0x00,0x0C,0x00,0x00,0x00
8600000,0x127,false,Rx,0,8,0x00,0x00,0x20,0x00,0x0C,0x00,0x00,0x00
8600000,0x128,false,Rx,0,8,0x00,0x00,0x20,0x00,0x0C,0x00,0x00,0x00
8600000,0x129,false,Rx,0,8,0x00,0x00,0x20,0x00,0x0C,0x00,0x00,0x00
8600000,0x132,false,Rx,0,8,0x00,0x6B,0x00,0x00,0x00,0x00,0x00,0x00
8600000,0x133,false,Rx,0,8,0x00,0x58,0x00,0x00,0x00,0x00,0x00,0x00
8700000,0x100,false,Rx,0,8,0x48,0x26,0x00,0x00,0x00,0x00,0x00,0x00
8700000,0x111,false,Rx,0,8,0x00,0x5C,0x00,0x00,0x00,0x00,0x00,0x00
8700000,0x121,false,Rx,0,8,0x00,0x00,0x04,0x00,0x00,0x00,0x00,0x00
8700000,0x126,false,Rx,0,8,0x00,0x00,0x21,0x00,0x0B,0x00,0x00,0x00
8700000,0x127,false,Rx,0,8,0x00,0x00,0x21,0x00,0x0B,0x00,0x00,0x00
8700000,0x128,false,Rx,0,8,0x00,0x00,0x21,0x00,0x0B,0x00,0x00,0x00
8700000,0x129,false,Rx,0,8,0x00,0x00,0x21,0x00,0x0B,0x00,0x00,0x00
8700000,0x132,false,Rx,0,8,0x00,0x6C,0x00,0x00,0x00,0x00,0x00,0x00
8700000,0x133,false,Rx,0,8,0x00,0x59,0x00,0x00,0x00,0x00,0x00,0x00
8800000,0x100,false,Rx,0,8,0xAC,0x26,0x00,0x00,0x00,0x00,0x00,0x00
8800000,0x111,false,Rx,0,8,0x00,0x5B,0x00,0x00,0x00,0x00,0x00,0x00
8800000,0x121,false,Rx,0,8,0x00,0x00,0x05,0x00,0x00,0x00,0x00,0x00
8800000,0x126,false,Rx,0,8,0x00,0x00,0x22,0x00,0x0C,0x00,0x00,0x00
8800000,0x127,false,Rx,0,8,0x00,0x00,0x22,0x00,0x0C,0x00,0x00,0x00
8800000,0x128,false,Rx,0,8,0x00,0x00,0x22,0x00,0x0C,0x00,0x00,0x00
8800000,0x129,false,Rx,0,8,0x00,0x00,0x22,0x00,0x0C,0x00,0x00,0x00
8800000,0x132,false,Rx,0,8,0x00,0x6D,0x00,0x00,0x00,0x00,0x00,0x00
8800000,0x133,false,Rx,0,8,0x00,0x5A,0x00,0x00,0x00,0x00,0x00,0x00
8900000,0x100,false,Rx,0,8,0x10,0x27,0x00,0x00,0x00,0x00,0x00,0x00
8900000,0x111,false,Rx,0,8,0x00,0x5A,0x00,0x00,0x00,0x00,0x00,0x00
8900000,0x121,false,Rx,0,8,0x00,0x00,0x06,0x00,0x00,0x00,0x00,0x00
8900000,0x126,false,Rx,0,8,0x00,0x00,0x23,0x00,0x0D,0x00,0x00,0x00
8900000,0x127,false,Rx,0,8,0x00,0x00,0x23,0x00,0x0D,0x00,0x00,0x00
8900000,0x128,false,Rx,0,8,0x00,0x00,0x23,0x00,0x0D,0x00,0x00,0x00
8900000,0x129,false,Rx,0,8,0x00,0x00,0x23,0x00,0x0D,0x00,0x00,0x00
8900000,0x132,false,Rx,0,8,0x00,0x6E,0x00,0x00,0x00,0x00,0x00,0x00
8900000,0x133,false,Rx,0,8,0x00,0x59,0x00,0x00,0x00,0x00,0x00,0x00
9000000,0x100,false,Rx,0,8,0x74,0x27,0x00,0x00,0x00,0x00,0x00,0x00
9000000,0x111,false,Rx,0,8,0x00,0x59,0x00,0x00,0x00,0x00,0x00,0x00
9000000,0x121,false,Rx,0,8,0x00,0x00,0x05,0x00,0x00,0x00,0x00,0x00
9000000,0x126,false,Rx,0,8,0x00,0x00,0x22,0x00,0x0E,0x00,0x00,0x00
9000000,0x127,false,Rx,0,8,0x00,0x00,0x22,0x00,0x0E,0x00,0x00,0x00
9000000,0x128,false,Rx,0,8,0x00,0x00,0x22,0x00,0x0E,0x00,0x00,0x00
9000000,0x129,false,Rx,0,8,0x00,0x00,0x22,0x00,0x0E,0x00,0x00,0x00
9000000,0x132,false,Rx,0,8,0x00,0x6D,0x00,0x00,0x00,0x00,0x00,0x00
9000000,0x133,false,Rx,0,8,0x00,0x58,0x00,0x00,0x00,0x00,0x00,0x00
9100000,0x100,false,Rx,0,8,0xD8,0x27,0x00,0x00,0x00,0x00,0x00,0x00
9100000,0x111,false,Rx,0,8,0x00,0x58,0x00,0x00,0x00,0x00,0x00,0x00
9100000,0x121,false,Rx,0,8,0x00,0x00,0x04,0x00,0x00,0x00,0x00,0x00
9100000,0x126,false,Rx,0,8,0x00,0x00,0x21,0x00,0x0F,0x00,0x00,0x00
9100000,0x127,false,Rx,0,8,0x00,0x00,0x21,0x00,0x0F,0x00,0x00,0x00
9100000,0x128,false,Rx,0,8,0x00,0x00,0x21,0x00,0x0F,0x00,0x00,0x00
9100000,0x129,false,Rx,0,8,0x00,0x00,0x21,0x00,0x0F,0x00,0x00,0x00
9100000,0x132,false,Rx,0,8,0x00,0x6C,0x00,0x00,0x00,0x00,0x00,0x00
9100000,0x133,false,Rx,0,8,0x00,0x57,0x00,0x00,0x00,0x00,0x00,0x00
9200000,0x100,false,Rx,0,8,0x3C,0x28,0x00,0x00,0x00,0x00,0x00,0x00
9200000,0x111,false,Rx,0,8,0x00,0x57,0x00,0x00,0x00,0x00,0x00,0x00
9200000,0x121,false,Rx,0,8,0x00,0x00,0x03,0x00,0x00,0x00,0x00,0x00
9200000,0x126,false,Rx,0,8,0x00,0x00,0x20,0x00,0x10,0x00,0x00,0x00
9200000,0x127,false,Rx,0,8,0x00,0x00,0x20,0x00,0x10,0x00,0x00,0x00
9200000,0x128,false,Rx,0,8,0x00,0x00,0x20,0x00,0x10,0x00,0x00,0x00
9200000,0x129,false,Rx,0,8,0x00,0x00,0x20,0x00,0x10,0x00,0x00,0x00
9200000,0x132,false,Rx,0,8,0x00,0x6B,0x00,0x00,0x00,0x00,0x00,0x00
9200000,0x133,false,Rx,0,8,0x00,0x56,0x00,0x00,0x00,0x00,0x00,0x00
9300000,0x100,false,Rx,0,8,0xA0,0x28,0x00,0x00,0x00,0x00,0x00,0x00
9300000,0x111,false,Rx,0,8,0x00,0x56,0x00,0x00,0x00,0x00,0x00,0x00
9300000,0x121,false,Rx,0,8,0x00,0x00,0x02,0x00,0x00,0x00,0x00,0x00
9300000,0x126,false,Rx,0,8,0x00,0x00,0x1F,0x00,0x11,0x00,0x00,0x00
9300000,0x127,false,Rx,0,8,0x00,0x00,0x1F,0x00,0x11,0x00,0x00,0x00
9300000,0x128,false,Rx,0,8,0x00,0x00,0x1F,0x00,0x11,0x00,0x00,0x00
9300000,0x129,false,Rx,0,8,0x00,0x00,0x1F,0x00,0x11,0x00,0x00,0x00
9300000,0x132,false,Rx,0,8,0x00,0x6A,0x00,0x00,0x00,0x00,0x00,0x00
9300000,0x133,false,Rx,0,8,0x00,0x55,0x00,0x00,0x00,0x00,0x00,0x00
9400000,0x100,false,Rx,0,8,0x04,0x29,0x00,0x00,0x00,0x00,0x00,0x00
9400000,0x111,false,Rx,0,8,0x00,0x55,0x00,0x00,0x00,0x00,0x00,0x00
9400000,0x121,false,Rx,0,8,0x00,0x00,0x01,0x00,0x00,0x00,0x00,0x00
9400000,0x126,false,Rx,0,8,0x00,0x00,0x1E,0x00,0x12,0x00,0x00,0x00
9400000,0x127,false,Rx,0,8,0x00,0x00,0x1E,0x00,0x12,0x00,0x00,0x00
9400000,0x128,false,Rx,0,8,0x00,0x00,0x1E,0x00,0x12,0x00,0x00,0x00
9400000,0x129,false,Rx,0,8,0x00,0x00,0x1E,0x00,0x12,0x00,0x00,0x00
9400000,0x132,false,Rx,0,8,0x00,0x69,0x00,0x00,0x00,0x00,0x00,0x00
9400000,0x133,false,Rx,0,8,0x00,0x54,0x00,0x00,0x00,0x00,0x00,0x00
9500000,0x100,false,Rx,0,8,0x68,0x29,0x00,0x00,0x00,0x00,0x00,0x00
9500000,0x111,false,Rx,0,8,0x00,0x54,0x00,0x00,0x00,0x00,0x00,0x00
9500000,0x121,false,Rx,0,8,0x00,0x00,0x00,0x00,0x00,0x00,0x00,0x00
9500000,0x126,false,Rx,0,8,0x00,0x00,0x1D,0x00,0x13,0x00,0x00,0x00
9500000,0x127,false,Rx,0,8,0x00,0x00,0x1D,0x00,0x13,0x00,0x00,0x00
9500000,0x128,false,Rx,0,8,0x00,0x00,0x1D,0x00,0x13,0x00,0x00,0x00
9500000,0x129,false,Rx,0,8,0x00,0x00,0x1D,0x00,0x13,0x00,0x00,0x00
9500000,0x132,false,Rx,0,8,0x00,0x68,0x00,0x00,0x00,0x00,0x00,0x00
9500000,0x133,false,Rx,0,8,0x00,0x53,0x00,0x00,0x00,0x00,0x00,0x00
9600000,0x100,false,Rx,0,8,0xCC,0x29,0x00,0x00,0x00,0x00,0x00,0x00
9600000,0x111,false,Rx,0,8,0x00,0x53,0x00,0x00,0x00,0x00,0x00,0x00
9600000,0x121,false,Rx,0,8,0x00,0x00,0x01,0x00,0x00,0x00,0x00,0x00
9600000,0x126,false,Rx,0,8,0x00,0x00,0x1C,0x00,0x14,0x00,0x00,0x00
9600000,0x127,false,Rx,0,8,0x00,0x00,0x1C,0x00,0x14,0x00,0x00,0x00
9600000,0x128,false,Rx,0,8,0x00,0x00,0x1C,0x00,0x14,0x00,0x00,0x00
9600000,0x129,false,Rx,0,8,0x00,0x00,0x1C,0x00,0x14,0x00,0x00,0x00
9600000,0x132,false,Rx,0,8,0x00,0x67,0x00,0x00,0x00,0x00,0x00,0x00
9600000,0x133,false,Rx,0,8,0x00,0x52,0x00,0x00,0x00,0x00,0x00,0x00
9700000,0x100,false,Rx,0,8,0x30,0x2A,0x00,0x00,0x00,0x00,0x00,0x00
9700000,0x111,false,Rx,0,8,0x00,0x52,0x00,0x00,0x00,0x00,0x00,0x00
9700000,0x121,false,Rx,0,8,0x00,0x00,0x02,0x00,0x00,0x00,0x00,0x00
9700000,0x126,false,Rx,0,8,0x00,0x00,0x1B,0x00,0x15,0x00,0x00,0x00
9700000,0x127,false,Rx,0,8,0x00,0x00,0x1B,0x00,0x15,0x00,0x00,0x00
9700000,0x128,false,Rx,0,8,0x00,0x00,0x1B,0x00,0x15,0x00,0x00,0x00
9700000,0x129,false,Rx,0,8,0x00,0x00,0x1B,0x00,0x15,0x00,0x00,0x00
9700000,0x132,false,Rx,0,8,0x00,0x66,0x00,0x00,0x00,0x00,0x00,0x00
9700000,0x133,false,Rx,0,8,0x00,0x51,0x00,0x00,0x00,0x00,0x00,0x00
9800000,0x100,false,Rx,0,8,0x94,0x2A,0x00,0x00,0x00,0x00,0x00,0x00
9800000,0x111,false,Rx,0,8,0x00,0x51,0x00,0x00,0x00,0x00,0x00,0x00
9800000,0x121,false,Rx,0,8,0x00,0x00,0x03,0x00,0x00,0x00,0x00,0x00
9800000,0x126,false,Rx,0,8,0x00,0x00,0x1A,0x00,0x16,0x00,0x00,0x00
9800000,0x127,false,Rx,0,8,0x00,0x00,0x1A,0x00,0x16,0x00,0x00,0x00
9800000,0x128,false,Rx,0,8,0x00,0x00,0x1A,0x00,0x16,0x00,0x00,0x00
9800000,0x129,false,Rx,0,8,0x00,0x00,0x1A,0x00,0x16,0x00,0x00,0x00
9800000,0x132,false,Rx,0,8,0x00,0x65,0x00,0x00,0x00,0x00,0x00,0x00
9800000,0x133,false,Rx,0,8,0x00,0x50,0x00,0x00,0x00,0x00,0x00,0x00
9900000,0x100,false,Rx,0,8,0xF8,0x2A,0x00,0x00,0x00,0x00,0x00,0x00
9900000,0x111,false,Rx,0,8,0x00,0x50,0x00,0x00,0x00,0x00,0x00,0x00
9900000,0x121,false,Rx,0,8,0x00,0x00,0x04,0x00,0x00,0x00,0x00,0x00
9900000,0x126,false,Rx,0,8,0x00,0x00,0x19,0x00,0x15,0x00,0x00,0x00
9900000,0x127,false,Rx,0,8,0x00,0x00,0x19,0x00,0x15,0x00,0x00,0x00
9900000,0x128,false,Rx,0,8,0x00,0x00,0x19,0x00,0x15,0x00,0x00,0x00
9900000,0x129,false,Rx,0,8,0x00,0x00,0x19,0x00,0x15,0x00,0x00,0x00
9900000,0x132,false,Rx,0,8,0x00,0x64,0x00,0x00,0x00,0x00,0x00,0x00
9900000,0x133,false,Rx,0,8,0x00,0x4F,0x00,0x00,0x00,0x00,0x00,0x00
10000000,0x100,false,Rx,0,8,0x5C,0x2B,0x00,0x00,0x00,0x00,0x00,0x00
10000000,0x111,false,Rx,0,8,0x00,0x4F,0x00,0x00,0x00,0x00,0x00,0x00
10000000,0x121,false,Rx,0,8,0x00,0x00,0x05,0x00,0x00,0x00,0x00,0x00
10000000,0x126,false,Rx,0,8,0x00,0x00,0x18,0x00,0x14,0x00,0x00,0x00
10000000,0x127,false,Rx,0,8,0x00,0x00,0x18,0x00,0x14,0x00,0x00,0x00
10000000,0x128,false,Rx,0,8,0x00,0x00,0x18,0x00,0x14,0x00,0x00,0x00
10000000,0x129,false,Rx,0,8,0x00,0x00,0x18,0x00,0x14,0x00,0x00,0x00
10000000,0x132,false,Rx,0,8,0x00,0x63,0x00,0x00,0x00,0x00,0x00,0x00
10000000,0x133,false,Rx,0,8,0x00,0x4E,0x00,0x00,0x00,0x00,0x00,0x00
10100000,0x100,false,Rx,0,8,0xC0,0x2B,0x00,0x00,0x00,0x00,0x00,0x00
10100000,0x111,false,Rx,0,8,0x00,0x4E,0x00,0x00,0x00,0x00,0x00,0x00
10100000,0x121,false,Rx,0,8,0x00,0x00,0x06,0x00,0x00,0x00,0x00,0x00
10100000,0x126,false,Rx,0,8,0x00,0x00,0x17,0x00,0x13,0x00,0x00,0x00
10100000,0x127,false,Rx,0,8,0x00,0x00,0x17,0x00,0x13,0x00,0x00,0x00
10100000,0x128,false,Rx,0,8,0x00,0x00,0x17,0x00,0x13,0x00,0x00,0x00
10100000,0x129,false,Rx,0,8,0x00,0x00,0x17,0x00,0x13,0x00,0x00,0x00
10100000,0x132,false,Rx,0,8,0x00,0x62,0x00,0x00,0x00,0x00,0x00,0x00
10100000,0x133,false,Rx,0,8,0x00,0x4D,0x00,0x00,0x00,0x00,0x00,0x00
10200000,0x100,false,Rx,0,8,0x24,0x2C,0x00,0x00,0x00,0x00,0x00,0x00
10200000,0x111,false,Rx,0,8,0x00,0x4D,0x00,0x00,0x00,0x00,0x00,0x00
10200000,0x121,false,Rx,0,8,0x00,0x00,0x05,0x00,0x00,0x00,0x00,0x00
10200000,0x126,false,Rx,0,8,0x00,0x00,0x16,0x00,0x12,0x00,0x00,0x00
10200000,0x127,false,Rx,0,8,0x00,0x00,0x16,0x00,0x12,0x00,0x00,0x00
10200000,0x128,false,Rx,0,8,0x00,0x00,0x16,0x00,0x12,0x00,0x00,0x00
10200000,0x129,false,Rx,0,8,0x00,0x00,0x16,0x00,0x12,0x00,0x00,0x00
10200000,0x132,false,Rx,0,8,0x00,0x61,0x00,0x00,0x00,0x00,0x00,0x00
10200000,0x133,false,Rx,0,8,0x00,0x4C,0x00,0x00,0x00,0x00,0x00,0x00
10300000,0x100,false,Rx,0,8,0x88,0x2C,0x00,0x00,0x00,0x00,0x00,0x00
10300000,0x111,false,Rx,0,8,0x00,0x4C,0x00,0x00,0x00,0x00,0x00,0x00
10300000,0x121,false,Rx,0,8,0x00,0x00,0x04,0x00,0x00,0x00,0x00,0x00
10300000,0x126,false,Rx,0,8,0x00,0x00,0x15,0x00,0x11,0x00,0x00,0x00
10300000,0x127,false,Rx,0,8,0x00,0x00,0x15,0x00,0x11,0x00,0x00,0x00
10300000,0x128,false,Rx,0,8,0x00,0x00,0x15,0x00,0x11,0x00,0x00,0x00
10300000,0x129,false,Rx,0,8,0x00,0x00,0x15,0x00,0x11,0x00,0x00,0x00
10300000,0x132,false,Rx,0,8,0x00,0x60,0x00,0x00,0x00,0x00,0x00,0x00
10300000,0x133,false,Rx,0,8,0x00,0x4B,0x00,0x00,0x00,0x00,0x00,0x00
10400000,0x100,false,Rx,0,8,0xEC,0x2C,0x00,0x00,0x00,0x00,0x00,0x00
10400000,0x111,false,Rx,0,8,0x00,0x4B,0x00,0x00,0x00,0x00,0x00,0x00
10400000,0x121,false,Rx,0,8,0x00,0x00,0x03,0x00,0x00,0x00,0x00,0x00
10400000,0x126,false,Rx,0,8,0x00,0x00,0x14,0x00,0x10,0x00,0x00,0x00
10400000,0x127,false,Rx,0,8,0x00,0x00,0x14,0x00,0x10,0x00,0x00,0x00
10400000,0x128,false,Rx,0,8,0x00,0x00,0x14,0x00,0x10,0x00,0x00,0x00
10400000,0x129,false,Rx,0,8,0x00,0x00,0x14,0x00,0x10,0x00,0x00,0x00
10400000,0x132,false,Rx,0,8,0x00,0x5F,0x00,0x00,0x00,0x00,0x00,0x00
10400000,0x133,false,Rx,0,8,0x00,0x4A,0x00,0x00,0x00,0x00,0x00,0x00
10500000,0x100,false,Rx,0,8,0x50,0x2D,0x00,0x00,0x00,0x00,0x00,0x00
10500000,0x111,false,Rx,0,8,0x00,0x4A,0x00,0x00,0x00,0x00,0x00,0x00
10500000,0x121,false,Rx,0,8,0x00,0x00,0x02,0x00,0x00,0x00,0x00,0x00
10500000,0x126,false,Rx,0,8,0x00,0x00,0x13,0x00,0x0F,0x00,0x00,0x00
10500000,0x127,false,Rx,0,8,0x00,0x00,0x13,0x00,0x0F,0x00,0x00,0x00
10500000,0x128,false,Rx,0,8,0x00,0x00,0x13,0x00,0x0F,0x00,0x00,0x00
10500000,0x129,false,Rx,0,8,0x00,0x00,0x13,0x00,0x0F,0x00,0x00,0x00
10500000,0x132,false,Rx,0,8,0x00,0x5E,0x00,0x00,0x00,0x00,0x00,0x00
10500000,0x133,false,Rx,0,8,0x00,0x49,0x00,0x00,0x00,0x00,0x00,0x00
10600000,0x100,false,Rx,0,8,0xB4,0x2D,0x00,0x00,0x00,0x00,0x00,0x00
10600000,0x111,false,Rx,0,8,0x00,0x49,0x00,0x00,0x00,0x00,0x00,0x00
10600000,0x121,false,Rx,0,8,0x00,0x00,0x01,0x00,0x00,0x00,0x00,0x00
10600000,0x126,false,Rx,0,8,0x00,0x00,0x12,0x00,0x0E,0x00,0x00,0x00
10600000,0x127,false,Rx,0,8,0x00,0x00,0x12,0x00,0x0E,0x00,0x00,0x00
10600000,0x128,false,Rx,0,8,0x00,0x00,0x12,0x00,0x0E,0x00,0x00,0x00
10600000,0x129,false,Rx,0,8,0x00,0x00,0x12,0x00,0x0E,0x00,0x00,0x00
10600000,0x132,false,Rx,0,8,0x00,0x5D,0x00,0x00,0x00,0x00,0x00,0x00
10600000,0x133,false,Rx,0,8,0x00,0x48,0x00,0x00,0x00,0x00,0x00,0x00
10700000,0x100,false,Rx,0,8,0x18,0x2E,0x00,0x00,0x00,0x00,0x00,0x00
10700000,0x111,false,Rx,0,8,0x00,0x48,0x00,0x00,0x00,0x00,0x00,0x00
10700000,0x121,false,Rx,0,8,0x00,0x00,0x00,0x00,0x00,0x00,0x00,0x00
10700000,0x126,false,Rx,0,8,0x00,0x00,0x11,0x00,0x0D,0x00,0x00,0x00
10700000,0x127,false,Rx,0,8,0x00,0x00,0x11,0x00,0x0D,0x00,0x00,0x00
10700000,0x128,false,Rx,0,8,0x00,0x00,0x11,0x00,0x0D,0x00,0x00,0x00
10700000,0x129,false,Rx,0,8,0x00,0x00,0x11,0x00,0x0D,0x00,0x00,0x00
10700000,0x132,false,Rx,0,8,0x00,0x5C,0x00,0x00,0x00,0x00,0x00,0x00
10700000,0x133,false,Rx,0,8,0x00,0x47,0x00,0x00,0x00,0x00,0x00,0x00
10800000,0x100,false,Rx,0,8,0x7C,0x2E,0x00,0x00,0x00,0x00,0x00,0x00
10800000,0x111,false,Rx,0,8,0x00,0x47,0x00,0x00,0x00,0x00,0x00,0x00
10800000,0x121,false,Rx,0,8,0x00,0x00,0x01,0x00,0x00,0x00,0x00,0x00
10800000,0x126,false,Rx,0,8,0x00,0x00,0x10,0x00,0x0C,0x00,0x00,0x00
10800000,0x127,false,Rx,0,8,0x00,0x00,0x10,0x00,0x0C,0x00,0x00,0x00
10800000,0x128,false,Rx,0,8,0x00,0x00,0x10,0x00,0x0C,0x00,0x00,0x00
10800000,0x129,false,Rx,0,8,0x00,0x00,0x10,0x00,0x0C,0x00,0x00,0x00
10800000,0x132,false,Rx,0,8,0x00,0x5B,0x00,0x00,0x00,0x00,0x00,0x00
10800000,0x133,false,Rx,0,8,0x00,0x46,0x00,0x00,0x00,0x00,0x00,0x00
10900000,0x100,false,Rx,0,8,0xE0,0x2E,0x00,0x00,0x00,0x00,0x00,0x00
10900000,0x111,false,Rx,0,8,0x00,0x46,0x00,0x00,0x00,0x00,0x00,0x00
10900000,0x121,false,Rx,0,8,0x00,0x00,0x02,0x00,0x00,0x00,0x00,0x00
10900000,0x126,false,Rx,0,8,0x00,0x00,0x0F,0x00,0x0B,0x00,0x00,0x00
10900000,0x127,false,Rx,0,8,0x00,0x00,0x0F,0x00,0x0B,0x00,0x00,0x00
10900000,0x128,false,Rx,0,8,0x00,0x00,0x0F,0x00,0x0B,0x00,0x00,0x00
10900000,0x129,false,Rx,0,8,0x00,0x00,0x0F,0x00,0x0B,0x00,0x00,0x00
10900000,0x132,false,Rx,0,8,0x00,0x5A,0x00,0x00,0x00,0x00,0x00,0x00
10900000,0x133,false,Rx,0,8,0x00,0x45,0x00,0x00,0x00,0x00,0x00,0x00
11000000,0x100,false,Rx,0,8,0x44,0x2F,0x00,0x00,0x00,0x00,0x00,0x00
11000000,0x111,false,Rx,0,8,0x00,0x45,0x00,0x00,0x00,0x00,0x00,0x00
11000000,0x121,false,Rx,0,8,0x00,0x00,0x03,0x00,0x00,0x00,0x00,0x00
11000000,0x126,false,Rx,0,8,0x00,0x00,0x0E,0x00,0x0C,0x00,0x00,0x00
11000000,0x127,false,Rx,0,8,0x00,0x00,0x0E,0x00,0x0C,0x00,0x00,0x00
11000000,0x128,false,Rx,0,8,0x00,0x00,0x0E,0x00,0x0C,0x00,0x00,0x00
11000000,0x129,false,Rx,0,8,0x00,0x00,0x0E,0x00,0x0C,0x00,0x00,0x00
11000000,0x132,false,Rx,0,8,0x00,0x59,0x00,0x00,0x00,0x00,0x00,0x00
11000000,0x133,false,Rx,0,8,0x00,0x44,0x00,0x00,0x00,0x00,0x00,0x00
11100000,0x100,false,Rx,0,8,0xA8,0x2F,0x00,0x00,0x00,0x00,0x00,0x00
11100000,0x111,false,Rx,0,8,0x00,0x44,0x00,0x00,0x00,0x00,0x00,0x00
11100000,0x121,false,Rx,0,8,0x00,0x00,0x04,0x00,0x00,0x00,0x00,0x00
11100000,0x126,false,Rx,0,8,0x00,0x00,0x0D,0x00,0x0D,0x00,0x00,0x00
11100000,0x127,false,Rx,0,8,0x00,0x00,0x0D,0x00,0x0D,0x00,0x00,0x00
11100000,0x128,false,Rx,0,8,0x00,0x00,0x0D,0x00,0x0D,0x00,0x00,0x00
11100000,0x129,false,Rx,0,8,0x00,0x00,0x0D,0x00,0x0D,0x00,0x00,0x00
11100000,0x132,false,Rx,0,8,0x00,0x58,0x00,0x00,0x00,0x00,0x00,0x00
11100000,0x133,false,Rx,0,8,0x00,0x43,0x00,0x00,0x00,0x00,0x00,0x00
11200000,0x100,false,Rx,0,8,0x0C,0x30,0x00,0x00,0x00,0x00,0x00,0x00
11200000,0x111,false,Rx,0,8,0x00,0x43,0x00,0x00,0x00,0x00,0x00,0x00
11200000,0x121,false,Rx,0,8,0x00,0x00,0x05,0x00,0x00,0x00,0x00,0x00
11200000,0x126,false,Rx,0,8,0x00,0x00,0x0C,0x00,0x0E,0x00,0x00,0x00
11200000,0x127,false,Rx,0,8,0x00,0x00,0x0C,0x00,0x0E,0x00,0x00,0x00
11200000,0x128,false,Rx,0,8,0x00,0x00,0x0C,0x00,0x0E,0x00,0x00,0x00
11200000,0x129,false,Rx,0,8,0x00,0x00,0x0C,0x00,0x0E,0x00,0x00,0x00
11200000,0x132,false,Rx,0,8,0x00,0x57,0x00,0x00,0x00,0x00,0x00,0x00
11200000,0x133,false,Rx,0,8,0x00,0x42,0x00,0x00,0x00,0x00,0x00,0x00
11300000,0x100,false,Rx,0,8,0x70,0x30,0x00,0x00,0x00,0x00,0x00,0x00
11300000,0x111,false,Rx,0,8,0x00,0x42,0x00,0x00,0x00,0x00,0x00,0x00
11300000,0x121,false,Rx,0,8,0x00,0x00,0x06,0x00,0x00,0x00,0x00,0x00
11300000,0x126,false,Rx,0,8,0x00,0x00,0x0B,0x00,0x0F,0x00,0x00,0x00
11300000,0x127,false,Rx,0,8,0x00,0x00,0x0B,0x00,0x0F,0x00,0x00,0x00
11300000,0x128,false,Rx,0,8,0x00,0x00,0x0B,0x00,0x0F,0x00,0x00,0x00
11300000,0x129,false,Rx,0,8,0x00,0x00,0x0B,0x00,0x0F,0x00,0x00,0x00
11300000,0x132,false,Rx,0,8,0x00,0x56,0x00,0x00,0x00,0x00,0x00,0x00
11300000,0x133,false,Rx,0,8,0x00,0x41,0x00,0x00,0x00,0x00,0x00,0x00
11400000,0x100,false,Rx,0,8,0xD4,0x30,0x00,0x00,0x00,0x00,0x00,0x00
11400000,0x111,false,Rx,0,8,0x00,0x41,0x00,0x00,0x00,0x00,0x00,0x00
11400000,0x121,false,Rx,0,8,0x00,0x00,0x05,0x00,0x00,0x00,0x00,0x00
11400000,0x126,false,Rx,0,8,0x00,0x00,0x0A,0x00,0x10,0x00,0x00,0x00
11400000,0x127,false,Rx,0,8,0x00,0x00,0x0A,0x00,0x10,0x00,0x00,0x00
11400000,0x128,false,Rx,0,8,0x00,0x00,0x0A,0x00,0x10,0x00,0x00,0x00
11400000,0x129,false,Rx,0,8,0x00,0x00,0x0A,0x00,0x10,0x00,0x00,0x00
11400000,0x132,false,Rx,0,8,0x00,0x55,0x00,0x00,0x00,0x00,0x00,0x00
11400000,0x133,false,Rx,0,8,0x00,0x40,0x00,0x00,0x00,0x00,0x00,0x00
11500000,0x100,false,Rx,0,8,0x38,0x31,0x00,0x00,0x00,0x00,0x00,0x00
11500000,0x111,false,Rx,0,8,0x00,0x40,0x00,0x00,0x00,0x00,0x00,0x00
11500000,0x121,false,Rx,0,8,0x00,0x00,0x04,0x00,0x00,0x00,0x00,0x00
11500000,0x126,false,Rx,0,8,0x00,0x00,0x09,0x00,0x11,0x00,0x00,0x00
11500000,0x127,false,Rx,0,8,0x00,0x00,0x09,0x00,0x11,0x00,0x00,0x00
11500000,0x128,false,Rx,0,8,0x00,0x00,0x09,0x00,0x11,0x00,0x00,0x00
11500000,0x129,false,Rx,0,8,0x00,0x00,0x09,0x00,0x11,0x00,0x00,0x00
11500000,0x132,false,Rx,0,8,0x00,0x54,0x00,0x00,0x00,0x00,0x00,0x00
11500000,0x133,false,Rx,0,8,0x00,0x3F,0x00,0x00,0x00,0x00,0x00,0x00
11600000,0x100,false,Rx,0,8,0x9C,0x31,0x00,0x00,0x00,0x00,0x00,0x00
11600000,0x111,false,Rx,0,8,0x00,0x3F,0x00,0x00,0x00,0x00,0x00,0x00
11600000,0x121,false,Rx,0,8,0x00,0x00,0x03,0x00,0x00,0x00,0x00,0x00
11600000,0x126,false,Rx,0,8,0x00,0x00,0x08,0x00,0x12,0x00,0x00,0x00
11600000,0x127,false,Rx,0,8,0x00,0x00,0x08,0x00,0x12,0x00,0x00,0x00
11600000,0x128,false,Rx,0,8,0x00,0x00,0x08,0x00,0x12,0x00,0x00,0x00
11600000,0x129,false,Rx,0,8,0x00,0x00,0x08,0x00,0x12,0x00,0x00,0x00
11600000,0x132,false,Rx,0,8,0x00,0x53,0x00,0x00,0x00,0x00,0x00,0x00
11600000,0x133,false,Rx,0,8,0x00,0x3E,0x00,0x00,0x00,0x00,0x00,0x00
11700000,0x100,false,Rx,0,8,0x00,0x32,0x00,0x00,0x00,0x00,0x00,0x00
11700000,0x111,false,Rx,0,8,0x00,0x3E,0x00,0x00,0x00,0x00,0x00,0x00
11700000,0x121,false,Rx,0,8,0x00,0x00,0x02,0x00,0x00,0x00,0x00,0x00
11700000,0x126,false,Rx,0,8,0x00,0x00,0x07,0x00,0x13,0x00,0x00,0x00
11700000,0x127,false,Rx,0,8,0x00,0x00,0x07,0x00,0x13,0x00,0x00,0x00
11700000,0x128,false,Rx,0,8,0x00,0x00,0x07,0x00,0x13,0x00,0x00,0x00
11700000,0x129,false,Rx,0,8,0x00,0x00,0x07,0x00,0x13,0x00,0x00,0x00
11700000,0x132,false,Rx,0,8,0x00,0x52,0x00,0x00,0x00,0x00,0x00,0x00
11700000,0x133,false,Rx,0,8,0x00,0x3D,0x00,0x00,0x00,0x00,0x00,0x00
11800000,0x100,false,Rx,0,8,0x64,0x32,0x00,0x00,0x00,0x00,0x00,0x00
11800000,0x111,false,Rx,0,8,0x00,0x3D,0x00,0x00,0x00,0x00,0x00,0x00
11800000,0x121,false,Rx,0,8,0x00,0x00,0x01,0x00,0x00,0x00,0x00,0x00
11800000,0x126,false,Rx,0,8,0x00,0x00,0x06,0x00,0x14,0x00,0x00,0x00
11800000,0x127,false,Rx,0,8,0x00,0x00,0x06,0x00,0x14,0x00,0x00,0x00
11800000,0x128,false,Rx,0,8,0x00,0x00,0x06,0x00,0x14,0x00,0x00,0x00
11800000,0x129,false,Rx,0,8,0x00,0x00,0x06,0x00,0x14,0x00,0x00,0x00
11800000,0x132,false,Rx,0,8,0x00,0x51,0x00,0x00,0x00,0x00,0x00,0x00
11800000,0x133,false,Rx,0,8,0x00,0x3C,0x00,0x00,0x00,0x00,0x00,0x00
11900000,0x100,false,Rx,0,8,0xC8,0x32,0x00,0x00,0x00,0x00,0x00,0x00
11900000,0x111,false,Rx,0,8,0x00,0x3C,0x00,0x00,0x00,0x00,0x00,0x00
11900000,0x121,false,Rx,0,8,0x00,0x00,0x00,0x00,0x00,0x00,0x00,0x00
11900000,0x126,false,Rx,0,8,0x00,0x00,0x05,0x00,0x15,0x00,0x00,0x00
11900000,0x127,false,Rx,0,8,0x00,0x00,0x05,0x00,0x15,0x00,0x00,0x00
11900000,0x128,false,Rx,0,8,0x00,0x00,0x05,0x00,0x15,0x00,0x00,0x00
11900000,0x129,false,Rx,0,8,0x00,0x00,0x05,0x00,0x15,0x00,0x00,0x00
11900000,0x132,false,Rx,0,8,0x00,0x50,0x00,0x00,0x00,0x00,0x00,0x00
11900000,0x133,false,Rx,0,8,0x00,0x3B,0x00,0x00,0x00,0x00,0x00,0x00
12000000,0x100,false,Rx,0,8,0x2C,0x33,0x00,0x00,0x00,0x00,0x00,0x00
12000000,0x111,false,Rx,0,8,0x00,0x3D,0x00,0x00,0x00,0x00,0x00,0x00
12000000,0x121,false,Rx,0,8,0x00,0x00,0x01,0x00,0x00,0x00,0x00,0x00
12000000,0x126,false,Rx,0,8,0x00,0x00,0x06,0x00,0x16,0x00,0x00,0x00
12000000,0x127,false,Rx,0,8,0x00,0x00,0x06,0x00,0x16,0x00,0x00,0x00
12000000,0x128,false,Rx,0,8,0x00,0x00,0x06,0x00,0x16,0x00,0x00,0x00
12000000,0x129,false,Rx,0,8,0x00,0x00,0x06,0x00,0x16,0x00,0x00,0x00
12000000,0x132,false,Rx,0,8,0x00,0x4F,0x00,0x00,0x00,0x00,0x00,0x00
12000000,0x133,false,Rx,0,8,0x00,0x3A,0x00,0x00,0x00,0x00,0x00,0x00
12100000,0x100,false,Rx,0,8,0x90,0x33,0x00,0x00,0x00,0x00,0x00,0x00
12100000,0x111,false,Rx,0,8,0x00,0x3E,0x00,0x00,0x00,0x00,0x00,0x00
12100000,0x121,false,Rx,0,8,0x00,0x00,0x02,0x00,0x00,0x00,0x00,0x00
12100000,0x126,false,Rx,0,8,0x00,0x00,0x07,0x00,0x15,0x00,0x00,0x00
12100000,0x127,false,Rx,0,8,0x00,0x00,0x07,0x00,0x15,0x00,0x00,0x00
12100000,0x128,false,Rx,0,8,0x00,0x00,0x07,0x00,0x15,0x00,0x00,0x00
12100000,0x129,false,Rx,0,8,0x00,0x00,0x07,0x00,0x15,0x00,0x00,0x00
12100000,0x132,false,Rx,0,8,0x00,0x4E,0x00,0x00,0x00,0x00,0x00,0x00
12100000,0x133,false,Rx,0,8,0x00,0x39,0x00,0x00,0x00,0x00,0x00,0x00
12200000,0x100,false,Rx,0,8,0xF4,0x33,0x00,0x00,0x00,0x00,0x00,0x00
12200000,0x111,false,Rx,0,8,0x00,0x3F,0x00,0x00,0x00,0x00,0x00,0x00
12200000,0x121,false,Rx,0,8,0x00,0x00,0x03,0x00,0x00,0x00,0x00,0x00
12200000,0x126,false,Rx,0,8,0x00,0x00,0x08,0x00,0x14,0x00,0x00,0x00
12200000,0x127,false,Rx,0,8,0x00,0x00,0x08,0x00,0x14,0x00,0x00,0x00
12200000,0x128,false,Rx,0,8,0x00,0x00,0x08,0x00,0x14,0x00,0x00,0x00
12200000,0x129,false,Rx,0,8,0x00,0x00,0x08,0x00,0x14,0x00,0x00,0x00
12200000,0x132,false,Rx,0,8,0x00,0x4D,0x00,0x00,0x00,0x00,0x00,0x00
12200000,0x133,false,Rx,0,8,0x00,0x38,0x00,0x00,0x00,0x00,0x00,0x00
12300000,0x100,false,Rx,0,8,0x58,0x34,0x00,0x00,0x00,0x00,0x00,0x00
12300000,0x111,false,Rx,0,8,0x00,0x40,0x00,0x00,0x00,0x00,0x00,0x00
12300000,0x121,false,Rx,0,8,0x00,0x00,0x04,0x00,0x00,0x00,0x00,0x00
12300000,0x126,false,Rx,0,8,0x00,0x00,0x09,0x00,0x13,0x00,0x00,0x00
12300000,0x127,false,Rx,0,8,0x00,0x00,0x09,0x00,0x13,0x00,0x00,0x00
12300000,0x128,false,Rx,0,8,0x00,0x00,0x09,0x00,0x13,0x00,0x00,0x00
12300000,0x129,false,Rx,0,8,0x00,0x00,0x09,0x00,0x13,0x00,0x00,0x00
12300000,0x132,false,Rx,0,8,0x00,0x4C,0x00,0x00,0x00,0x00,0x00,0x00
12300000,0x133,false,Rx,0,8,0x00,0x37,0x00,0x00,0x00,0x00,0x00,0x00
12400000,0x100,false,Rx,0,8,0xBC,0x34,0x00,0x00,0x00,0x00,0x00,0x00
12400000,0x111,false,Rx,0,8,0x00,0x41,0x00,0x00,0x00,0x00,0x00,0x00
12400000,0x121,false,Rx,0,8,0x00,0x00,0x05,0x00,0x00,0x00,0x00,0x00
12400000,0x126,false,Rx,0,8,0x00,0x00,0x0A,0x00,0x12,0x00,0x00,0x00
12400000,0x127,false,Rx,0,8,0x00,0x00,0x0A,0x00,0x12,0x00,0x00,0x00
12400000,0x128,false,Rx,0,8,0x00,0x00,0x0A,0x00,0x12,0x00,0x00,0x00
12400000,0x129,false,Rx,0,8,0x00,0x00,0x0A,0x00,0x12,0x00,0x00,0x00
12400000,0x132,false,Rx,0,8,0x00,0x4B,0x00,0x00,0x00,0x00,0x00,0x00
12400000,0x133,false,Rx,0,8,0x00,0x36,0x00,0x00,0x00,0x00,0x00,0x00
12500000,0x100,false,Rx,0,8,0x20,0x35,0x00,0x00,0x00,0x00,0x00,0x00
12500000,0x111,false,Rx,0,8,0x00,0x42,0x00,0x00,0x00,0x00,0x00,0x00
12500000,0x121,false,Rx,0,8,0x00,0x00,0x06,0x00,0x00,0x00,0x00,0x00
12500000,0x126,false,Rx,0,8,0x00,0x00,0x0B,0x00,0x11,0x00,0x00,0x00
12500000,0x127,false,Rx,0,8,0x00,0x00,0x0B,0x00,0x11,0x00,0x00,0x00
12500000,0x128,false,Rx,0,8,0x00,0x00,0x0B,0x00,0x11,0x00,0x00,0x00
12500000,0x129,false,Rx,0,8,0x00,0x00,0x0B,0x00,0x11,0x00,0x00,0x00
12500000,0x132,false,Rx,0,8,0x00,0x4A,0x00,0x00,0x00,0x00,0x00,0x00
12500000,0x133,false,Rx,0,8,0x00,0x35,0x00,0x00,0x00,0x00,0x00,0x00
12600000,0x100,false,Rx,0,8,0x84,0x35,0x00,0x00,0x00,0x00,0x00,0x00
12600000,0x111,false,Rx,0,8,0x00,0x43,0x00,0x00,0x00,0x00,0x00,0x00
12600000,0x121,false,Rx,0,8,0x00,0x00,0x05,0x00,0x00,0x00,0x00,0x00
12600000,0x126,false,Rx,0,8,0x00,0x00,0x0C,0x00,0x10,0x00,0x00,0x00
12600000,0x127,false,Rx,0,8,0x00,0x00,0x0C,0x00,0x10,0x00,0x00,0x00
12600000,0x128,false,Rx,0,8,0x00,0x00,0x0C,0x00,0x10,0x00,0x00,0x00
12600000,0x129,false,Rx,0,8,0x00,0x00,0x0C,0x00,0x10,0x00,0x00,0x00
12600000,0x132,false,Rx,0,8,0x00,0x49,0x00,0x00,0x00,0x00,0x00,0x00
12600000,0x133,false,Rx,0,8,0x00,0x34,0x00,0x00,0x00,0x00,0x00,0x00
12700000,0x100,false,Rx,0,8,0xE8,0x35,0x00,0x00,0x00,0x00,0x00,0x00
12700000,0x111,false,Rx,0,8,0x00,0x44,0x00,0x00,0x00,0x00,0x00,0x00
12700000,0x121,false,Rx,0,8,0x00,0x00,0x04,0x00,0x00,0x00,0x00,0x00
12700000,0x126,false,Rx,0,8,0x00,0x00,0x0D,0x00,0x0F,0x00,0x00,0x00
12700000,0x127,false,Rx,0,8,0x00,0x00,0x0D,0x00,0x0F,0x00,0x00,0x00
12700000,0x128,false,Rx,0,8,0x00,0x00,0x0D,0x00,0x0F,0x00,0x00,0x00
12700000,0x129,false,Rx,0,8,0x00,0x00,0x0D,0x00,0x0F,0x00,0x00,0x00
12700000,0x132,false,Rx,0,8,0x00,0x48,0x00,0x00,0x00,0x00,0x00,0x00
12700000,0x133,false,Rx,0,8,0x00,0x33,0x00,0x00,0x00,0x00,0x00,0x00
12800000,0x100,false,Rx,0,8,0x4C,0x36,0x00,0x00,0x00,0x00,0x00,0x00
12800000,0x111,false,Rx,0,8,0x00,0x45,0x00,0x00,0x00,0x00,0x00,0x00
12800000,0x121,false,Rx,0,8,0x00,0x00,0x03,0x00,0x00,0x00,0x00,0x00
12800000,0x126,false,Rx,0,8,0x00,0x00,0x0E,0x00,0x0E,0x00,0x00,0x00
12800000,0x127,false,Rx,0,8,0x00,0x00,0x0E,0x00,0x0E,0x00,0x00,0x00
12800000,0x128,false,Rx,0,8,0x00,0x00,0x0E,0x00,0x0E,0x00,0x00,0x00
12800000,0x129,false,Rx,0,8,0x00,0x00,0x0E,0x00,0x0E,0x00,0x00,0x00
12800000,0x132,false,Rx,0,8,0x00,0x47,0x00,0x00,0x00,0x00,0x00,0x00
12800000,0x133,false,Rx,0,8,0x00,0x32,0x00,0x00,0x00,0x00,0x00,0x00
12900000,0x100,false,Rx,0,8,0xB0,0x36,0x00,0x00,0x00,0x00,0x00,0x00
12900000,0x111,false,Rx,0,8,0x00,0x46,0x00,0x00,0x00,0x00,0x00,0x00
12900000,0x121,false,Rx,0,8,0x00,0x00,0x02,0x00,0x00,0x00,0x00,0x00
12900000,0x126,false,Rx,0,8,0x00,0x00,0x0F,0x00,0x0D,0x00,0x00,0x00
12900000,0x127,false,Rx,0,8,0x00,0x00,0x0F,0x00,0x0D,0x00,0x00,0x00
12900000,0x128,false,Rx,0,8,0x00,0x00,0x0F,0x00,0x0D,0x00,0x00,0x00
12900000,0x129,false,Rx,0,8,0x00,0x00,0x0F,0x00,0x0D,0x00,0x00,0x00
12900000,0x132,false,Rx,0,8,0x00,0x46,0x00,0x00,0x00,0x00,0x00,0x00
12900000,0x133,false,Rx,0,8,0x00,0x31,0x00,0x00,0x00,0x00,0x00,0x00
13000000,0x100,false,Rx,0,8,0x4C,0x36,0x00,0x00,0x00,0x00,0x00,0x00
13000000,0x111,false,Rx,0,8,0x00,0x47,0x00,0x00,0x00,0x00,0x00,0x00
13000000,0x121,false,Rx,0,8,0x00,0x00,0x01,0x00,0x00,0x00,0x00,0x00
13000000,0x126,false,Rx,0,8,0x00,0x00,0x10,0x00,0x0C,0x00,0x00,0x00
13000000,0x127,false,Rx,0,8,0x00,0x00,0x10,0x00,0x0C,0x00,0x00,0x00
13000000,0x128,false,Rx,0,8,0x00,0x00,0x10,0x00,0x0C,0x00,0x00,0x00
13000000,0x129,false,Rx,0,8,0x00,0x00,0x10,0x00,0x0C,0x00,0x00,0x00
13000000,0x132,false,Rx,0,8,0x00,0x45,0x00,0x00,0x00,0x00,0x00,0x00
13000000,0x133,false,Rx,0,8,0x00,0x30,0x00,0x00,0x00,0x00,0x00,0x00
13100000,0x100,false,Rx,0,8,0xE8,0x35,0x00,0x00,0x00,0x00,0x00,0x00
13100000,0x111,false,Rx,0,8,0x00,0x48,0x00,0x00,0x00,0x00,0x00,0x00
13100000,0x121,false,Rx,0,8,0x00,0x00,0x00,0x00,0x00,0x00,0x00,0x00
13100000,0x126,false,Rx,0,8,0x00,0x00,0x11,0x00,0x0B,0x00,0x00,0x00
13100000,0x127,false,Rx,0,8,0x00,0x00,0x11,0x00,0x0B,0x00,0x00,0x00
13100000,0x128,false,Rx,0,8,0x00,0x00,0x11,0x00,0x0B,0x00,0x00,0x00
13100000,0x129,false,Rx,0,8,0x00,0x00,0x11,0x00,0x0B,0x00,0x00,0x00
13100000,0x132,false,Rx,0,8,0x00,0x44,0x00,0x00,0x00,0x00,0x00,0x00
13100000,0x133,false,Rx,0,8,0x00,0x2F,0x00,0x00,0x00,0x00,0x00,0x00
13200000,0x100,false,Rx,0,8,0x84,0x35,0x00,0x00,0x00,0x00,0x00,0x00
13200000,0x111,false,Rx,0,8,0x00,0x49,0x00,0x00,0x00,0x00,0x00,0x00
13200000,0x121,false,Rx,0,8,0x00,0x00,0x01,0x00,0x00,0x00,0x00,0x00
13200000,0x126,false,Rx,0,8,0x00,0x00,0x12,0x00,0x0C,0x00,0x00,0x00
13200000,0x127,false,Rx,0,8,0x00,0x00,0x12,0x00,0x0C,0x00,0x00,0x00
13200000,0x128,false,Rx,0,8,0x00,0x00,0x12,0x00,0x0C,0x00,0x00,0x00
13200000,0x129,false,Rx,0,8,0x00,0x00,0x12,0x00,0x0C,0x00,0x00,0x00
13200000,0x132,false,Rx,0,8,0x00,0x43,0x00,0x00,0x00,0x00,0x00,0x00
13200000,0x133,false,Rx,0,8,0x00,0x2E,0x00,0x00,0x00,0x00,0x00,0x00
13300000,0x100,false,Rx,0,8,0x20,0x35,0x00,0x00,0x00,0x00,0x00,0x00
13300000,0x111,false,Rx,0,8,0x00,0x4A,0x00,0x00,0x00,0x00,0x00,0x00
13300000,0x121,false,Rx,0,8,0x00,0x00,0x02,0x00,0x00,0x00,0x00,0x00
13300000,0x126,false,Rx,0,8,0x00,0x00,0x13,0x00,0x0D,0x00,0x00,0x00
13300000,0x127,false,Rx,0,8,0x00,0x00,0x13,0x00,0x0D,0x00,0x00,0x00
13300000,0x128,false,Rx,0,8,0x00,0x00,0x13,0x00,0x0D,0x00,0x00,0x00
13300000,0x129,false,Rx,0,8,0x00,0x00,0x13,0x00,0x0D,0x00,0x00,0x00
13300000,0x132,false,Rx,0,8,0x00,0x42,0x00,0x00,0x00,0x00,0x00,0x00
13300000,0x133,false,Rx,0,8,0x00,0x2D,0x00,0x00,0x00,0x00,0x00,0x00
13400000,0x100,false,Rx,0,8,0xBC,0x34,0x00,0x00,0x00,0x00,0x00,0x00
13400000,0x111,false,Rx,0,8,0x00,0x4B,0x00,0x00,0x00,0x00,0x00,0x00
13400000,0x121,false,Rx,0,8,0x00,0x00,0x03,0x00,0x00,0x00,0x00,0x00
13400000,0x126,false,Rx,0,8,0x00,0x00,0x14,0x00,0x0E,0x00,0x00,0x00
13400000,0x127,false,Rx,0,8,0x00,0x00,0x14,0x00,0x0E,0x00,0x00,0x00
13400000,0x128,false,Rx,0,8,0x00,0x00,0x14,0x00,0x0E,0x00,0x00,0x00
13400000,0x129,false,Rx,0,8,0x00,0x00,0x14,0x00,0x0E,0x00,0x00,0x00
13400000,0x132,false,Rx,0,8,0x00,0x41,0x00,0x00,0x00,0x00,0x00,0x00
13400000,0x133,false,Rx,0,8,0x00,0x2C,0x00,0x00,0x00,0x00,0x00,0x00
13500000,0x100,false,Rx,0,8,0x58,0x34,0x00,0x00,0x00,0x00,0x00,0x00
13500000,0x111,false,Rx,0,8,0x00,0x4C,0x00,0x00,0x00,0x00,0x00,0x00
13500000,0x121,false,Rx,0,8,0x00,0x00,0x04,0x00,0x00,0x00,0x00,0x00
13500000,0x126,false,Rx,0,8,0x00,0x00,0x15,0x00,0x0F,0x00,0x00,0x00
13500000,0x127,false,Rx,0,8,0x00,0x00,0x15,0x00,0x0F,0x00,0x00,0x00
13500000,0x128,false,Rx,0,8,0x00,0x00,0x15,0x00,0x0F,0x00,0x00,0x00
13500000,0x129,false,Rx,0,8,0x00,0x00,0x15,0x00,0x0F,0x00,0x00,0x00
13500000,0x132,false,Rx,0,8,0x00,0x40,0x00,0x00,0x00,0x00,0x00,0x00
13500000,0x133,false,Rx,0,8,0x00,0x2B,0x00,0x00,0x00,0x00,0x00,0x00
13600000,0x100,false,Rx,0,8,0xF4,0x33,0x00,0x00,0x00,0x00,0x00,0x00
13600000,0x111,false,Rx,0,8,0x00,0x4D,0x00,0x00,0x00,0x00,0x00,0x00
13600000,0x121,false,Rx,0,8,0x00,0x00,0x05,0x00,0x00,0x00,0x00,0x00
13600000,0x126,false,Rx,0,8,0x00,0x00,0x16,0x00,0x10,0x00,0x00,0x00
13600000,0x127,false,Rx,0,8,0x00,0x00,0x16,0x00,0x10,0x00,0x00,0x00
13600000,0x128,false,Rx,0,8,0x00,0x00,0x16,0x00,0x10,0x00,0x00,0x00
13600000,0x129,false,Rx,0,8,0x00,0x00,0x16,0x00,0x10,0x00,0x00,0x00
13600000,0x132,false,Rx,0,8,0x00,0x3F,0x00,0x00,0x00,0x00,0x00,0x00
13600000,0x133,false,Rx,0,8,0x00,0x2A,0x00,0x00,0x00,0x00,0x00,0x00
13700000,0x100,false,Rx,0,8,0x90,0x33,0x00,0x00,0x00,0x00,0x00,0x00
13700000,0x111,false,Rx,0,8,0x00,0x4E,0x00,0x00,0x00,0x00,0x00,0x00
13700000,0x121,false,Rx,0,8,0x00,0x00,0x06,0x00,0x00,0x00,0x00,0x00
13700000,0x126,false,Rx,0,8,0x00,0x00,0x17,0x00,0x11,0x00,0x00,0x00
13700000,0x127,false,Rx,0,8,0x00,0x00,0x17,0x00,0x11,0x00,0x00,0x00
13700000,0x128,false,Rx,0,8,0x00,0x00,0x17,0x00,0x11,0x00,0x00,0x00
13700000,0x129,false,Rx,0,8,0x00,0x00,0x17,0x00,0x11,0x00,0x00,0x00
13700000,0x132,false,Rx,0,8,0x00,0x3E,0x00,0x00,0x00,0x00,0x00,0x00
13700000,0x133,false,Rx,0,8,0x00,0x29,0x00,0x00,0x00,0x00,0x00,0x00
13800000,0x100,false,Rx,0,8,0x2C,0x33,0x00,0x00,0x00,0x00,0x00,0x00
13800000,0x111,false,Rx,0,8,0x00,0x4F,0x00,0x00,0x00,0x00,0x00,0x00
13800000,0x121,false,Rx,0,8,0x00,0x00,0x05,0x00,0x00,0x00,0x00,0x00
13800000,0x126,false,Rx,0,8,0x00,0x00,0x18,0x00,0x12,0x00,0x00,0x00
13800000,0x127,false,Rx,0,8,0x00,0x00,0x18,0x00,0x12,0x00,0x00,0x00
13800000,0x128,false,Rx,0,8,0x00,0x00,0x18,0x00,0x12,0x00,0x00,0x00
13800000,0x129,false,Rx,0,8,0x00,0x00,0x18,0x00,0x12,0x00,0x00,0x00
13800000,0x132,false,Rx,0,8,0x00,0x3D,0x00,0x00,0x00,0x00,0x00,0x00
13800000,0x133,false,Rx,0,8,0x00,0x28,0x00,0x00,0x00,0x00,0x00,0x00
13900000,0x100,false,Rx,0,8,0xC8,0x32,0x00,0x00,0x00,0x00,0x00,0x00
13900000,0x111,false,Rx,0,8,0x00,0x50,0x00,0x00,0x00,0x00,0x00,0x00
13900000,0x121,false,Rx,0,8,0x00,0x00,0x04,0x00,0x00,0x00,0x00,0x00
13900000,0x126,false,Rx,0,8,0x00,0x00,0x19,0x00,0x13,0x00,0x00,0x00
13900000,0x127,false,Rx,0,8,0x00,0x00,0x19,0x00,0x13,0x00,0x00,0x00
13900000,0x128,false,Rx,0,8,0x00,0x00,0x19,0x00,0x13,0x00,0x00,0x00
13900000,0x129,false,Rx,0,8,0x00,0x00,0x19,0x00,0x13,0x00,0x00,0x00
13900000,0x132,false,Rx,0,8,0x00,0x3C,0x00,0x00,0x00,0x00,0x00,0x00
13900000,0x133,false,Rx,0,8,0x00,0x27,0x00,0x00,0x00,0x00,0x00,0x00
14000000,0x100,false,Rx,0,8,0x64,0x32,0x00,0x00,0x00,0x00,0x00,0x00
14000000,0x111,false,Rx,0,8,0x00,0x51,0x00,0x00,0x00,0x00,0x00,0x00
14000000,0x121,false,Rx,0,8,0x00,0x00,0x03,0x00,0x00,0x00,0x00,0x00
14000000,0x126,false,Rx,0,8,0x00,0x00,0x1A,0x00,0x14,0x00,0x00,0x00
14000000,0x127,false,Rx,0,8,0x00,0x00,0x1A,0x00,0x14,0x00,0x00,0x00
14000000,0x128,false,Rx,0,8,0x00,0x00,0x1A,0x00,0x14,0x00,0x00,0x00
14000000,0x129,false,Rx,0,8,0x00,0x00,0x1A,0x00,0x14,0x00,0x00,0x00
14000000,0x132,false,Rx,0,8,0x00,0x3B,0x00,0x00,0x00,0x00,0x00,0x00
14000000,0x133,false,Rx,0,8,0x00,0x26,0x00,0x00,0x00,0x00,0x00,0x00
14100000,0x100,false,Rx,0,8,0x00,0x32,0x00,0x00,0x00,0x00,0x00,0x00
14100000,0x111,false,Rx,0,8,0x00,0x52,0x00,0x00,0x00,0x00,0x00,0x00
14100000,0x121,false,Rx,0,8,0x00,0x00,0x02,0x00,0x00,0x00,0x00,0x00
14100000,0x126,false,Rx,0,8,0x00,0x00,0x1B,0x00,0x15,0x00,0x00,0x00
14100000,0x127,false,Rx,0,8,0x00,0x00,0x1B,0x00,0x15,0x00,0x00,0x00
14100000,0x128,false,Rx,0,8,0x00,0x00,0x1B,0x00,0x15,0x00,0x00,0x00
14100000,0x129,false,Rx,0,8,0x00,0x00,0x1B,0x00,0x15,0x00,0x00,0x00
14100000,0x132,false,Rx,0,8,0x00,0x3A,0x00,0x00,0x00,0x00,0x00,0x00
14100000,0x133,false,Rx,0,8,0x00,0x25,0x00,0x00,0x00,0x00,0x00,0x00
14200000,0x100,false,Rx,0,8,0x9C,0x31,0x00,0x00,0x00,0x00,0x00,0x00
14200000,0x111,false,Rx,0,8,0x00,0x53,0x00,0x00,0x00,0x00,0x00,0x00
14200000,0x121,false,Rx,0,8,0x00,0x00,0x01,0x00,0x00,0x00,0x00,0x00
14200000,0x126,false,Rx,0,8,0x00,0x00,0x1C,0x00,0x16,0x00,0x00,0x00
14200000,0x127,false,Rx,0,8,0x00,0x00,0x1C,0x00,0x16,0x00,0x00,0x00
14200000,0x128,false,Rx,0,8,0x00,0x00,0x1C,0x00,0x16,0x00,0x00,0x00
14200000,0x129,false,Rx,0,8,0x00,0x00,0x1C,0x00,0x16,0x00,0x00,0x00
14200000,0x132,false,Rx,0,8,0x00,0x39,0x00,0x00,0x00,0x00,0x00,0x00
14200000,0x133,false,Rx,0,8,0x00,0x24,0x00,0x00,0x00,0x00,0x00,0x00
14300000,0x100,false,Rx,0,8,0x38,0x31,0x00,0x00,0x00,0x00,0x00,0x00
14300000,0x111,false,Rx,0,8,0x00,0x54,0x00,0x00,0x00,0x00,0x00,0x00
14300000,0x121,false,Rx,0,8,0x00,0x00,0x00,0x00,0x00,0x00,0x00,0x00
14300000,0x126,false,Rx,0,8,0x00,0x00,0x1D,0x00,0x15,0x00,0x00,0x00
14300000,0x127,false,Rx,0,8,0x00,0x00,0x1D,0x00,0x15,0x00,0x00,0x00
14300000,0x128,false,Rx,0,8,0x00,0x00,0x1D,0x00,0x15,0x00,0x00,0x00
14300000,0x129,false,Rx,0,8,0x00,0x00,0x1D,0x00,0x15,0x00,0x00,0x00
14300000,0x132,false,Rx,0,8,0x00,0x38,0x00,0x00,0x00,0x00,0x00,0x00
14300000,0x133,false,Rx,0,8,0x00,0x23,0x00,0x00,0x00,0x00,0x00,0x00
14400000,0x100,false,Rx,0,8,0xD4,0x30,0x00,0x00,0x00,0x00,0x00,0x00
14400000,0x111,false,Rx,0,8,0x00,0x55,0x00,0x00,0x00,0x00,0x00,0x00
14400000,0x121,false,Rx,0,8,0x00,0x00,0x01,0x00,0x00,0x00,0x00,0x00
14400000,0x126,false,Rx,0,8,0x00,0x00,0x1E,0x00,0x14,0x00,0x00,0x00
14400000,0x127,false,Rx,0,8,0x00,0x00,0x1E,0x00,0x14,0x00,0x00,0x00
14400000,0x128,false,Rx,0,8,0x00,0x00,0x1E,0x00,0x14,0x00,0x00,0x00
14400000,0x129,false,Rx,0,8,0x00,0x00,0x1E,0x00,0x14,0x00,0x00,0x00
14400000,0x132,false,Rx,0,8,0x00,0x37,0x00,0x00,0x00,0x00,0x00,0x00
14400000,0x133,false,Rx,0,8,0x00,0x22,0x00,0x00,0x00,0x00,0x00,0x00
14500000,0x100,false,Rx,0,8,0x70,0x30,0x00,0x00,0x00,0x00,0x00,0x00
14500000,0x111,false,Rx,0,8,0x00,0x56,0x00,0x00,0x00,0x00,0x00,0x00
14500000,0x121,false,Rx,0,8,0x00,0x00,0x02,0x00,0x00,0x00,0x00,0x00
14500000,0x126,false,Rx,0,8,0x00,0x00,0x1F,0x00,0x13,0x00,0x00,0x00
14500000,0x127,false,Rx,0,8,0x00,0x00,0x1F,0x00,0x13,0x00,0x00,0x00
14500000,0x128,false,Rx,0,8,0x00,0x00,0x1F,0x00,0x13,0x00,0x00,0x00
14500000,0x129,false,Rx,0,8,0x00,0x00,0x1F,0x00,0x13,0x00,0x00,0x00
14500000,0x132,false,Rx,0,8,0x00,0x36,0x00,0x00,0x00,0x00,0x00,0x00
14500000,0x133,false,Rx,0,8,0x00,0x21,0x00,0x00,0x00,0x00,0x00,0x00
14600000,0x100,false,Rx,0,8,0x0C,0x30,0x00,0x00,0x00,0x00,0x00,0x00
14600000,0x111,false,Rx,0,8,0x00,0x57,0x00,0x00,0x00,0x00,0x00,0x00
14600000,0x121,false,Rx,0,8,0x00,0x00,0x03,0x00,0x00,0x00,0x00,0x00
14600000,0x126,false,Rx,0,8,0x00,0x00,0x20,0x00,0x12,0x00,0x00,0x00
14600000,0x127,false,Rx,0,8,0x00,0x00,0x20,0x00,0x12,0x00,0x00,0x00
14600000,0x128,false,Rx,0,8,0x00,0x00,0x20,0x00,0x12,0x00,0x00,0x00
14600000,0x129,false,Rx,0,8,0x00,0x00,0x20,0x00,0x12,0x00,0x00,0x00
14600000,0x132,false,Rx,0,8,0x00,0x35,0x00,0x00,0x00,0x00,0x00,0x00
14600000,0x133,false,Rx,0,8,0x00,0x20,0x00,0x00,0x00,0x00,0x00,0x00
14700000,0x100,false,Rx,0,8,0xA8,0x2F,0x00,0x00,0x00,0x00,0x00,0x00
14700000,0x111,false,Rx,0,8,0x00,0x58,0x00,0x00,0x00,0x00,0x00,0x00
14700000,0x121,false,Rx,0,8,0x00,0x00,0x04,0x00,0x00,0x00,0x00,0x00
14700000,0x126,false,Rx,0,8,0x00,0x00,0x21,0x00,0x11,0x00,0x00,0x00
14700000,0x127,false,Rx,0,8,0x00,0x00,0x21,0x00,0x11,0x00,0x00,0x00
14700000,0x128,false,Rx,0,8,0x00,0x00,0x21,0x00,0x11,0x00,0x00,0x00
14700000,0x129,false,Rx,0,8,0x00,0x00,0x21,0x00,0x11,0x00,0x00,0x00
14700000,0x132,false,Rx,0,8,0x00,0x34,0x00,0x00,0x00,0x00,0x00,0x00
14700000,0x133,false,Rx,0,8,0x00,0x1F,0x00,0x00,0x00,0x00,0x00,0x00
14800000,0x100,false,Rx,0,8,0x44,0x2F,0x00,0x00,0x00,0x00,0x00,0x00
14800000,0x111,false,Rx,0,8,0x00,0x59,0x00,0x00,0x00,0x00,0x00,0x00
14800000,0x121,false,Rx,0,8,0x00,0x00,0x05,0x00,0x00,0x00,0x00,0x00
14800000,0x126,false,Rx,0,8,0x00,0x00,0x22,0x00,0x10,0x00,0x00,0x00
14800000,0x127,false,Rx,0,8,0x00,0x00,0x22,0x00,0x10,0x00,0x00,0x00
14800000,0x128,false,Rx,0,8,0x00,0x00,0x22,0x00,0x10,0x00,0x00,0x00
14800000,0x129,false,Rx,0,8,0x00,0x00,0x22,0x00,0x10,0x00,0x00,0x00
14800000,0x132,false,Rx,0,8,0x00,0x33,0x00,0x00,0x00,0x00,0x00,0x00
14800000,0x133,false,Rx,0,8,0x00,0x1E,0x00,0x00,0x00,0x00,0x00,0x00
14900000,0x100,false,Rx,0,8,0xE0,0x2E,0x00,0x00,0x00,0x00,0x00,0x00
14900000,0x111,false,Rx,0,8,0x00,0x5A,0x00,0x00,0x00,0x00,0x00,0x00
14900000,0x121,false,Rx,0,8,0x00,0x00,0x06,0x00,0x00,0x00,0x00,0x00
14900000,0x126,false,Rx,0,8,0x00,0x00,0x23,0x00,0x0F,0x00,0x00,0x00
14900000,0x127,false,Rx,0,8,0x00,0x00,0x23,0x00,0x0F,0x00,0x00,0x00
14900000,0x128,false,Rx,0,8,0x00,0x00,0x23,0x00,0x0F,0x00,0x00,0x00
14900000,0x129,false,Rx,0,8,0x00,0x00,0x23,0x00,0x0F,0x00,0x00,0x00
14900000,0x132,false,Rx,0,8,0x00,0x32,0x00,0x00,0x00,0x00,0x00,0x00
14900000,0x133,false,Rx,0,8,0x00,0x1D,0x00,0x00,0x00,0x00,0x00,0x00
15000000,0x100,false,Rx,0,8,0x7C,0x2E,0x00,0x00,0x00,0x00,0x00,0x00
15000000,0x111,false,Rx,0,8,0x00,0x5B,0x00,0x00,0x00,0x00,0x00,0x00
15000000,0x121,false,Rx,0,8,0x00,0x00,0x05,0x00,0x00,0x00,0x00,0x00
15000000,0x126,false,Rx,0,8,0x00,0x00,0x22,0x00,0x0E,0x00,0x00,0x00
15000000,0x127,false,Rx,0,8,0x00,0x00,0x22,0x00,0x0E,0x00,0x00,0x00
15000000,0x128,false,Rx,0,8,0x00,0x00,0x22,0x00,0x0E,0x00,0x00,0x00
15000000,0x129,false,Rx,0,8,0x00,0x00,0x22,0x00,0x0E,0x00,0x00,0x00
15000000,0x132,false,Rx,0,8,0x00,0x31,0x00,0x00,0x00,0x00,0x00,0x00
15000000,0x133,false,Rx,0,8,0x00,0x1C,0x00,0x00,0x00,0x00,0x00,0x00
15100000,0x100,false,Rx,0,8,0x18,0x2E,0x00,0x00,0x00,0x00,0x00,0x00
15100000,0x111,false,Rx,0,8,0x00,0x5C,0x00,0x00,0x00,0x00,0x00,0x00
15100000,0x121,false,Rx,0,8,0x00,0x00,0x04,0x00,0x00,0x00,0x00,0x00
15100000,0x126,false,Rx,0,8,0x00,0x00,0x21,0x00,0x0D,0x00,0x00,0x00
15100000,0x127,false,Rx,0,8,0x00,0x00,0x21,0x00,0x0D,0x00,0x00,0x00
15100000,0x128,false,Rx,0,8,0x00,0x00,0x21,0x00,0x0D,0x00,0x00,0x00
15100000,0x129,false,Rx,0,8,0x00,0x00,0x21,0x00,0x0D,0x00,0x00,0x00
15100000,0x132,false,Rx,0,8,0x00,0x30,0x00,0x00,0x00,0x00,0x00,0x00
15100000,0x133,false,Rx,0,8,0x00,0x1B,0x00,0x00,0x00,0x00,0x00,0x00
15200000,0x100,false,Rx,0,8,0xB4,0x2D,0x00,0x00,0x00,0x00,0x00,0x00
15200000,0x111,false,Rx,0,8,0x00,0x5D,0x00,0x00,0x00,0x00,0x00,0x00
15200000,0x121,false,Rx,0,8,0x00,0x00,0x03,0x00,0x00,0x00,0x00,0x00
15200000,0x126,false,Rx,0,8,0x00,0x00,0x20,0x00,0x0C,0x00,0x00,0x00
15200000,0x127,false,Rx,0,8,0x00,0x00,0x20,0x00,0x0C,0x00,0x00,0x00
15200000,0x128,false,Rx,0,8,0x00,0x00,0x20,0x00,0x0C,0x00,0x00,0x00
15200000,0x129,false,Rx,0,8,0x00,0x00,0x20,0x00,0x0C,0x00,0x00,0x00
15200000,0x132,false,Rx,0,8,0x00,0x2F,0x00,0x00,0x00,0x00,0x00,0x00
15200000,0x133,false,Rx,0,8,0x00,0x1A,0x00,0x00,0x00,0x00,0x00,0x00
15300000,0x100,false,Rx,0,8,0x50,0x2D,0x00,0x00,0x00,0x00,0x00,0x00
15300000,0x111,false,Rx,0,8,0x00,0x5E,0x00,0x00,0x00,0x00,0x00,0x00
15300000,0x121,false,Rx,0,8,0x00,0x00,0x02,0x00,0x00,0x00,0x00,0x00
15300000,0x126,false,Rx,0,8,0x00,0x00,0x1F,0x00,0x0B,0x00,0x00,0x00
15300000,0x127,false,Rx,0,8,0x00,0x00,0x1F,0x00,0x0B,0x00,0x00,0x00
15300000,0x128,false,Rx,0,8,0x00,0x00,0x1F,0x00,0x0B,0x00,0x00,0x00
15300000,0x129,false,Rx,0,8,0x00,0x00,0x1F,0x00,0x0B,0x00,0x00,0x00
15300000,0x132,false,Rx,0,8,0x00,0x2E,0x00,0x00,0x00,0x00,0x00,0x00
15300000,0x133,false,Rx,0,8,0x00,0x19,0x00,0x00,0x00,0x00,0x00,0x00
15400000,0x100,false,Rx,0,8,0xEC,0x2C,0x00,0x00,0x00,0x00,0x00,0x00
15400000,0x111,false,Rx,0,8,0x00,0x5F,0x00,0x00,0x00,0x00,0x00,0x00
15400000,0x121,false,Rx,0,8,0x00,0x00,0x01,0x00,0x00,0x00,0x00,0x00
15400000,0x126,false,Rx,0,8,0x00,0x00,0x1E,0x00,0x0C,0x00,0x00,0x00
15400000,0x127,false,Rx,0,8,0x00,0x00,0x1E,0x00,0x0C,0x00,0x00,0x00
15400000,0x128,false,Rx,0,8,0x00,0x00,0x1E,0x00,0x0C,0x00,0x00,0x00
15400000,0x129,false,Rx,0,8,0x00,0x00,0x1E,0x00,0x0C,0x00,0x00,0x00
15400000,0x132,false,Rx,0,8,0x00,0x2D,0x00,0x00,0x00,0x00,0x00,0x00
15400000,0x133,false,Rx,0,8,0x00,0x18,0x00,0x00,0x00,0x00,0x00,0x00
15500000,0x100,false,Rx,0,8,0x88,0x2C,0x00,0x00,0x00,0x00,0x00,0x00
15500000,0x111,false,Rx,0,8,0x00,0x60,0x00,0x00,0x00,0x00,0x00,0x00
15500000,0x121,false,Rx,0,8,0x00,0x00,0x00,0x00,0x00,0x00,0x00,0x00
15500000,0x126,false,Rx,0,8,0x00,0x00,0x1D,0x00,0x0D,0x00,0x00,0x00
15500000,0x127,false,Rx,0,8,0x00,0x00,0x1D,0x00,0x0D,0x00,0x00,0x00
15500000,0x128,false,Rx,0,8,0x00,0x00,0x1D,0x00,0x0D,0x00,0x00,0x00
15500000,0x129,false,Rx,0,8,0x00,0x00,0x1D,0x00,0x0D,0x00,0x00,0x00
15500000,0x132,false,Rx,0,8,0x00,0x2C,0x00,0x00,0x00,0x00,0x00,0x00
15500000,0x133,false,Rx,0,8,0x00,0x17,0x00,0x00,0x00,0x00,0x00,0x00
15600000,0x100,false,Rx,0,8,0x24,0x2C,0x00,0x00,0x00,0x00,0x00,0x00
15600000,0x111,false,Rx,0,8,0x00,0x61,0x00,0x00,0x00,0x00,0x00,0x00
15600000,0x121,false,Rx,0,8,0x00,0x00,0x01,0x00,0x00,0x00,0x00,0x00
15600000,0x126,false,Rx,0,8,0x00,0x00,0x1C,0x00,0x0E,0x00,0x00,0x00
15600000,0x127,false,Rx,0,8,0x00,0x00,0x1C,0x00,0x0E,0x00,0x00,0x00
15600000,0x128,false,Rx,0,8,0x00,0x00,0x1C,0x00,0x0E,0x00,0x00,0x00
15600000,0x129,false,Rx,0,8,0x00,0x00,0x1C,0x00,0x0E,0x00,0x00,0x00
15600000,0x132,false,Rx,0,8,0x00,0x2B,0x00,0x00,0x00,0x00,0x00,0x00
15600000,0x133,false,Rx,0,8,0x00,0x16,0x00,0x00,0x00,0x00,0x00,0x00
15700000,0x100,false,Rx,0,8,0xC0,0x2B,0x00,0x00,0x00,0x00,0x00,0x00
15700000,0x111,false,Rx,0,8,0x00,0x62,0x00,0x00,0x00,0x00,0x00,0x00
15700000,0x121,false,Rx,0,8,0x00,0x00,0x02,0x00,0x00,0x00,0x00,0x00
15700000,0x126,false,Rx,0,8,0x00,0x00,0x1B,0x00,0x0F,0x00,0x00,0x00
15700000,0x127,false,Rx,0,8,0x00,0x00,0x1B,0x00,0x0F,0x00,0x00,0x00
15700000,0x128,false,Rx,0,8,0x00,0x00,0x1B,0x00,0x0F,0x00,0x00,0x00
15700000,0x129,false,Rx,0,8,0x00,0x00,0x1B,0x00,0x0F,0x00,0x00,0x00
15700000,0x132,false,Rx,0,8,0x00,0x2A,0x00,0x00,0x00,0x00,0x00,0x00
15700000,0x133,false,Rx,0,8,0x00,0x15,0x00,0x00,0x00,0x00,0x00,0x00
15800000,0x100,false,Rx,0,8,0x5C,0x2B,0x00,0x00,0x00,0x00,0x00,0x00
15800000,0x111,false,Rx,0,8,0x00,0x63,0x00,0x00,0x00,0x00,0x00,0x00
15800000,0x121,false,Rx,0,8,0x00,0x00,0x03,0x00,0x00,0x00,0x00,0x00
15800000,0x126,false,Rx,0,8,0x00,0x00,0x1A,0x00,0x10,0x00,0x00,0x00
15800000,0x127,false,Rx,0,8,0x00,0x00,0x1A,0x00,0x10,0x00,0x00,0x00
15800000,0x128,false,Rx,0,8,0x00,0x00,0x1A,0x00,0x10,0x00,0x00,0x00
15800000,0x129,false,Rx,0,8,0x00,0x00,0x1A,0x00,0x10,0x00,0x00,0x00
15800000,0x132,false,Rx,0,8,0x00,0x29,0x00,0x00,0x00,0x00,0x00,0x00
15800000,0x133,false,Rx,0,8,0x00,0x14,0x00,0x00,0x00,0x00,0x00,0x00
15900000,0x100,false,Rx,0,8,0xF8,0x2A,0x00,0x00,0x00,0x00,0x00,0x00
15900000,0x111,false,Rx,0,8,0x00,0x64,0x00,0x00,0x00,0x00,0x00,0x00
15900000,0x121,false,Rx,0,8,0x00,0x00,0x04,0x00,0x00,0x00,0x00,0x00
15900000,0x126,false,Rx,0,8,0x00,0x00,0x19,0x00,0x11,0x00,0x00,0x00
15900000,0x127,false,Rx,0,8,0x00,0x00,0x19,0x00,0x11,0x00,0x00,0x00
15900000,0x128,false,Rx,0,8,0x00,0x00,0x19,0x00,0x11,0x00,0x00,0x00
15900000,0x129,false,Rx,0,8,0x00,0x00,0x19,0x00,0x11,0x00,0x00,0x00
15900000,0x132,false,Rx,0,8,0x00,0x28,0x00,0x00,0x00,0x00,0x00,0x00
15900000,0x133,false,Rx,0,8,0x00,0x13,0x00,0x00,0x00,0x00,0x00,0x00
16000000,0x100,false,Rx,0,8,0x94,0x2A,0x00,0x00,0x00,0x00,0x00,0x00
16000000,0x111,false,Rx,0,8,0x00,0x65,0x00,0x00,0x00,0x00,0x00,0x00
16000000,0x121,false,Rx,0,8,0x00,0x00,0x05,0x00,0x00,0x00,0x00,0x00
16000000,0x126,false,Rx,0,8,0x00,0x00,0x18,0x00,0x12,0x00,0x00,0x00
16000000,0x127,false,Rx,0,8,0x00,0x00,0x18,0x00,0x12,0x00,0x00,0x00
16000000,0x128,false,Rx,0,8,0x00,0x00,0x18,0x00,0x12,0x00,0x00,0x00
16000000,0x129,false,Rx,0,8,0x00,0x00,0x18,0x00,0x12,0x00,0x00,0x00
16000000,0x132,false,Rx,0,8,0x00,0x27,0x00,0x00,0x00,0x00,0x00,0x00
16000000,0x133,false,Rx,0,8,0x00,0x12,0x00,0x00,0x00,0x00,0x00,0x00
16100000,0x100,false,Rx,0,8,0x30,0x2A,0x00,0x00,0x00,0x00,0x00,0x00
16100000,0x111,false,Rx,0,8,0x00,0x66,0x00,0x00,0x00,0x00,0x00,0x00
16100000,0x121,false,Rx,0,8,0x00,0x00,0x06,0x00,0x00,0x00,0x00,0x00
16100000,0x126,false,Rx,0,8,0x00,0x00,0x17,0x00,0x13,0x00,0x00,0x00
16100000,0x127,false,Rx,0,8,0x00,0x00,0x17,0x00,0x13,0x00,0x00,0x00
16100000,0x128,false,Rx,0,8,0x00,0x00,0x17,0x00,0x13,0x00,0x00,0x00
16100000,0x129,false,Rx,0,8,0x00,0x00,0x17,0x00,0x13,0x00,0x00,0x00
16100000,0x132,false,Rx,0,8,0x00,0x26,0x00,0x00,0x00,0x00,0x00,0x00
16100000,0x133,false,Rx,0,8,0x00,0x11,0x00,0x00,0x00,0x00,0x00,0x00
16200000,0x100,false,Rx,0,8,0xCC,0x29,0x00,0x00,0x00,0x00,0x00,0x00
16200000,0x111,false,Rx,0,8,0x00,0x67,0x00,0x00,0x00,0x00,0x00,0x00
16200000,0x121,false,Rx,0,8,0x00,0x00,0x05,0x00,0x00,0x00,0x00,0x00
16200000,0x126,false,Rx,0,8,0x00,0x00,0x16,0x00,0x14,0x00,0x00,0x00
16200000,0x127,false,Rx,0,8,0x00,0x00,0x16,0x00,0x14,0x00,0x00,0x00
16200000,0x128,false,Rx,0,8,0x00,0x00,0x16,0x00,0x14,0x00,0x00,0x00
16200000,0x129,false,Rx,0,8,0x00,0x00,0x16,0x00,0x14,0x00,0x00,0x00
16200000,0x132,false,Rx,0,8,0x00,0x25,0x00,0x00,0x00,0x00,0x00,0x00
16200000,0x133,false,Rx,0,8,0x00,0x10,0x00,0x00,0x00,0x00,0x00,0x00
16300000,0x100,false,Rx,0,8,0x68,0x29,0x00,0x00,0x00,0x00,0x00,0x00
16300000,0x111,false,Rx,0,8,0x00,0x68,0x00,0x00,0x00,0x00,0x00,0x00
16300000,0x121,false,Rx,0,8,0x00,0x00,0x04,0x00,0x00,0x00,0x00,0x00
16300000,0x126,false,Rx,0,8,0x00,0x00,0x15,0x00,0x15,0x00,0x00,0x00
16300000,0x127,false,Rx,0,8,0x00,0x00,0x15,0x00,0x15,0x00,0x00,0x00
16300000,0x128,false,Rx,0,8,0x00,0x00,0x15,0x00,0x15,0x00,0x00,0x00
16300000,0x129,false,Rx,0,8,0x00,0x00,0x15,0x00,0x15,0x00,0x00,0x00
16300000,0x132,false,Rx,0,8,0x00,0x24,0x00,0x00,0x00,0x00,0x00,0x00
16300000,0x133,false,Rx,0,8,0x00,0x0F,0x00,0x00,0x00,0x00,0x00,0x00
16400000,0x100,false,Rx,0,8,0x04,0x29,0x00,0x00,0x00,0x00,0x00,0x00
16400000,0x111,false,Rx,0,8,0x00,0x69,0x00,0x00,0x00,0x00,0x00,0x00
16400000,0x121,false,Rx,0,8,0x00,0x00,0x03,0x00,0x00,0x00,0x00,0x00
16400000,0x126,false,Rx,0,8,0x00,0x00,0x14,0x00,0x16,0x00,0x00,0x00
16400000,0x127,false,Rx,0,8,0x00,0x00,0x14,0x00,0x16,0x00,0x00,0x00
16400000,0x128,false,Rx,0,8,0x00,0x00,0x14,0x00,0x16,0x00,0x00,0x00
16400000,0x129,false,Rx,0,8,0x00,0x00,0x14,0x00,0x16,0x00,0x00,0x00
16400000,0x132,false,Rx,0,8,0x00,0x23,0x00,0x00,0x00,0x00,0x00,0x00
16400000,0x133,false,Rx,0,8,0x00,0x0E,0x00,0x00,0x00,0x00,0x00,0x00
16500000,0x100,false,Rx,0,8,0xA0,0x28,0x00,0x00,0x00,0x00,0x00,0x00
16500000,0x111,false,Rx,0,8,0x00,0x6A,0x00,0x00,0x00,0x00,0x00,0x00
16500000,0x121,false,Rx,0,8,0x00,0x00,0x02,0x00,0x00,0x00,0x00,0x00
16500000,0x126,false,Rx,0,8,0x00,0x00,0x13,0x00,0x15,0x00,0x00,0x00
16500000,0x127,false,Rx,0,8,0x00,0x00,0x13,0x00,0x15,0x00,0x00,0x00
16500000,0x128,false,Rx,0,8,0x00,0x00,0x13,0x00,0x15,0x00,0x00,0x00
16500000,0x129,false,Rx,0,8,0x00,0x00,0x13,0x00,0x15,0x00,0x00,0x00
16500000,0x132,false,Rx,0,8,0x00,0x22,0x00,0x00,0x00,0x00,0x00,0x00
16500000,0x133,false,Rx,0,8,0x00,0x0D,0x00,0x00,0x00,0x00,0x00,0x00
16600000,0x100,false,Rx,0,8,0x3C,0x28,0x00,0x00,0x00,0x00,0x00,0x00
16600000,0x111,false,Rx,0,8,0x00,0x6B,0x00,0x00,0x00,0x00,0x00,0x00
16600000,0x121,false,Rx,0,8,0x00,0x00,0x01,0x00,0x00,0x00,0x00,0x00
16600000,0x126,false,Rx,0,8,0x00,0x00,0x12,0x00,0x14,0x00,0x00,0x00
16600000,0x127,false,Rx,0,8,0x00,0x00,0x12,0x00,0x14,0x00,0x00,0x00
16600000,0x128,false,Rx,0,8,0x00,0x00,0x12,0x00,0x14,0x00,0x00,0x00
16600000,0x129,false,Rx,0,8,0x00,0x00,0x12,0x00,0x14,0x00,0x00,0x00
16600000,0x132,false,Rx,0,8,0x00,0x21,0x00,0x00,0x00,0x00,0x00,0x00
16600000,0x133,false,Rx,0,8,0x00,0x0C,0x00,0x00,0x00,0x00,0x00,0x00
16700000,0x100,false,Rx,0,8,0xD8,0x27,0x00,0x00,0x00,0x00,0x00,0x00
16700000,0x111,false,Rx,0,8,0x00,0x6C,0x00,0x00,0x00,0x00,0x00,0x00
16700000,0x121,false,Rx,0,8,0x00,0x00,0x00,0x00,0x00,0x00,0x00,0x00
16700000,0x126,false,Rx,0,8,0x00,0x00,0x11,0x00,0x13,0x00,0x00,0x00
16700000,0x127,false,Rx,0,8,0x00,0x00,0x11,0x00,0x13,0x00,0x00,0x00
16700000,0x128,false,Rx,0,8,0x00,0x00,0x11,0x00,0x13,0x00,0x00,0x00
16700000,0x129,false,Rx,0,8,0x00,0x00,0x11,0x00,0x13,0x00,0x00,0x00
16700000,0x132,false,Rx,0,8,0x00,0x20,0x00,0x00,0x00,0x00,0x00,0x00
16700000,0x133,false,Rx,0,8,0x00,0x0B,0x00,0x00,0x00,0x00,0x00,0x00
16800000,0x100,false,Rx,0,8,0x74,0x27,0x00,0x00,0x00,0x00,0x00,0x00
16800000,0x111,false,Rx,0,8,0x00,0x6D,0x00,0x00,0x00,0x00,0x00,0x00
16800000,0x121,false,Rx,0,8,0x00,0x00,0x01,0x00,0x00,0x00,0x00,0x00
16800000,0x126,false,Rx,0,8,0x00,0x00,0x10,0x00,0x12,0x00,0x00,0x00
16800000,0x127,false,Rx,0,8,0x00,0x00,0x10,0x00,0x12,0x00,0x00,0x00
16800000,0x128,false,Rx,0,8,0x00,0x00,0x10,0x00,0x12,0x00,0x00,0x00
16800000,0x129,false,Rx,0,8,0x00,0x00,0x10,0x00,0x12,0x00,0x00,0x00
16800000,0x132,false,Rx,0,8,0x00,0x1F,0x00,0x00,0x00,0x00,0x00,0x00
16800000,0x133,false,Rx,0,8,0x00,0x0A,0x00,0x00,0x00,0x00,0x00,0x00
16900000,0x100,false,Rx,0,8,0x10,0x27,0x00,0x00,0x00,0x00,0x00,0x00
16900000,0x111,false,Rx,0,8,0x00,0x6E,0x00,0x00,0x00,0x00,0x00,0x00
16900000,0x121,false,Rx,0,8,0x00,0x00,0x02,0x00,0x00,0x00,0x00,0x00
16900000,0x126,false,Rx,0,8,0x00,0x00,0x0F,0x00,0x11,0x00,0x00,0x00
16900000,0x127,false,Rx,0,8,0x00,0x00,0x0F,0x00,0x11,0x00,0x00,0x00
16900000,0x128,false,Rx,0,8,0x00,0x00,0x0F,0x00,0x11,0x00,0x00,0x00
16900000,0x129,false,Rx,0,8,0x00,0x00,0x0F,0x00,0x11,0x00,0x00,0x00
16900000,0x132,false,Rx,0,8,0x00,0x1E,0x00,0x00,0x00,0x00,0x00,0x00
16900000,0x133,false,Rx,0,8,0x00,0x09,0x00,0x00,0x00,0x00,0x00,0x00
17000000,0x100,false,Rx,0,8,0xAC,0x26,0x00,0x00,0x00,0x00,0x00,0x00
17000000,0x111,false,Rx,0,8,0x00,0x6F,0x00,0x00,0x00,0x00,0x00,0x00
17000000,0x121,false,Rx,0,8,0x00,0x00,0x03,0x00,0x00,0x00,0x00,0x00
17000000,0x126,false,Rx,0,8,0x00,0x00,0x0E,0x00,0x10,0x00,0x00,0x00
17000000,0x127,false,Rx,0,8,0x00,0x00,0x0E,0x00,0x10,0x00,0x00,0x00
17000000,0x128,false,Rx,0,8,0x00,0x00,0x0E,0x00,0x10,0x00,0x00,0x00
17000000,0x129,false,Rx,0,8,0x00,0x00,0x0E,0x00,0x10,0x00,0x00,0x00
17000000,0x132,false,Rx,0,8,0x00,0x1D,0x00,0x00,0x00,0x00,0x00,0x00
17000000,0x133,false,Rx,0,8,0x00,0x08,0x00,0x00,0x00,0x00,0x00,0x00
17100000,0x100,false,Rx,0,8,0x48,0x26,0x00,0x00,0x00,0x00,0x00,0x00
17100000,0x111,false,Rx,0,8,0x00,0x70,0x00,0x00,0x00,0x00,0x00,0x00
17100000,0x121,false,Rx,0,8,0x00,0x00,0x04,0x00,0x00,0x00,0x00,0x00
17100000,0x126,false,Rx,0,8,0x00,0x00,0x0D,0x00,0x0F,0x00,0x00,0x00
17100000,0x127,false,Rx,0,8,0x00,0x00,0x0D,0x00,0x0F,0x00,0x00,0x00
17100000,0x128,false,Rx,0,8,0x00,0x00,0x0D,0x00,0x0F,0x00,0x00,0x00
17100000,0x129,false,Rx,0,8,0x00,0x00,0x0D,0x00,0x0F,0x00,0x00,0x00
17100000,0x132,false,Rx,0,8,0x00,0x1C,0x00,0x00,0x00,0x00,0x00,0x00
17100000,0x133,false,Rx,0,8,0x00,0x07,0x00,0x00,0x00,0x00,0x00,0x00
17200000,0x100,false,Rx,0,8,0xE4,0x25,0x00,0x00,0x00,0x00,0x00,0x00
17200000,0x111,false,Rx,0,8,0x00,0x71,0x00,0x00,0x00,0x00,0x00,0x00
17200000,0x121,false,Rx,0,8,0x00,0x00,0x05,0x00,0x00,0x00,0x00,0x00
17200000,0x126,false,Rx,0,8,0x00,0x00,0x0C,0x00,0x0E,0x00,0x00,0x00
17200000,0x127,false,Rx,0,8,0x00,0x00,0x0C,0x00,0x0E,0x00,0x00,0x00
17200000,0x128,false,Rx,0,8,0x00,0x00,0x0C,0x00,0x0E,0x00,0x00,0x00
17200000,0x129,false,Rx,0,8,0x00,0x00,0x0C,0x00,0x0E,0x00,0x00,0x00
17200000,0x132,false,Rx,0,8,0x00,0x1B,0x00,0x00,0x00,0x00,0x00,0x00
17200000,0x133,false,Rx,0,8,0x00,0x06,0x00,0x00,0x00,0x00,0x00,0x00
17300000,0x100,false,Rx,0,8,0x80,0x25,0x00,0x00,0x00,0x00,0x00,0x00
17300000,0x111,false,Rx,0,8,0x00,0x72,0x00,0x00,0x00,0x00,0x00,0x00
17300000,0x121,false,Rx,0,8,0x00,0x00,0x06,0x00,0x00,0x00,0x00,0x00
17300000,0x126,false,Rx,0,8,0x00,0x00,0x0B,0x00,0x0D,0x00,0x00,0x00
17300000,0x127,false,Rx,0,8,0x00,0x00,0x0B,0x00,0x0D,0x00,0x00,0x00
17300000,0x128,false,Rx,0,8,0x00,0x00,0x0B,0x00,0x0D,0x00,0x00,0x00
17300000,0x129,false,Rx,0,8,0x00,0x00,0x0B,0x00,0x0D,0x00,0x00,0x00
17300000,0x132,false,Rx,0,8,0x00,0x1A,0x00,0x00,0x00,0x00,0x00,0x00
17300000,0x133,false,Rx,0,8,0x00,0x05,0x00,0x00,0x00,0x00,0x00,0x00
17400000,0x100,false,Rx,0,8,0x1C,0x25,0x00,0x00,0x00,0x00,0x00,0x00
17400000,0x111,false,Rx,0,8,0x00,0x73,0x00,0x00,0x00,0x00,0x00,0x00
17400000,0x121,false,Rx,0,8,0x00,0x00,0x05,0x00,0x00,0x00,0x00,0x00
17400000,0x126,false,Rx,0,8,0x00,0x00,0x0A,0x00,0x0C,0x00,0x00,0x00
17400000,0x127,false,Rx,0,8,0x00,0x00,0x0A,0x00,0x0C,0x00,0x00,0x00
17400000,0x128,false,Rx,0,8,0x00,0x00,0x0A,0x00,0x0C,0x00,0x00,0x00
17400000,0x129,false,Rx,0,8,0x00,0x00,0x0A,0x00,0x0C,0x00,0x00,0x00
17400000,0x132,false,Rx,0,8,0x00,0x19,0x00,0x00,0x00,0x00,0x00,0x00
17400000,0x133,false,Rx,0,8,0x00,0x04,0x00,0x00,0x00,0x00,0x00,0x00
17500000,0x100,false,Rx,0,8,0xB8,0x24,0x00,0x00,0x00,0x00,0x00,0x00
17500000,0x111,false,Rx,0,8,0x00,0x74,0x00,0x00,0x00,0x00,0x00,0x00
17500000,0x121,false,Rx,0,8,0x00,0x00,0x04,0x00,0x00,0x00,0x00,0x00
17500000,0x126,false,Rx,0,8,0x00,0x00,0x09,0x00,0x0B,0x00,0x00,0x00
17500000,0x127,false,Rx,0,8,0x00,0x00,0x09,0x00,0x0B,0x00,0x00,0x00
17500000,0x128,false,Rx,0,8,0x00,0x00,0x09,0x00,0x0B,0x00,0x00,0x00
17500000,0x129,false,Rx,0,8,0x00,0x00,0x09,0x00,0x0B,0x00,0x00,0x00
17500000,0x132,false,Rx,0,8,0x00,0x18,0x00,0x00,0x00,0x00,0x00,0x00
17500000,0x133,false,Rx,0,8,0x00,0x03,0x00,0x00,0x00,0x00,0x00,0x00
17600000,0x100,false,Rx,0,8,0x54,0x24,0x00,0x00,0x00,0x00,0x00,0x00
17600000,0x111,false,Rx,0,8,0x00,0x75,0x00,0x00,0x00,0x00,0x00,0x00
17600000,0x121,false,Rx,0,8,0x00,0x00,0x03,0x00,0x00,0x00,0x00,0x00
17600000,0x126,false,Rx,0,8,0x00,0x00,0x08,0x00,0x0C,0x00,0x00,0x00
17600000,0x127,false,Rx,0,8,0x00,0x00,0x08,0x00,0x0C,0x00,0x00,0x00
17600000,0x128,false,Rx,0,8,0x00,0x00,0x08,0x00,0x0C,0x00,0x00,0x00
17600000,0x129,false,Rx,0,8,0x00,0x00,0x08,0x00,0x0C,0x00,0x00,0x00
17600000,0x132,false,Rx,0,8,0x00,0x17,0x00,0x00,0x00,0x00,0x00,0x00
17600000,0x133,false,Rx,0,8,0x00,0x02,0x00,0x00,0x00,0x00,0x00,0x00
17700000,0x100,false,Rx,0,8,0xF0,0x23,0x00,0x00,0x00,0x00,0x00,0x00
17700000,0x111,false,Rx,0,8,0x00,0x76,0x00,0x00,0x00,0x00,0x00,0x00
17700000,0x121,false,Rx,0,8,0x00,0x00,0x02,0x00,0x00,0x00,0x00,0x00
17700000,0x126,false,Rx,0,8,0x00,0x00,0x07,0x00,0x0D,0x00,0x00,0x00
17700000,0x127,false,Rx,0,8,0x00,0x00,0x07,0x00,0x0D,0x00,0x00,0x00
17700000,0x128,false,Rx,0,8,0x00,0x00,0x07,0x00,0x0D,0x00,0x00,0x00
17700000,0x129,false,Rx,0,8,0x00,0x00,0x07,0x00,0x0D,0x00,0x00,0x00
17700000,0x132,false,Rx,0,8,0x00,0x16,0x00,0x00,0x00,0x00,0x00,0x00
17700000,0x133,false,Rx,0,8,0x00,0x01,0x00,0x00,0x00,0x00,0x00,0x00
17800000,0x100,false,Rx,0,8,0x8C,0x23,0x00,0x00,0x00,0x00,0x00,0x00
17800000,0x111,false,Rx,0,8,0x00,0x77,0x00,0x00,0x00,0x00,0x00,0x00
17800000,0x121,false,Rx,0,8,0x00,0x00,0x01,0x00,0x00,0x00,0x00,0x00
17800000,0x126,false,Rx,0,8,0x00,0x00,0x06,0x00,0x0E,0x00,0x00,0x00
17800000,0x127,false,Rx,0,8,0x00,0x00,0x06,0x00,0x0E,0x00,0x00,0x00
17800000,0x128,false,Rx,0,8,0x00,0x00,0x06,0x00,0x0E,0x00,0x00,0x00
17800000,0x129,false,Rx,0,8,0x00,0x00,0x06,0x00,0x0E,0x00,0x00,0x00
17800000,0x132,false,Rx,0,8,0x00,0x15,0x00,0x00,0x00,0x00,0x00,0x00
17800000,0x133,false,Rx,0,8,0x00,0x02,0x00,0x00,0x00,0x00,0x00,0x00
17900000,0x100,false,Rx,0,8,0x28,0x23,0x00,0x00,0x00,0x00,0x00,0x00
17900000,0x111,false,Rx,0,8,0x00,0x78,0x00,0x00,0x00,0x00,0x00,0x00
17900000,0x121,false,Rx,0,8,0x00,0x00,0x00,0x00,0x00,0x00,0x00,0x00
17900000,0x126,false,Rx,0,8,0x00,0x00,0x05,0x00,0x0F,0x00,0x00,0x00
17900000,0x127,false,Rx,0,8,0x00,0x00,0x05,0x00,0x0F,0x00,0x00,0x00
17900000,0x128,false,Rx,0,8,0x00,0x00,0x05,0x00,0x0F,0x00,0x00,0x00
17900000,0x129,false,Rx,0,8,0x00,0x00,0x05,0x00,0x0F,0x00,0x00,0x00
17900000,0x132,false,Rx,0,8,0x00,0x14,0x00,0x00,0x00,0x00,0x00,0x00
17900000,0x133,false,Rx,0,8,0x00,0x03,0x00,0x00,0x00,0x00,0x00,0x00
18000000,0x100,false,Rx,0,8,0xC4,0x22,0x00,0x00,0x00,0x00,0x00,0x00
18000000,0x111,false,Rx,0,8,0x00,0x77,0x00,0x00,0x00,0x00,0x00,0x00
18000000,0x121,false,Rx,0,8,0x00,0x00,0x01,0x00,0x00,0x00,0x00,0x00
18000000,0x126,false,Rx,0,8,0x00,0x00,0x06,0x00,0x10,0x00,0x00,0x00
18000000,0x127,false,Rx,0,8,0x00,0x00,0x06,0x00,0x10,0x00,0x00,0x00
18000000,0x128,false,Rx,0,8,0x00,0x00,0x06,0x00,0x10,0x00,0x00,0x00
18000000,0x129,false,Rx,0,8,0x00,0x00,0x06,0x00,0x10,0x00,0x00,0x00
18000000,0x132,false,Rx,0,8,0x00,0x15,0x00,0x00,0x00,0x00,0x00,0x00
18000000,0x133,false,Rx,0,8,0x00,0x04,0x00,0x00,0x00,0x00,0x00,0x00
18100000,0x100,false,Rx,0,8,0x60,0x22,0x00,0x00,0x00,0x00,0x00,0x00
18100000,0x111,false,Rx,0,8,0x00,0x76,0x00,0x00,0x00,0x00,0x00,0x00
18100000,0x121,false,Rx,0,8,0x00,0x00,0x02,0x00,0x00,0x00,0x00,0x00
18100000,0x126,false,Rx,0,8,0x00,0x00,0x07,0x00,0x11,0x00,0x00,0x00
18100000,0x127,false,Rx,0,8,0x00,0x00,0x07,0x00,0x11,0x00,0x00,0x00
18100000,0x128,false,Rx,0,8,0x00,0x00,0x07,0x00,0x11,0x00,0x00,0x00
18100000,0x129,false,Rx,0,8,0x00,0x00,0x07,0x00,0x11,0x00,0x00,0x00
18100000,0x132,false,Rx,0,8,0x00,0x16,0x00,0x00,0x00,0x00,0x00,0x00
18100000,0x133,false,Rx,0,8,0x00,0x05,0x00,0x00,0x00,0x00,0x00,0x00
18200000,0x100,false,Rx,0,8,0xFC,0x21,0x00,0x00,0x00,0x00,0x00,0x00
18200000,0x111,false,Rx,0,8,0x00,0x75,0x00,0x00,0x00,0x00,0x00,0x00
18200000,0x121,false,Rx,0,8,0x00,0x00,0x03,0x00,0x00,0x00,0x00,0x00
18200000,0x126,false,Rx,0,8,0x00,0x00,0x08,0x00,0x12,0x00,0x00,0x00
18200000,0x127,false,Rx,0,8,0x00,0x00,0x08,0x00,0x12,0x00,0x00,0x00
18200000,0x128,false,Rx,0,8,0x00,0x00,0x08,0x00,0x12,0x00,0x00,0x00
18200000,0x129,false,Rx,0,8,0x00,0x00,0x08,0x00,0x12,0x00,0x00,0x00
18200000,0x132,false,Rx,0,8,0x00,0x17,0x00,0x00,0x00,0x00,0x00,0x00
18200000,0x133,false,Rx,0,8,0x00,0x06,0x00,0x00,0x00,0x00,0x00,0x00
18300000,0x100,false,Rx,0,8,0x98,0x21,0x00,0x00,0x00,0x00,0x00,0x00
18300000,0x111,false,Rx,0,8,0x00,0x74,0x00,0x00,0x00,0x00,0x00,0x00
18300000,0x121,false,Rx,0,8,0x00,0x00,0x04,0x00,0x00,0x00,0x00,0x00
18300000,0x126,false,Rx,0,8,0x00,0x00,0x09,0x00,0x13,0x00,0x00,0x00
18300000,0x127,false,Rx,0,8,0x00,0x00,0x09,0x00,0x13,0x00,0x00,0x00
18300000,0x128,false,Rx,0,8,0x00,0x00,0x09,0x00,0x13,0x00,0x00,0x00
18300000,0x129,false,Rx,0,8,0x00,0x00,0x09,0x00,0x13,0x00,0x00,0x00
18300000,0x132,false,Rx,0,8,0x00,0x18,0x00,0x00,0x00,0x00,0x00,0x00
18300000,0x133,false,Rx,0,8,0x00,0x07,0x00,0x00,0x00,0x00,0x00,0x00
18400000,0x100,false,Rx,0,8,0x34,0x21,0x00,0x00,0x00,0x00,0x00,0x00
18400000,0x111,false,Rx,0,8,0x00,0x73,0x00,0x00,0x00,0x00,0x00,0x00
18400000,0x121,false,Rx,0,8,0x00,0x00,0x05,0x00,0x00,0x00,0x00,0x00
18400000,0x126,false,Rx,0,8,0x00,0x00,0x0A,0x00,0x14,0x00,0x00,0x00
18400000,0x127,false,Rx,0,8,0x00,0x00,0x0A,0x00,0x14,0x00,0x00,0x00
18400000,0x128,false,Rx,0,8,0x00,0x00,0x0A,0x00,0x14,0x00,0x00,0x00
18400000,0x129,false,Rx,0,8,0x00,0x00,0x0A,0x00,0x14,0x00,0x00,0x00
18400000,0x132,false,Rx,0,8,0x00,0x19,0x00,0x00,0x00,0x00,0x00,0x00
18400000,0x133,false,Rx,0,8,0x00,0x08,0x00,0x00,0x00,0x00,0x00,0x00
18500000,0x100,false,Rx,0,8,0xD0,0x20,0x00,0x00,0x00,0x00,0x00,0x00
18500000,0x111,false,Rx,0,8,0x00,0x72,0x00,0x00,0x00,0x00,0x00,0x00
18500000,0x121,false,Rx,0,8,0x00,0x00,0x06,0x00,0x00,0x00,0x00,0x00
18500000,0x126,false,Rx,0,8,0x00,0x00,0x0B,0x00,0x15,0x00,0x00,0x00
18500000,0x127,false,Rx,0,8,0x00,0x00,0x0B,0x00,0x15,0x00,0x00,0x00
18500000,0x128,false,Rx,0,8,0x00,0x00,0x0B,0x00,0x15,0x00,0x00,0x00
18500000,0x129,false,Rx,0,8,0x00,0x00,0x0B,0x00,0x15,0x00,0x00,0x00
18500000,0x132,false,Rx,0,8,0x00,0x1A,0x00,0x00,0x00,0x00,0x00,0x00
18500000,0x133,false,Rx,0,8,0x00,0x09,0x00,0x00,0x00,0x00,0x00,0x00
18600000,0x100,false,Rx,0,8,0x6C,0x20,0x00,0x00,0x00,0x00,0x00,0x00
18600000,0x111,false,Rx,0,8,0x00,0x71,0x00,0x00,0x00,0x00,0x00,0x00
18600000,0x121,false,Rx,0,8,0x00,0x00,0x05,0x00,0x00,0x00,0x00,0x00
18600000,0x126,false,Rx,0,8,0x00,0x00,0x0C,0x00,0x16,0x00,0x00,0x00
18600000,0x127,false,Rx,0,8,0x00,0x00,0x0C,0x00,0x16,0x00,0x00,0x00
18600000,0x128,false,Rx,0,8,0x00,0x00,0x0C,0x00,0x16,0x00,0x00,0x00
18600000,0x129,false,Rx,0,8,0x00,0x00,0x0C,0x00,0x16,0x00,0x00,0x00
18600000,0x132,false,Rx,0,8,0x00,0x1B,0x00,0x00,0x00,0x00,0x00,0x00
18600000,0x133,false,Rx,0,8,0x00,0x0A,0x00,0x00,0x00,0x00,0x00,0x00
18700000,0x100,false,Rx,0,8,0x08,0x20,0x00,0x00,0x00,0x00,0x00,0x00
18700000,0x111,false,Rx,0,8,0x00,0x70,0x00,0x00,0x00,0x00,0x00,0x00
18700000,0x121,false,Rx,0,8,0x00,0x00,0x04,0x00,0x00,0x00,0x00,0x00
18700000,0x126,false,Rx,0,8,0x00,0x00,0x0D,0x00,0x15,0x00,0x00,0x00
18700000,0x127,false,Rx,0,8,0x00,0x00,0x0D,0x00,0x15,0x00,0x00,0x00
18700000,0x128,false,Rx,0,8,0x00,0x00,0x0D,0x00,0x15,0x00,0x00,0x00
18700000,0x129,false,Rx,0,8,0x00,0x00,0x0D,0x00,0x15,0x00,0x00,0x00
18700000,0x132,false,Rx,0,8,0x00,0x1C,0x00,0x00,0x00,0x00,0x00,0x00
18700000,0x133,false,Rx,0,8,0x00,0x0B,0x00,0x00,0x00,0x00,0x00,0x00
18800000,0x100,false,Rx,0,8,0xA4,0x1F,0x00,0x00,0x00,0x00,0x00,0x00
18800000,0x111,false,Rx,0,8,0x00,0x6F,0x00,0x00,0x00,0x00,0x00,0x00
18800000,0x121,false,Rx,0,8,0x00,0x00,0x03,0x00,0x00,0x00,0x00,0x00
18800000,0x126,false,Rx,0,8,0x00,0x00,0x0E,0x00,0x14,0x00,0x00,0x00
18800000,0x127,false,Rx,0,8,0x00,0x00,0x0E,0x00,0x14,0x00,0x00,0x00
18800000,0x128,false,Rx,0,8,0x00,0x00,0x0E,0x00,0x14,0x00,0x00,0x00
18800000,0x129,false,Rx,0,8,0x00,0x00,0x0E,0x00,0x14,0x00,0x00,0x00
18800000,0x132,false,Rx,0,8,0x00,0x1D,0x00,0x00,0x00,0x00,0x00,0x00
18800000,0x133,false,Rx,0,8,0x00,0x0C,0x00,0x00,0x00,0x00,0x00,0x00
18900000,0x100,false,Rx,0,8,0x40,0x1F,0x00,0x00,0x00,0x00,0x00,0x00
18900000,0x111,false,Rx,0,8,0x00,0x6E,0x00,0x00,0x00,0x00,0x00,0x00
18900000,0x121,false,Rx,0,8,0x00,0x00,0x02,0x00,0x00,0x00,0x00,0x00
18900000,0x126,false,Rx,0,8,0x00,0x00,0x0F,0x00,0x13,0x00,0x00,0x00
18900000,0x127,false,Rx,0,8,0x00,0x00,0x0F,0x00,0x13,0x00,0x00,0x00
18900000,0x128,false,Rx,0,8,0x00,0x00,0x0F,0x00,0x13,0x00,0x00,0x00
18900000,0x129,false,Rx,0,8,0x00,0x00,0x0F,0x00,0x13,0x00,0x00,0x00
18900000,0x132,false,Rx,0,8,0x00,0x1E,0x00,0x00,0x00,0x00,0x00,0x00
18900000,0x133,false,Rx,0,8,0x00,0x0D,0x00,0x00,0x00,0x00,0x00,0x00
19000000,0x100,false,Rx,0,8,0xDC,0x1E,0x00,0x00,0x00,0x00,0x00,0x00
19000000,0x111,false,Rx,0,8,0x00,0x6D,0x00,0x00,0x00,0x00,0x00,0x00
19000000,0x121,false,Rx,0,8,0x00,0x00,0x01,0x00,0x00,0x00,0x00,0x00
19000000,0x126,false,Rx,0,8,0x00,0x00,0x10,0x00,0x12,0x00,0x00,0x00
19000000,0x127,false,Rx,0,8,0x00,0x00,0x10,0x00,0x12,0x00,0x00,0x00
19000000,0x128,false,Rx,0,8,0x00,0x00,0x10,0x00,0x12,0x00,0x00,0x00
19000000,0x129,false,Rx,0,8,0x00,0x00,0x10,0x00,0x12,0x00,0x00,0x00
19000000,0x132,false,Rx,0,8,0x00,0x1F,0x00,0x00,0x00,0x00,0x00,0x00
19000000,0x133,false,Rx,0,8,0x00,0x0E,0x00,0x00,0x00,0x00,0x00,0x00
19100000,0x100,false,Rx,0,8,0x78,0x1E,0x00,0x00,0x00,0x00,0x00,0x00
19100000,0x111,false,Rx,0,8,0x00,0x6C,0x00,0x00,0x00,0x00,0x00,0x00
19100000,0x121,false,Rx,0,8,0x00,0x00,0x00,0x00,0x00,0x00,0x00,0x00
19100000,0x126,false,Rx,0,8,0x00,0x00,0x11,0x00,0x11,0x00,0x00,0x00
19100000,0x127,false,Rx,0,8,0x00,0x00,0x11,0x00,0x11,0x00,0x00,0x00
19100000,0x128,false,Rx,0,8,0x00,0x00,0x11,0x00,0x11,0x00,0x00,0x00
19100000,0x129,false,Rx,0,8,0x00,0x00,0x11,0x00,0x11,0x00,0x00,0x00
19100000,0x132,false,Rx,0,8,0x00,0x20,0x00,0x00,0x00,0x00,0x00,0x00
19100000,0x133,false,Rx,0,8,0x00,0x0F,0x00,0x00,0x00,0x00,0x00,0x00
19200000,0x100,false,Rx,0,8,0x14,0x1E,0x00,0x00,0x00,0x00,0x00,0x00
19200000,0x111,false,Rx,0,8,0x00,0x6B,0x00,0x00,0x00,0x00,0x00,0x00
19200000,0x121,false,Rx,0,8,0x00,0x00,0x01,0x00,0x00,0x00,0x00,0x00
19200000,0x126,false,Rx,0,8,0x00,0x00,0x12,0x00,0x10,0x00,0x00,0x00
19200000,0x127,false,Rx,0,8,0x00,0x00,0x12,0x00,0x10,0x00,0x00,0x00
19200000,0x128,false,Rx,0,8,0x00,0x00,0x12,0x00,0x10,0x00,0x00,0x00
19200000,0x129,false,Rx,0,8,0x00,0x00,0x12,0x00,0x10,0x00,0x00,0x00
19200000,0x132,false,Rx,0,8,0x00,0x21,0x00,0x00,0x00,0x00,0x00,0x00
19200000,0x133,false,Rx,0,8,0x00,0x10,0x00,0x00,0x00,0x00,0x00,0x00
19300000,0x100,false,Rx,0,8,0xB0,0x1D,0x00,0x00,0x00,0x00,0x00,0x00
19300000,0x111,false,Rx,0,8,0x00,0x6A,0x00,0x00,0x00,0x00,0x00,0x00
19300000,0x121,false,Rx,0,8,0x00,0x00,0x02,0x00,0x00,0x00,0x00,0x00
19300000,0x126,false,Rx,0,8,0x00,0x00,0x13,0x00,0x0F,0x00,0x00,0x00
19300000,0x127,false,Rx,0,8,0x00,0x00,0x13,0x00,0x0F,0x00,0x00,0x00
19300000,0x128,false,Rx,0,8,0x00,0x00,0x13,0x00,0x0F,0x00,0x00,0x00
19300000,0x129,false,Rx,0,8,0x00,0x00,0x13,0x00,0x0F,0x00,0x00,0x00
19300000,0x132,false,Rx,0,8,0x00,0x22,0x00,0x00,0x00,0x00,0x00,0x00
19300000,0x133,false,Rx,0,8,0x00,0x11,0x00,0x00,0x00,0x00,0x00,0x00
19400000,0x100,false,Rx,0,8,0x4C,0x1D,0x00,0x00,0x00,0x00,0x00,0x00
19400000,0x111,false,Rx,0,8,0x00,0x69,0x00,0x00,0x00,0x00,0x00,0x00
19400000,0x121,false,Rx,0,8,0x00,0x00,0x03,0x00,0x00,0x00,0x00,0x00
19400000,0x126,false,Rx,0,8,0x00,0x00,0x14,0x00,0x0E,0x00,0x00,0x00
19400000,0x127,false,Rx,0,8,0x00,0x00,0x14,0x00,0x0E,0x00,0x00,0x00
19400000,0x128,false,Rx,0,8,0x00,0x00,0x14,0x00,0x0E,0x00,0x00,0x00
19400000,0x129,false,Rx,0,8,0x00,0x00,0x14,0x00,0x0E,0x00,0x00,0x00
19400000,0x132,false,Rx,0,8,0x00,0x23,0x00,0x00,0x00,0x00,0x00,0x00
19400000,0x133,false,Rx,0,8,0x00,0x12,0x00,0x00,0x00,0x00,0x00,0x00
19500000,0x100,false,Rx,0,8,0xE8,0x1C,0x00,0x00,0x00,0x00,0x00,0x00
19500000,0x111,false,Rx,0,8,0x00,0x68,0x00,0x00,0x00,0x00,0x00,0x00
19500000,0x121,false,Rx,0,8,0x00,0x00,0x04,0x00,0x00,0x00,0x00,0x00
19500000,0x126,false,Rx,0,8,0x00,0x00,0x15,0x00,0x0D,0x00,0x00,0x00
19500000,0x127,false,Rx,0,8,0x00,0x00,0x15,0x00,0x0D,0x00,0x00,0x00
19500000,0x128,false,Rx,0,8,0x00,0x00,0x15,0x00,0x0D,0x00,0x00,0x00
19500000,0x129,false,Rx,0,8,0x00,0x00,0x15,0x00,0x0D,0x00,0x00,0x00
19500000,0x132,false,Rx,0,8,0x00,0x24,0x00,0x00,0x00,0x00,0x00,0x00
19500000,0x133,false,Rx,0,8,0x00,0x13,0x00,0x00,0x00,0x00,0x00,0x00
19600000,0x100,false,Rx,0,8,0x84,0x1C,0x00,0x00,0x00,0x00,0x00,0x00
19600000,0x111,false,Rx,0,8,0x00,0x67,0x00,0x00,0x00,0x00,0x00,0x00
19600000,0x121,false,Rx,0,8,0x00,0x00,0x05,0x00,0x00,0x00,0x00,0x00
19600000,0x126,false,Rx,0,8,0x00,0x00,0x16,0x00,0x0C,0x00,0x00,0x00
19600000,0x127,false,Rx,0,8,0x00,0x00,0x16,0x00,0x0C,0x00,0x00,0x00
19600000,0x128,false,Rx,0,8,0x00,0x00,0x16,0x00,0x0C,0x00,0x00,0x00
19600000,0x129,false,Rx,0,8,0x00,0x00,0x16,0x00,0x0C,0x00,0x00,0x00
19600000,0x132,false,Rx,0,8,0x00,0x25,0x00,0x00,0x00,0x00,0x00,0x00
19600000,0x133,false,Rx,0,8,0x00,0x14,0x00,0x00,0x00,0x00,0x00,0x00
19700000,0x100,false,Rx,0,8,0x20,0x1C,0x00,0x00,0x00,0x00,0x00,0x00
19700000,0x111,false,Rx,0,8,0x00,0x66,0x00,0x00,0x00,0x00,0x00,0x00
19700000,0x121,false,Rx,0,8,0x00,0x00,0x06,0x00,0x00,0x00,0x00,0x00
19700000,0x126,false,Rx,0,8,0x00,0x00,0x17,0x00,0x0B,0x00,0x00,0x00
19700000,0x127,false,Rx,0,8,0x00,0x00,0x17,0x00,0x0B,0x00,0x00,0x00
19700000,0x128,false,Rx,0,8,0x00,0x00,0x17,0x00,0x0B,0x00,0x00,0x00
19700000,0x129,false,Rx,0,8,0x00,0x00,0x17,0x00,0x0B,0x00,0x00,0x00
19700000,0x132,false,Rx,0,8,0x00,0x26,0x00,0x00,0x00,0x00,0x00,0x00
19700000,0x133,false,Rx,0,8,0x00,0x15,0x00,0x00,0x00,0x00,0x00,0x00
19800000,0x100,false,Rx,0,8,0xBC,0x1B,0x00,0x00,0x00,0x00,0x00,0x00
19800000,0x111,false,Rx,0,8,0x00,0x65,0x00,0x00,0x00,0x00,0x00,0x00
19800000,0x121,false,Rx,0,8,0x00,0x00,0x05,0x00,0x00,0x00,0x00,0x00
19800000,0x126,false,Rx,0,8,0x00,0x00,0x18,0x00,0x0C,0x00,0x00,0x00
19800000,0x127,false,Rx,0,8,0x00,0x00,0x18,0x00,0x0C,0x00,0x00,0x00
19800000,0x128,false,Rx,0,8,0x00,0x00,0x18,0x00,0x0C,0x00,0x00,0x00
19800000,0x129,false,Rx,0,8,0x00,0x00,0x18,0x00,0x0C,0x00,0x00,0x00
19800000,0x132,false,Rx,0,8,0x00,0x27,0x00,0x00,0x00,0x00,0x00,0x00
19800000,0x133,false,Rx,0,8,0x00,0x16,0x00,0x00,0x00,0x00,0x00,0x00
19900000,0x100,false,Rx,0,8,0x58,0x1B,0x00,0x00,0x00,0x00,0x00,0x00
19900000,0x111,false,Rx,0,8,0x00,0x64,0x00,0x00,0x00,0x00,0x00,0x00
19900000,0x121,false,Rx,0,8,0x00,0x00,0x04,0x00,0x00,0x00,0x00,0x00
19900000,0x126,false,Rx,0,8,0x00,0x00,0x19,0x00,0x0D,0x00,0x00,0x00
19900000,0x127,false,Rx,0,8,0x00,0x00,0x19,0x00,0x0D,0x00,0x00,0x00
19900000,0x128,false,Rx,0,8,0x00,0x00,0x19,0x00,0x0D,0x00,0x00,0x00
19900000,0x129,false,Rx,0,8,0x00,0x00,0x19,0x00,0x0D,0x00,0x00,0x00
19900000,0x132,false,Rx,0,8,0x00,0x28,0x00,0x00,0x00,0x00,0x00,0x00
19900000,0x133,false,Rx,0,8,0x00,0x17,0x00,0x00,0x00,0x00,0x00,0x00
20000000,0x100,false,Rx,0,8,0xF4,0x1A,0x00,0x00,0x00,0x00,0x00,0x00
20000000,0x111,false,Rx,0,8,0x00,0x63,0x00,0x00,0x00,0x00,0x00,0x00
20000000,0x121,false,Rx,0,8,0x00,0x00,0x03,0x00,0x00,0x00,0x00,0x00
20000000,0x126,false,Rx,0,8,0x00,0x00,0x1A,0x00,0x0E,0x00,0x00,0x00
20000000,0x127,false,Rx,0,8,0x00,0x00,0x1A,0x00,0x0E,0x00,0x00,0x00
20000000,0x128,false,Rx,0,8,0x00,0x00,0x1A,0x00,0x0E,0x00,0x00,0x00
20000000,0x129,false,Rx,0,8,0x00,0x00,0x1A,0x00,0x0E,0x00,0x00,0x00
20000000,0x132,false,Rx,0,8,0x00,0x29,0x00,0x00,0x00,0x00,0x00,0x00
20000000,0x133,false,Rx,0,8,0x00,0x18,0x00,0x00,0x00,0x00,0x00,0x00
20100000,0x100,false,Rx,0,8,0x90,0x1A,0x00,0x00,0x00,0x00,0x00,0x00
20100000,0x111,false,Rx,0,8,0x00,0x62,0x00,0x00,0x00,0x00,0x00,0x00
20100000,0x121,false,Rx,0,8,0x00,0x00,0x02,0x00,0x00,0x00,0x00,0x00
20100000,0x126,false,Rx,0,8,0x00,0x00,0x1B,0x00,0x0F,0x00,0x00,0x00
20100000,0x127,false,Rx,0,8,0x00,0x00,0x1B,0x00,0x0F,0x00,0x00,0x00
20100000,0x128,false,Rx,0,8,0x00,0x00,0x1B,0x00,0x0F,0x00,0x00,0x00
20100000,0x129,false,Rx,0,8,0x00,0x00,0x1B,0x00,0x0F,0x00,0x00,0x00
20100000,0x132,false,Rx,0,8,0x00,0x2A,0x00,0x00,0x00,0x00,0x00,0x00
20100000,0x133,false,Rx,0,8,0x00,0x19,0x00,0x00,0x00,0x00,0x00,0x00
20200000,0x100,false,Rx,0,8,0x2C,0x1A,0x00,0x00,0x00,0x00,0x00,0x00
20200000,0x111,false,Rx,0,8,0x00,0x61,0x00,0x00,0x00,0x00,0x00,0x00
20200000,0x121,false,Rx,0,8,0x00,0x00,0x01,0x00,0x00,0x00,0x00,0x00
20200000,0x126,false,Rx,0,8,0x00,0x00,0x1C,0x00,0x10,0x00,0x00,0x00
20200000,0x127,false,Rx,0,8,0x00,0x00,0x1C,0x00,0x10,0x00,0x00,0x00
20200000,0x128,false,Rx,0,8,0x00,0x00,0x1C,0x00,0x10,0x00,0x00,0x00
20200000,0x129,false,Rx,0,8,0x00,0x00,0x1C,0x00,0x10,0x00,0x00,0x00
20200000,0x132,false,Rx,0,8,0x00,0x2B,0x00,0x00,0x00,0x00,0x00,0x00
20200000,0x133,false,Rx,0,8,0x00,0x1A,0x00,0x00,0x00,0x00,0x00,0x00
20300000,0x100,false,Rx,0,8,0xC8,0x19,0x00,0x00,0x00,0x00,0x00,0x00
20300000,0x111,false,Rx,0,8,0x00,0x60,0x00,0x00,0x00,0x00,0x00,0x00
20300000,0x121,false,Rx,0,8,0x00,0x00,0x00,0x00,0x00,0x00,0x00,0x00
20300000,0x126,false,Rx,0,8,0x00,0x00,0x1D,0x00,0x11,0x00,0x00,0x00
20300000,0x127,false,Rx,0,8,0x00,0x00,0x1D,0x00,0x11,0x00,0x00,0x00
20300000,0x128,false,Rx,0,8,0x00,0x00,0x1D,0x00,0x11,0x00,0x00,0x00
20300000,0x129,false,Rx,0,8,0x00,0x00,0x1D,0x00,0x11,0x00,0x00,0x00
20300000,0x132,false,Rx,0,8,0x00,0x2C,0x00,0x00,0x00,0x00,0x00,0x00
20300000,0x133,false,Rx,0,8,0x00,0x1B,0x00,0x00,0x00,0x00,0x00,0x00
20400000,0x100,false,Rx,0,8,0x64,0x19,0x00,0x00,0x00,0x00,0x00,0x00
20400000,0x111,false,Rx,0,8,0x00,0x5F,0x00,0x00,0x00,0x00,0x00,0x00
20400000,0x121,false,Rx,0,8,0x00,0x00,0x01,0x00,0x00,0x00,0x00,0x00
20400000,0x126,false,Rx,0,8,0x00,0x00,0x1E,0x00,0x12,0x00,0x00,0x00
20400000,0x127,false,Rx,0,8,0x00,0x00,0x1E,0x00,0x12,0x00,0x00,0x00
20400000,0x128,false,Rx,0,8,0x00,0x00,0x1E,0x00,0x12,0x00,0x00,0x00
20400000,0x129,false,Rx,0,8,0x00,0x00,0x1E,0x00,0x12,0x00,0x00,0x00
20400000,0x132,false,Rx,0,8,0x00,0x2D,0x00,0x00,0x00,0x00,0x00,0x00
20400000,0x133,false,Rx,0,8,0x00,0x1C,0x00,0x00,0x00,0x00,0x00,0x00
20500000,0x100,false,Rx,0,8,0x00,0x19,0x00,0x00,0x00,0x00,0x00,0x00
20500000,0x111,false,Rx,0,8,0x00,0x5E,0x00,0x00,0x00,0x00,0x00,0x00
20500000,0x121,false,Rx,0,8,0x00,0x00,0x02,0x00,0x00,0x00,0x00,0x00
20500000,0x126,false,Rx,0,8,0x00,0x00,0x1F,0x00,0x13,0x00,0x00,0x00
20500000,0x127,false,Rx,0,8,0x00,0x00,0x1F,0x00,0x13,0x00,0x00,0x00
20500000,0x128,false,Rx,0,8,0x00,0x00,0x1F,0x00,0x13,0x00,0x00,0x00
20500000,0x129,false,Rx,0,8,0x00,0x00,0x1F,0x00,0x13,0x00,0x00,0x00
20500000,0x132,false,Rx,0,8,0x00,0x2E,0x00,0x00,0x00,0x00,0x00,0x00
20500000,0x133,false,Rx,0,8,0x00,0x1D,0x00,0x00,0x00,0x00,0x00,0x00
20600000,0x100,false,Rx,0,8,0x9C,0x18,0x00,0x00,0x00,0x00,0x00,0x00
20600000,0x111,false,Rx,0,8,0x00,0x5D,0x00,0x00,0x00,0x00,0x00,0x00
20600000,0x121,false,Rx,0,8,0x00,0x00,0x03,0x00,0x00,0x00,0x00,0x00
20600000,0x126,false,Rx,0,8,0x00,0x00,0x20,0x00,0x14,0x00,0x00,0x00
20600000,0x127,false,Rx,0,8,0x00,0x00,0x20,0x00,0x14,0x00,0x00,0x00
20600000,0x128,false,Rx,0,8,0x00,0x00,0x20,0x00,0x14,0x00,0x00,0x00
20600000,0x129,false,Rx,0,8,0x00,0x00,0x20,0x00,0x14,0x00,0x00,0x00
20600000,0x132,false,Rx,0,8,0x00,0x2F,0x00,0x00,0x00,0x00,0x00,0x00
20600000,0x133,false,Rx,0,8,0x00,0x1E,0x00,0x00,0x00,0x00,0x00,0x00
20700000,0x100,false,Rx,0,8,0x38,0x18,0x00,0x00,0x00,0x00,0x00,0x00
20700000,0x111,false,Rx,0,8,0x00,0x5C,0x00,0x00,0x00,0x00,0x00,0x00
20700000,0x121,false,Rx,0,8,0x00,0x00,0x04,0x00,0x00,0x00,0x00,0x00
20700000,0x126,false,Rx,0,8,0x00,0x00,0x21,0x00,0x15,0x00,0x00,0x00
20700000,0x127,false,Rx,0,8,0x00,0x00,0x21,0x00,0x15,0x00,0x00,0x00
20700000,0x128,false,Rx,0,8,0x00,0x00,0x21,0x00,0x15,0x00,0x00,0x00
20700000,0x129,false,Rx,0,8,0x00,0x00,0x21,0x00,0x15,0x00,0x00,0x00
20700000,0x132,false,Rx,0,8,0x00,0x30,0x00,0x00,0x00,0x00,0x00,0x00
20700000,0x133,false,Rx,0,8,0x00,0x1F,0x00,0x00,0x00,0x00,0x00,0x00
20800000,0x100,false,Rx,0,8,0xD4,0x17,0x00,0x00,0x00,0x00,0x00,0x00
20800000,0x111,false,Rx,0,8,0x00,0x5B,0x00,0x00,0x00,0x00,0x00,0x00
20800000,0x121,false,Rx,0,8,0x00,0x00,0x05,0x00,0x00,0x00,0x00,0x00
20800000,0x126,false,Rx,0,8,0x00,0x00,0x22,0x00,0x16,0x00,0x00,0x00
20800000,0x127,false,Rx,0,8,0x00,0x00,0x22,0x00,0x16,0x00,0x00,0x00
20800000,0x128,false,Rx,0,8,0x00,0x00,0x22,0x00,0x16,0x00,0x00,0x00
20800000,0x129,false,Rx,0,8,0x00,0x00,0x22,0x00,0x16,0x00,0x00,0x00
20800000,0x132,false,Rx,0,8,0x00,0x31,0x00,0x00,0x00,0x00,0x00,0x00
20800000,0x133,false,Rx,0,8,0x00,0x20,0x00,0x00,0x00,0x00,0x00,0x00
20900000,0x100,false,Rx,0,8,0x70,0x17,0x00,0x00,0x00,0x00,0x00,0x00
20900000,0x111,false,Rx,0,8,0x00,0x5A,0x00,0x00,0x00,0x00,0x00,0x00
20900000,0x121,false,Rx,0,8,0x00,0x00,0x06,0x00,0x00,0x00,0x00,0x00
20900000,0x126,false,Rx,0,8,0x00,0x00,0x23,0x00,0x15,0x00,0x00,0x00
20900000,0x127,false,Rx,0,8,0x00,0x00,0x23,0x00,0x15,0x00,0x00,0x00
20900000,0x128,false,Rx,0,8,0x00,0x00,0x23,0x00,0x15,0x00,0x00,0x00
20900000,0x129,false,Rx,0,8,0x00,0x00,0x23,0x00,0x15,0x00,0x00,0x00
20900000,0x132,false,Rx,0,8,0x00,0x32,0x00,0x00,0x00,0x00,0x00,0x00
20900000,0x133,false,Rx,0,8,0x00,0x21,0x00,0x00,0x00,0x00,0x00,0x00
21000000,0x100,false,Rx,0,8,0x0C,0x17,0x00,0x00,0x00,0x00,0x00,0x00
21000000,0x111,false,Rx,0,8,0x00,0x59,0x00,0x00,0x00,0x00,0x00,0x00
21000000,0x121,false,Rx,0,8,0x00,0x00,0x05,0x00,0x00,0x00,0x00,0x00
21000000,0x126,false,Rx,0,8,0x00,0x00,0x22,0x00,0x14,0x00,0x00,0x00
21000000,0x127,false,Rx,0,8,0x00,0x00,0x22,0x00,0x14,0x00,0x00,0x00
21000000,0x128,false,Rx,0,8,0x00,0x00,0x22,0x00,0x14,0x00,0x00,0x00
21000000,0x129,false,Rx,0,8,0x00,0x00,0x22,0x00,0x14,0x00,0x00,0x00
21000000,0x132,false,Rx,0,8,0x00,0x33,0x00,0x00,0x00,0x00,0x00,0x00
21000000,0x133,false,Rx,0,8,0x00,0x22,0x00,0x00,0x00,0x00,0x00,0x00
21100000,0x100,false,Rx,0,8,0xA8,0x16,0x00,0x00,0x00,0x00,0x00,0x00
21100000,0x111,false,Rx,0,8,0x00,0x58,0x00,0x00,0x00,0x00,0x00,0x00
21100000,0x121,false,Rx,0,8,0x00,0x00,0x04,0x00,0x00,0x00,0x00,0x00
21100000,0x126,false,Rx,0,8,0x00,0x00,0x21,0x00,0x13,0x00,0x00,0x00
21100000,0x127,false,Rx,0,8,0x00,0x00,0x21,0x00,0x13,0x00,0x00,0x00
21100000,0x128,false,Rx,0,8,0x00,0x00,0x21,0x00,0x13,0x00,0x00,0x00
21100000,0x129,false,Rx,0,8,0x00,0x00,0x21,0x00,0x13,0x00,0x00,0x00
21100000,0x132,false,Rx,0,8,0x00,0x34,0x00,0x00,0x00,0x00,0x00,0x00
21100000,0x133,false,Rx,0,8,0x00,0x23,0x00,0x00,0x00,0x00,0x00,0x00
21200000,0x100,false,Rx,0,8,0x44,0x16,0x00,0x00,0x00,0x00,0x00,0x00
21200000,0x111,false,Rx,0,8,0x00,0x57,0x00,0x00,0x00,0x00,0x00,0x00
21200000,0x121,false,Rx,0,8,0x00,0x00,0x03,0x00,0x00,0x00,0x00,0x00
21200000,0x126,false,Rx,0,8,0x00,0x00,0x20,0x00,0x12,0x00,0x00,0x00
21200000,0x127,false,Rx,0,8,0x00,0x00,0x20,0x00,0x12,0x00,0x00,0x00
21200000,0x128,false,Rx,0,8,0x00,0x00,0x20,0x00,0x12,0x00,0x00,0x00
21200000,0x129,false,Rx,0,8,0x00,0x00,0x20,0x00,0x12,0x00,0x00,0x00
21200000,0x132,false,Rx,0,8,0x00,0x35,0x00,0x00,0x00,0x00,0x00,0x00
21200000,0x133,false,Rx,0,8,0x00,0x24,0x00,0x00,0x00,0x00,0x00,0x00
21300000,0x100,false,Rx,0,8,0xE0,0x15,0x00,0x00,0x00,0x00,0x00,0x00
21300000,0x111,false,Rx,0,8,0x00,0x56,0x00,0x00,0x00,0x00,0x00,0x00
21300000,0x121,false,Rx,0,8,0x00,0x00,0x02,0x00,0x00,0x00,0x00,0x00
21300000,0x126,false,Rx,0,8,0x00,0x00,0x1F,0x00,0x11,0x00,0x00,0x00
21300000,0x127,false,Rx,0,8,0x00,0x00,0x1F,0x00,0x11,0x00,0x00,0x00
21300000,0x128,false,Rx,0,8,0x00,0x00,0x1F,0x00,0x11,0x00,0x00,0x00
21300000,0x129,false,Rx,0,8,0x00,0x00,0x1F,0x00,0x11,0x00,0x00,0x00
21300000,0x132,false,Rx,0,8,0x00,0x36,0x00,0x00,0x00,0x00,0x00,0x00
21300000,0x133,false,Rx,0,8,0x00,0x25,0x00,0x00,0x00,0x00,0x00,0x00
21400000,0x100,false,Rx,0,8,0x7C,0x15,0x00,0x00,0x00,0x00,0x00,0x00
21400000,0x111,false,Rx,0,8,0x00,0x55,0x00,0x00,0x00,0x00,0x00,0x00
21400000,0x121,false,Rx,0,8,0x00,0x00,0x01,0x00,0x00,0x00,0x00,0x00
21400000,0x126,false,Rx,0,8,0x00,0x00,0x1E,0x00,0x10,0x00,0x00,0x00
21400000,0x127,false,Rx,0,8,0x00,0x00,0x1E,0x00,0x10,0x00,0x00,0x00
21400000,0x128,false,Rx,0,8,0x00,0x00,0x1E,0x00,0x10,0x00,0x00,0x00
21400000,0x129,false,Rx,0,8,0x00,0x00,0x1E,0x00,0x10,0x00,0x00,0x00
21400000,0x132,false,Rx,0,8,0x00,0x37,0x00,0x00,0x00,0x00,0x00,0x00
21400000,0x133,false,Rx,0,8,0x00,0x26,0x00,0x00,0x00,0x00,0x00,0x00
21500000,0x100,false,Rx,0,8,0x18,0x15,0x00,0x00,0x00,0x00,0x00,0x00
21500000,0x111,false,Rx,0,8,0x00,0x54,0x00,0x00,0x00,0x00,0x00,0x00
21500000,0x121,false,Rx,0,8,0x00,0x00,0x00,0x00,0x00,0x00,0x00,0x00
21500000,0x126,false,Rx,0,8,0x00,0x00,0x1D,0x00,0x0F,0x00,0x00,0x00
21500000,0x127,false,Rx,0,8,0x00,0x00,0x1D,0x00,0x0F,0x00,0x00,0x00
21500000,0x128,false,Rx,0,8,0x00,0x00,0x1D,0x00,0x0F,0x00,0x00,0x00
21500000,0x129,false,Rx,0,8,0x00,0x00,0x1D,0x00,0x0F,0x00,0x00,0x00
21500000,0x132,false,Rx,0,8,0x00,0x38,0x00,0x00,0x00,0x00,0x00,0x00
21500000,0x133,false,Rx,0,8,0x00,0x27,0x00,0x00,0x00,0x00,0x00,0x00
21600000,0x100,false,Rx,0,8,0xB4,0x14,0x00,0x00,0x00,0x00,0x00,0x00
21600000,0x111,false,Rx,0,8,0x00,0x53,0x00,0x00,0x00,0x00,0x00,0x00
21600000,0x121,false,Rx,0,8,0x00,0x00,0x01,0x00,0x00,0x00,0x00,0x00
21600000,0x126,false,Rx,0,8,0x00,0x00,0x1C,0x00,0x0E,0x00,0x00,0x00
21600000,0x127,false,Rx,0,8,0x00,0x00,0x1C,0x00,0x0E,0x00,0x00,0x00
21600000,0x128,false,Rx,0,8,0x00,0x00,0x1C,0x00,0x0E,0x00,0x00,0x00
21600000,0x129,false,Rx,0,8,0x00,0x00,0x1C,0x00,0x0E,0x00,0x00,0x00
21600000,0x132,false,Rx,0,8,0x00,0x39,0x00,0x00,0x00,0x00,0x00,0x00
21600000,0x133,false,Rx,0,8,0x00,0x28,0x00,0x00,0x00,0x00,0x00,0x00
21700000,0x100,false,Rx,0,8,0x50,0x14,0x00,0x00,0x00,0x00,0x00,0x00
21700000,0x111,false,Rx,0,8,0x00,0x52,0x00,0x00,0x00,0x00,0x00,0x00
21700000,0x121,false,Rx,0,8,0x00,0x00,0x02,0x00,0x00,0x00,0x00,0x00
21700000,0x126,false,Rx,0,8,0x00,0x00,0x1B,0x00,0x0D,0x00,0x00,0x00
21700000,0x127,false,Rx,0,8,0x00,0x00,0x1B,0x00,0x0D,0x00,0x00,0x00
21700000,0x128,false,Rx,0,8,0x00,0x00,0x1B,0x00,0x0D,0x00,0x00,0x00
21700000,0x129,false,Rx,0,8,0x00,0x00,0x1B,0x00,0x0D,0x00,0x00,0x00
21700000,0x132,false,Rx,0,8,0x00,0x3A,0x00,0x00,0x00,0x00,0x00,0x00
21700000,0x133,false,Rx,0,8,0x00,0x29,0x00,0x00,0x00,0x00,0x00,0x00
21800000,0x100,false,Rx,0,8,0xEC,0x13,0x00,0x00,0x00,0x00,0x00,0x00
21800000,0x111,false,Rx,0,8,0x00,0x51,0x00,0x00,0x00,0x00,0x00,0x00
21800000,0x121,false,Rx,0,8,0x00,0x00,0x03,0x00,0x00,0x00,0x00,0x00
21800000,0x126,false,Rx,0,8,0x00,0x00,0x1A,0x00,0x0C,0x00,0x00,0x00
21800000,0x127,false,Rx,0,8,0x00,0x00,0x1A,0x00,0x0C,0x00,0x00,0x00
21800000,0x128,false,Rx,0,8,0x00,0x00,0x1A,0x00,0x0C,0x00,0x00,0x00
21800000,0x129,false,Rx,0,8,0x00,0x00,0x1A,0x00,0x0C,0x00,0x00,0x00
21800000,0x132,false,Rx,0,8,0x00,0x3B,0x00,0x00,0x00,0x00,0x00,0x00
21800000,0x133,false,Rx,0,8,0x00,0x2A,0x00,0x00,0x00,0x00,0x00,0x00
21900000,0x100,false,Rx,0,8,0x88,0x13,0x00,0x00,0x00,0x00,0x00,0x00
21900000,0x111,false,Rx,0,8,0x00,0x50,0x00,0x00,0x00,0x00,0x00,0x00
21900000,0x121,false,Rx,0,8,0x00,0x00,0x04,0x00,0x00,0x00,0x00,0x00
21900000,0x126,false,Rx,0,8,0x00,0x00,0x19,0x00,0x0B,0x00,0x00,0x00
21900000,0x127,false,Rx,0,8,0x00,0x00,0x19,0x00,0x0B,0x00,0x00,0x00
21900000,0x128,false,Rx,0,8,0x00,0x00,0x19,0x00,0x0B,0x00,0x00,0x00
21900000,0x129,false,Rx,0,8,0x00,0x00,0x19,0x00,0x0B,0x00,0x00,0x00
21900000,0x132,false,Rx,0,8,0x00,0x3C,0x00,0x00,0x00,0x00,0x00,0x00
21900000,0x133,false,Rx,0,8,0x00,0x2B,0x00,0x00,0x00,0x00,0x00,0x00
22000000,0x100,false,Rx,0,8,0x24,0x13,0x00,0x00,0x00,0x00,0x00,0x00
22000000,0x111,false,Rx,0,8,0x00,0x4F,0x00,0x00,0x00,0x00,0x00,0x00
22000000,0x121,false,Rx,0,8,0x00,0x00,0x05,0x00,0x00,0x00,0x00,0x00
22000000,0x126,false,Rx,0,8,0x00,0x00,0x18,0x00,0x0C,0x00,0x00,0x00
22000000,0x127,false,Rx,0,8,0x00,0x00,0x18,0x00,0x0C,0x00,0x00,0x00
22000000,0x128,false,Rx,0,8,0x00,0x00,0x18,0x00,0x0C,0x00,0x00,0x00
22000000,0x129,false,Rx,0,8,0x00,0x00,0x18,0x00,0x0C,0x00,0x00,0x00
22000000,0x132,false,Rx,0,8,0x00,0x3D,0x00,0x00,0x00,0x00,0x00,0x00
22000000,0x133,false,Rx,0,8,0x00,0x2C,0x00,0x00,0x00,0x00,0x00,0x00
22100000,0x100,false,Rx,0,8,0xC0,0x12,0x00,0x00,0x00,0x00,0x00,0x00
22100000,0x111,false,Rx,0,8,0x00,0x4E,0x00,0x00,0x00,0x00,0x00,0x00
22100000,0x121,false,Rx,0,8,0x00,0x00,0x06,0x00,0x00,0x00,0x00,0x00
22100000,0x126,false,Rx,0,8,0x00,0x00,0x17,0x00,0x0D,0x00,0x00,0x00
22100000,0x127,false,Rx,0,8,0x00,0x00,0x17,0x00,0x0D,0x00,0x00,0x00
22100000,0x128,false,Rx,0,8,0x00,0x00,0x17,0x00,0x0D,0x00,0x00,0x00
22100000,0x129,false,Rx,0,8,0x00,0x00,0x17,0x00,0x0D,0x00,0x00,0x00
22100000,0x132,false,Rx,0,8,0x00,0x3E,0x00,0x00,0x00,0x00,0x00,0x00
22100000,0x133,false,Rx,0,8,0x00,0x2D,0x00,0x00,0x00,0x00,0x00,0x00
22200000,0x100,false,Rx,0,8,0x5C,0x12,0x00,0x00,0x00,0x00,0x00,0x00
22200000,0x111,false,Rx,0,8,0x00,0x4D,0x00,0x00,0x00,0x00,0x00,0x00
22200000,0x121,false,Rx,0,8,0x00,0x00,0x05,0x00,0x00,0x00,0x00,0x00
22200000,0x126,false,Rx,0,8,0x00,0x00,0x16,0x00,0x0E,0x00,0x00,0x00
22200000,0x127,false,Rx,0,8,0x00,0x00,0x16,0x00,0x0E,0x00,0x00,0x00
22200000,0x128,false,Rx,0,8,0x00,0x00,0x16,0x00,0x0E,0x00,0x00,0x00
22200000,0x129,false,Rx,0,8,0x00,0x00,0x16,0x00,0x0E,0x00,0x00,0x00
22200000,0x132,false,Rx,0,8,0x00,0x3F,0x00,0x00,0x00,0x00,0x00,0x00
22200000,0x133,false,Rx,0,8,0x00,0x2E,0x00,0x00,0x00,0x00,0x00,0x00
22300000,0x100,false,Rx,0,8,0xF8,0x11,0x00,0x00,0x00,0x00,0x00,0x00
22300000,0x111,false,Rx,0,8,0x00,0x4C,0x00,0x00,0x00,0x00,0x00,0x00
22300000,0x121,false,Rx,0,8,0x00,0x00,0x04,0x00,0x00,0x00,0x00,0x00
22300000,0x126,false,Rx,0,8,0x00,0x00,0x15,0x00,0x0F,0x00,0x00,0x00
22300000,0x127,false,Rx,0,8,0x00,0x00,0x15,0x00,0x0F,0x00,0x00,0x00
22300000,0x128,false,Rx,0,8,0x00,0x00,0x15,0x00,0x0F,0x00,0x00,0x00
22300000,0x129,false,Rx,0,8,0x00,0x00,0x15,0x00,0x0F,0x00,0x00,0x00
22300000,0x132,false,Rx,0,8,0x00,0x40,0x00,0x00,0x00,0x00,0x00,0x00
22300000,0x133,false,Rx,0,8,0x00,0x2F,0x00,0x00,0x00,0x00,0x00,0x00
22400000,0x100,false,Rx,0,8,0x94,0x11,0x00,0x00,0x00,0x00,0x00,0x00
22400000,0x111,false,Rx,0,8,0x00,0x4B,0x00,0x00,0x00,0x00,0x00,0x00
22400000,0x121,false,Rx,0,8,0x00,0x00,0x03,0x00,0x00,0x00,0x00,0x00
22400000,0x126,false,Rx,0,8,0x00,0x00,0x14,0x00,0x10,0x00,0x00,0x00
22400000,0x127,false,Rx,0,8,0x00,0x00,0x14,0x00,0x10,0x00,0x00,0x00
22400000,0x128,false,Rx,0,8,0x00,0x00,0x14,0x00,0x10,0x00,0x00,0x00
22400000,0x129,false,Rx,0,8,0x00,0x00,0x14,0x00,0x10,0x00,0x00,0x00
22400000,0x132,false,Rx,0,8,0x00,0x41,0x00,0x00,0x00,0x00,0x00,0x00
22400000,0x133,false,Rx,0,8,0x00,0x30,0x00,0x00,0x00,0x00,0x00,0x00
22500000,0x100,false,Rx,0,8,0x30,0x11,0x00,0x00,0x00,0x00,0x00,0x00
22500000,0x111,false,Rx,0,8,0x00,0x4A,0x00,0x00,0x00,0x00,0x00,0x00
22500000,0x121,false,Rx,0,8,0x00,0x00,0x02,0x00,0x00,0x00,0x00,0x00
22500000,0x126,false,Rx,0,8,0x00,0x00,0x13,0x00,0x11,0x00,0x00,0x00
22500000,0x127,false,Rx,0,8,0x00,0x00,0x13,0x00,0x11,0x00,0x00,0x00
22500000,0x128,false,Rx,0,8,0x00,0x00,0x13,0x00,0x11,0x00,0x00,0x00
22500000,0x129,false,Rx,0,8,0x00,0x00,0x13,0x00,0x11,0x00,0x00,0x00
22500000,0x132,false,Rx,0,8,0x00,0x42,0x00,0x00,0x00,0x00,0x00,0x00
22500000,0x133,false,Rx,0,8,0x00,0x31,0x00,0x00,0x00,0x00,0x00,0x00
22600000,0x100,false,Rx,0,8,0xCC,0x10,0x00,0x00,0x00,0x00,0x00,0x00
22600000,0x111,false,Rx,0,8,0x00,0x49,0x00,0x00,0x00,0x00,0x00,0x00
22600000,0x121,false,Rx,0,8,0x00,0x00,0x01,0x00,0x00,0x00,0x00,0x00
22600000,0x126,false,Rx,0,8,0x00,0x00,0x12,0x00,0x12,0x00,0x00,0x00
22600000,0x127,false,Rx,0,8,0x00,0x00,0x12,0x00,0x12,0x00,0x00,0x00
22600000,0x128,false,Rx,0,8,0x00,0x00,0x12,0x00,0x12,0x00,0x00,0x00
22600000,0x129,false,Rx,0,8,0x00,0x00,0x12,0x00,0x12,0x00,0x00,0x00
22600000,0x132,false,Rx,0,8,0x00,0x43,0x00,0x00,0x00,0x00,0x00,0x00
22600000,0x133,false,Rx,0,8,0x00,0x32,0x00,0x00,0x00,0x00,0x00,0x00
22700000,0x100,false,Rx,0,8,0x68,0x10,0x00,0x00,0x00,0x00,0x00,0x00
22700000,0x111,false,Rx,0,8,0x00,0x48,0x00,0x00,0x00,0x00,0x00,0x00
22700000,0x121,false,Rx,0,8,0x00,0x00,0x00,0x00,0x00,0x00,0x00,0x00
22700000,0x126,false,Rx,0,8,0x00,0x00,0x11,0x00,0x13,0x00,0x00,0x00
22700000,0x127,false,Rx,0,8,0x00,0x00,0x11,0x00,0x13,0x00,0x00,0x00
22700000,0x128,false,Rx,0,8,0x00,0x00,0x11,0x00,0x13,0x00,0x00,0x00
22700000,0x129,false,Rx,0,8,0x00,0x00,0x11,0x00,0x13,0x00,0x00,0x00
22700000,0x132,false,Rx,0,8,0x00,0x44,0x00,0x00,0x00,0x00,0x00,0x00
22700000,0x133,false,Rx,0,8,0x00,0x33,0x00,0x00,0x00,0x00,0x00,0x00
22800000,0x100,false,Rx,0,8,0x04,0x10,0x00,0x00,0x00,0x00,0x00,0x00
22800000,0x111,false,Rx,0,8,0x00,0x47,0x00,0x00,0x00,0x00,0x00,0x00
22800000,0x121,false,Rx,0,8,0x00,0x00,0x01,0x00,0x00,0x00,0x00,0x00
22800000,0x126,false,Rx,0,8,0x00,0x00,0x10,0x00,0x14,0x00,0x00,0x00
22800000,0x127,false,Rx,0,8,0x00,0x00,0x10,0x00,0x14,0x00,0x00,0x00
22800000,0x128,false,Rx,0,8,0x00,0x00,0x10,0x00,0x14,0x00,0x00,0x00
22800000,0x129,false,Rx,0,8,0x00,0x00,0x10,0x00,0x14,0x00,0x00,0x00
22800000,0x132,false,Rx,0,8,0x00,0x45,0x00,0x00,0x00,0x00,0x00,0x00
22800000,0x133,false,Rx,0,8,0x00,0x34,0x00,0x00,0x00,0x00,0x00,0x00
22900000,0x100,false,Rx,0,8,0xA0,0x0F,0x00,0x00,0x00,0x00,0x00,0x00
22900000,0x111,false,Rx,0,8,0x00,0x46,0x00,0x00,0x00,0x00,0x00,0x00
22900000,0x121,false,Rx,0,8,0x00,0x00,0x02,0x00,0x00,0x00,0x00,0x00
22900000,0x126,false,Rx,0,8,0x00,0x00,0x0F,0x00,0x15,0x00,0x00,0x00
22900000,0x127,false,Rx,0,8,0x00,0x00,0x0F,0x00,0x15,0x00,0x00,0x00
22900000,0x128,false,Rx,0,8,0x00,0x00,0x0F,0x00,0x15,0x00,0x00,0x00
22900000,0x129,false,Rx,0,8,0x00,0x00,0x0F,0x00,0x15,0x00,0x00,0x00
22900000,0x132,false,Rx,0,8,0x00,0x46,0x00,0x00,0x00,0x00,0x00,0x00
22900000,0x133,false,Rx,0,8,0x00,0x35,0x00,0x00,0x00,0x00,0x00,0x00
23000000,0x100,false,Rx,0,8,0x3C,0x0F,0x00,0x00,0x00,0x00,0x00,0x00
23000000,0x111,false,Rx,0,8,0x00,0x45,0x00,0x00,0x00,0x00,0x00,0x00
23000000,0x121,false,Rx,0,8,0x00,0x00,0x03,0x00,0x00,0x00,0x00,0x00
23000000,0x126,false,Rx,0,8,0x00,0x00,0x0E,0x00,0x16,0x00,0x00,0x00
23000000,0x127,false,Rx,0,8,0x00,0x00,0x0E,0x00,0x16,0x00,0x00,0x00
23000000,0x128,false,Rx,0,8,0x00,0x00,0x0E,0x00,0x16,0x00,0x00,0x00
23000000,0x129,false,Rx,0,8,0x00,0x00,0x0E,0x00,0x16,0x00,0x00,0x00
23000000,0x132,false,Rx,0,8,0x00,0x47,0x00,0x00,0x00,0x00,0x00,0x00
23000000,0x133,false,Rx,0,8,0x00,0x36,0x00,0x00,0x00,0x00,0x00,0x00
23100000,0x100,false,Rx,0,8,0xD8,0x0E,0x00,0x00,0x00,0x00,0x00,0x00
23100000,0x111,false,Rx,0,8,0x00,0x44,0x00,0x00,0x00,0x00,0x00,0x00
23100000,0x121,false,Rx,0,8,0x00,0x00,0x04,0x00,0x00,0x00,0x00,0x00
23100000,0x126,false,Rx,0,8,0x00,0x00,0x0D,0x00,0x15,0x00,0x00,0x00
23100000,0x127,false,Rx,0,8,0x00,0x00,0x0D,0x00,0x15,0x00,0x00,0x00
23100000,0x128,false,Rx,0,8,0x00,0x00,0x0D,0x00,0x15,0x00,0x00,0x00
23100000,0x129,false,Rx,0,8,0x00,0x00,0x0D,0x00,0x15,0x00,0x00,0x00
23100000,0x132,false,Rx,0,8,0x00,0x48,0x00,0x00,0x00,0x00,0x00,0x00
23100000,0x133,false,Rx,0,8,0x00,0x37,0x00,0x00,0x00,0x00,0x00,0x00
23200000,0x100,false,Rx,0,8,0x74,0x0E,0x00,0x00,0x00,0x00,0x00,0x00
23200000,0x111,false,Rx,0,8,0x00,0x43,0x00,0x00,0x00,0x00,0x00,0x00
23200000,0x121,false,Rx,0,8,0x00,0x00,0x05,0x00,0x00,0x00,0x00,0x00
23200000,0x126,false,Rx,0,8,0x00,0x00,0x0C,0x00,0x14,0x00,0x00,0x00
23200000,0x127,false,Rx,0,8,0x00,0x00,0x0C,0x00,0x14,0x00,0x00,0x00
23200000,0x128,false,Rx,0,8,0x00,0x00,0x0C,0x00,0x14,0x00,0x00,0x00
23200000,0x129,false,Rx,0,8,0x00,0x00,0x0C,0x00,0x14,0x00,0x00,0x00
23200000,0x132,false,Rx,0,8,0x00,0x49,0x00,0x00,0x00,0x00,0x00,0x00
23200000,0x133,false,Rx,0,8,0x00,0x38,0x00,0x00,0x00,0x00,0x00,0x00
23300000,0x100,false,Rx,0,8,0x10,0x0E,0x00,0x00,0x00,0x00,0x00,0x00
23300000,0x111,false,Rx,0,8,0x00,0x42,0x00,0x00,0x00,0x00,0x00,0x00
23300000,0x121,false,Rx,0,8,0x00,0x00,0x06,0x00,0x00,0x00,0x00,0x00
23300000,0x126,false,Rx,0,8,0x00,0x00,0x0B,0x00,0x13,0x00,0x00,0x00
23300000,0x127,false,Rx,0,8,0x00,0x00,0x0B,0x00,0x13,0x00,0x00,0x00
23300000,0x128,false,Rx,0,8,0x00,0x00,0x0B,0x00,0x13,0x00,0x00,0x00
23300000,0x129,false,Rx,0,8,0x00,0x00,0x0B,0x00,0x13,0x00,0x00,0x00
23300000,0x132,false,Rx,0,8,0x00,0x4A,0x00,0x00,0x00,0x00,0x00,0x00
23300000,0x133,false,Rx,0,8,0x00,0x39,0x00,0x00,0x00,0x00,0x00,0x00
23400000,0x100,false,Rx,0,8,0xAC,0x0D,0x00,0x00,0x00,0x00,0x00,0x00
23400000,0x111,false,Rx,0,8,0x00,0x41,0x00,0x00,0x00,0x00,0x00,0x00
23400000,0x121,false,Rx,0,8,0x00,0x00,0x05,0x00,0x00,0x00,0x00,0x00
23400000,0x126,false,Rx,0,8,0x00,0x00,0x0A,0x00,0x12,0x00,0x00,0x00
23400000,0x127,false,Rx,0,8,0x00,0x00,0x0A,0x00,0x12,0x00,0x00,0x00
23400000,0x128,false,Rx,0,8,0x00,0x00,0x0A,0x00,0x12,0x00,0x00,0x00
23400000,0x129,false,Rx,0,8,0x00,0x00,0x0A,0x00,0x12,0x00,0x00,0x00
23400000,0x132,false,Rx,0,8,0x00,0x4B,0x00,0x00,0x00,0x00,0x00,0x00
23400000,0x133,false,Rx,0,8,0x00,0x3A,0x00,0x00,0x00,0x00,0x00,0x00
23500000,0x100,false,Rx,0,8,0x48,0x0D,0x00,0x00,0x00,0x00,0x00,0x00
23500000,0x111,false,Rx,0,8,0x00,0x40,0x00,0x00,0x00,0x00,0x00,0x00
23500000,0x121,false,Rx,0,8,0x00,0x00,0x04,0x00,0x00,0x00,0x00,0x00
23500000,0x126,false,Rx,0,8,0x00,0x00,0x09,0x00,0x11,0x00,0x00,0x00
23500000,0x127,false,Rx,0,8,0x00,0x00,0x09,0x00,0x11,0x00,0x00,0x00
23500000,0x128,false,Rx,0,8,0x00,0x00,0x09,0x00,0x11,0x00,0x00,0x00
23500000,0x129,false,Rx,0,8,0x00,0x00,0x09,0x00,0x11,0x00,0x00,0x00
23500000,0x132,false,Rx,0,8,0x00,0x4C,0x00,0x00,0x00,0x00,0x00,0x00
23500000,0x133,false,Rx,0,8,0x00,0x3B,0x00,0x00,0x00,0x00,0x00,0x00
23600000,0x100,false,Rx,0,8,0xE4,0x0C,0x00,0x00,0x00,0x00,0x00,0x00
23600000,0x111,false,Rx,0,8,0x00,0x3F,0x00,0x00,0x00,0x00,0x00,0x00
23600000,0x121,false,Rx,0,8,0x00,0x00,0x03,0x00,0x00,0x00,0x00,0x00
23600000,0x126,false,Rx,0,8,0x00,0x00,0x08,0x00,0x10,0x00,0x00,0x00
23600000,0x127,false,Rx,0,8,0x00,0x00,0x08,0x00,0x10,0x00,0x00,0x00
23600000,0x128,false,Rx,0,8,0x00,0x00,0x08,0x00,0x10,0x00,0x00,0x00
23600000,0x129,false,Rx,0,8,0x00,0x00,0x08,0x00,0x10,0x00,0x00,0x00
23600000,0x132,false,Rx,0,8,0x00,0x4D,0x00,0x00,0x00,0x00,0x00,0x00
23600000,0x133,false,Rx,0,8,0x00,0x3C,0x00,0x00,0x00,0x00,0x00,0x00
23700000,0x100,false,Rx,0,8,0x80,0x0C,0x00,0x00,0x00,0x00,0x00,0x00
23700000,0x111,false,Rx,0,8,0x00,0x3E,0x00,0x00,0x00,0x00,0x00,0x00
23700000,0x121,false,Rx,0,8,0x00,0x00,0x02,0x00,0x00,0x00,0x00,0x00
23700000,0x126,false,Rx,0,8,0x00,0x00,0x07,0x00,0x0F,0x00,0x00,0x00
23700000,0x127,false,Rx,0,8,0x00,0x00,0x07,0x00,0x0F,0x00,0x00,0x00
23700000,0x128,false,Rx,0,8,0x00,0x00,0x07,0x00,0x0F,0x00,0x00,0x00
23700000,0x129,false,Rx,0,8,0x00,0x00,0x07,0x00,0x0F,0x00,0x00,0x00
23700000,0x132,false,Rx,0,8,0x00,0x4E,0x00,0x00,0x00,0x00,0x00,0x00
23700000,0x133,false,Rx,0,8,0x00,0x3D,0x00,0x00,0x00,0x00,0x00,0x00
23800000,0x100,false,Rx,0,8,0x1C,0x0C,0x00,0x00,0x00,0x00,0x00,0x00
23800000,0x111,false,Rx,0,8,0x00,0x3D,0x00,0x00,0x00,0x00,0x00,0x00
23800000,0x121,false,Rx,0,8,0x00,0x00,0x01,0x00,0x00,0x00,0x00,0x00
23800000,0x126,false,Rx,0,8,0x00,0x00,0x06,0x00,0x0E,0x00,0x00,0x00
23800000,0x127,false,Rx,0,8,0x00,0x00,0x06,0x00,0x0E,0x00,0x00,0x00
23800000,0x128,false,Rx,0,8,0x00,0x00,0x06,0x00,0x0E,0x00,0x00,0x00
23800000,0x129,false,Rx,0,8,0x00,0x00,0x06,0x00,0x0E,0x00,0x00,0x00
23800000,0x132,false,Rx,0,8,0x00,0x4F,0x00,0x00,0x00,0x00,0x00,0x00
23800000,0x133,false,Rx,0,8,0x00,0x3E,0x00,0x00,0x00,0x00,0x00,0x00
23900000,0x100,false,Rx,0,8,0xB8,0x0B,0x00,0x00,0x00,0x00,0x00,0x00
23900000,0x111,false,Rx,0,8,0x00,0x3C,0x00,0x00,0x00,0x00,0x00,0x00
23900000,0x121,false,Rx,0,8,0x00,0x00,0x00,0x00,0x00,0x00,0x00,0x00
23900000,0x126,false,Rx,0,8,0x00,0x00,0x05,0x00,0x0D,0x00,0x00,0x00
23900000,0x127,false,Rx,0,8,0x00,0x00,0x05,0x00,0x0D,0x00,0x00,0x00
23900000,0x128,false,Rx,0,8,0x00,0x00,0x05,0x00,0x0D,0x00,0x00,0x00
23900000,0x129,false,Rx,0,8,0x00,0x00,0x05,0x00,0x0D,0x00,0x00,0x00
23900000,0x132,false,Rx,0,8,0x00,0x50,0x00,0x00,0x00,0x00,0x00,0x00
23900000,0x133,false,Rx,0,8,0x00,0x3F,0x00,0x00,0x00,0x00,0x00,0x00
24000000,0x100,false,Rx,0,8,0x54,0x0B,0x00,0x00,0x00,0x00,0x00,0x00
24000000,0x111,false,Rx,0,8,0x00,0x3D,0x00,0x00,0x00,0x00,0x00,0x00
24000000,0x121,false,Rx,0,8,0x00,0x00,0x01,0x00,0x00,0x00,0x00,0x00
24000000,0x126,false,Rx,0,8,0x00,0x00,0x06,0x00,0x0C,0x00,0x00,0x00
24000000,0x127,false,Rx,0,8,0x00,0x00,0x06,0x00,0x0C,0x00,0x00,0x00
24000000,0x128,false,Rx,0,8,0x00,0x00,0x06,0x00,0x0C,0x00,0x00,0x00
24000000,0x129,false,Rx,0,8,0x00,0x00,0x06,0x00,0x0C,0x00,0x00,0x00
24000000,0x132,false,Rx,0,8,0x00,0x51,0x00,0x00,0x00,0x00,0x00,0x00
24000000,0x133,false,Rx,0,8,0x00,0x40,0x00,0x00,0x00,0x00,0x00,0x00
24100000,0x100,false,Rx,0,8,0xF0,0x0A,0x00,0x00,0x00,0x00,0x00,0x00
24100000,0x111,false,Rx,0,8,0x00,0x3E,0x00,0x00,0x00,0x00,0x00,0x00
24100000,0x121,false,Rx,0,8,0x00,0x00,0x02,0x00,0x00,0x00,0x00,0x00
24100000,0x126,false,Rx,0,8,0x00,0x00,0x07,0x00,0x0B,0x00,0x00,0x00
24100000,0x127,false,Rx,0,8,0x00,0x00,0x07,0x00,0x0B,0x00,0x00,0x00
24100000,0x128,false,Rx,0,8,0x00,0x00,0x07,0x00,0x0B,0x00,0x00,0x00
24100000,0x129,false,Rx,0,8,0x00,0x00,0x07,0x00,0x0B,0x00,0x00,0x00
24100000,0x132,false,Rx,0,8,0x00,0x52,0x00,0x00,0x00,0x00,0x00,0x00
24100000,0x133,false,Rx,0,8,0x00,0x41,0x00,0x00,0x00,0x00,0x00,0x00
24200000,0x100,false,Rx,0,8,0x8C,0x0A,0x00,0x00,0x00,0x00,0x00,0x00
24200000,0x111,false,Rx,0,8,0x00,0x3F,0x00,0x00,0x00,0x00,0x00,0x00
24200000,0x121,false,Rx,0,8,0x00,0x00,0x03,0x00,0x00,0x00,0x00,0x00
24200000,0x126,false,Rx,0,8,0x00,0x00,0x08,0x00,0x0C,0x00,0x00,0x00
24200000,0x127,false,Rx,0,8,0x00,0x00,0x08,0x00,0x0C,0x00,0x00,0x00
24200000,0x128,false,Rx,0,8,0x00,0x00,0x08,0x00,0x0C,0x00,0x00,0x00
24200000,0x129,false,Rx,0,8,0x00,0x00,0x08,0x00,0x0C,0x00,0x00,0x00
24200000,0x132,false,Rx,0,8,0x00,0x53,0x00,0x00,0x00,0x00,0x00,0x00
24200000,0x133,false,Rx,0,8,0x00,0x42,0x00,0x00,0x00,0x00,0x00,0x00
24300000,0x100,false,Rx,0,8,0x28,0x0A,0x00,0x00,0x00,0x00,0x00,0x00
24300000,0x111,false,Rx,0,8,0x00,0x40,0x00,0x00,0x00,0x00,0x00,0x00
24300000,0x121,false,Rx,0,8,0x00,0x00,0x04,0x00,0x00,0x00,0x00,0x00
24300000,0x126,false,Rx,0,8,0x00,0x00,0x09,0x00,0x0D,0x00,0x00,0x00
24300000,0x127,false,Rx,0,8,0x00,0x00,0x09,0x00,0x0D,0x00,0x00,0x00
24300000,0x128,false,Rx,0,8,0x00,0x00,0x09,0x00,0x0D,0x00,0x00,0x00
24300000,0x129,false,Rx,0,8,0x00,0x00,0x09,0x00,0x0D,0x00,0x00,0x00
24300000,0x132,false,Rx,0,8,0x00,0x54,0x00,0x00,0x00,0x00,0x00,0x00
24300000,0x133,false,Rx,0,8,0x00,0x43,0x00,0x00,0x00,0x00,0x00,0x00
24400000,0x100,false,Rx,0,8,0xC4,0x09,0x00,0x00,0x00,0x00,0x00,0x00
24400000,0x111,false,Rx,0,8,0x00,0x41,0x00,0x00,0x00,0x00,0x00,0x00
24400000,0x121,false,Rx,0,8,0x00,0x00,0x05,0x00,0x00,0x00,0x00,0x00
24400000,0x126,false,Rx,0,8,0x00,0x00,0x0A,0x00,0x0E,0x00,0x00,0x00
24400000,0x127,false,Rx,0,8,0x00,0x00,0x0A,0x00,0x0E,0x00,0x00,0x00
24400000,0x128,false,Rx,0,8,0x00,0x00,0x0A,0x00,0x0E,0x00,0x00,0x00
24400000,0x129,false,Rx,0,8,0x00,0x00,0x0A,0x00,0x0E,0x00,0x00,0x00
24400000,0x132,false,Rx,0,8,0x00,0x55,0x00,0x00,0x00,0x00,0x00,0x00
24400000,0x133,false,Rx,0,8,0x00,0x44,0x00,0x00,0x00,0x00,0x00,0x00
24500000,0x100,false,Rx,0,8,0x60,0x09,0x00,0x00,0x00,0x00,0x00,0x00
24500000,0x111,false,Rx,0,8,0x00,0x42,0x00,0x00,0x00,0x00,0x00,0x00
24500000,0x121,false,Rx,0,8,0x00,0x00,0x06,0x00,0x00,0x00,0x00,0x00
24500000,0x126,false,Rx,0,8,0x00,0x00,0x0B,0x00,0x0F,0x00,0x00,0x00
24500000,0x127,false,Rx,0,8,0x00,0x00,0x0B,0x00,0x0F,0x00,0x00,0x00
24500000,0x128,false,Rx,0,8,0x00,0x00,0x0B,0x00,0x0F,0x00,0x00,0x00
24500000,0x129,false,Rx,0,8,0x00,0x00,0x0B,0x00,0x0F,0x00,0x00,0x00
24500000,0x132,false,Rx,0,8,0x00,0x56,0x00,0x00,0x00,0x00,0x00,0x00
24500000,0x133,false,Rx,0,8,0x00,0x45,0x00,0x00,0x00,0x00,0x00,0x00
24600000,0x100,false,Rx,0,8,0xFC,0x08,0x00,0x00,0x00,0x00,0x00,0x00
24600000,0x111,false,Rx,0,8,0x00,0x43,0x00,0x00,0x00,0x00,0x00,0x00
24600000,0x121,false,Rx,0,8,0x00,0x00,0x05,0x00,0x00,0x00,0x00,0x00
24600000,0x126,false,Rx,0,8,0x00,0x00,0x0C,0x00,0x10,0x00,0x00,0x00
24600000,0x127,false,Rx,0,8,0x00,0x00,0x0C,0x00,0x10,0x00,0x00,0x00
24600000,0x128,false,Rx,0,8,0x00,0x00,0x0C,0x00,0x10,0x00,0x00,0x00
24600000,0x129,false,Rx,0,8,0x00,0x00,0x0C,0x00,0x10,0x00,0x00,0x00
24600000,0x132,false,Rx,0,8,0x00,0x57,0x00,0x00,0x00,0x00,0x00,0x00
24600000,0x133,false,Rx,0,8,0x00,0x46,0x00,0x00,0x00,0x00,0x00,0x00
24700000,0x100,false,Rx,0,8,0x98,0x08,0x00,0x00,0x00,0x00,0x00,0x00
24700000,0x111,false,Rx,0,8,0x00,0x44,0x00,0x00,0x00,0x00,0x00,0x00
24700000,0x121,false,Rx,0,8,0x00,0x00,0x04,0x00,0x00,0x00,0x00,0x00
24700000,0x126,false,Rx,0,8,0x00,0x00,0x0D,0x00,0x11,0x00,0x00,0x00
24700000,0x127,false,Rx,0,8,0x00,0x00,0x0D,0x00,0x11,0x00,0x00,0x00
24700000,0x128,false,Rx,0,8,0x00,0x00,0x0D,0x00,0x11,0x00,0x00,0x00
24700000,0x129,false,Rx,0,8,0x00,0x00,0x0D,0x00,0x11,0x00,0x00,0x00
24700000,0x132,false,Rx,0,8,0x00,0x58,0x00,0x00,0x00,0x00,0x00,0x00
24700000,0x133,false,Rx,0,8,0x00,0x47,0x00,0x00,0x00,0x00,0x00,0x00
24800000,0x100,false,Rx,0,8,0x34,0x08,0x00,0x00,0x00,0x00,0x00,0x00
24800000,0x111,false,Rx,0,8,0x00,0x45,0x00,0x00,0x00,0x00,0x00,0x00
24800000,0x121,false,Rx,0,8,0x00,0x00,0x03,0x00,0x00,0x00,0x00,0x00
24800000,0x126,false,Rx,0,8,0x00,0x00,0x0E,0x00,0x12,0x00,0x00,0x00
24800000,0x127,false,Rx,0,8,0x00,0x00,0x0E,0x00,0x12,0x00,0x00,0x00
24800000,0x128,false,Rx,0,8,0x00,0x00,0x0E,0x00,0x12,0x00,0x00,0x00
24800000,0x129,false,Rx,0,8,0x00,0x00,0x0E,0x00,0x12,0x00,0x00,0x00
24800000,0x132,false,Rx,0,8,0x00,0x59,0x00,0x00,0x00,0x00,0x00,0x00
24800000,0x133,false,Rx,0,8,0x00,0x48,0x00,0x00,0x00,0x00,0x00,0x00
24900000,0x100,false,Rx,0,8,0xD0,0x07,0x00,0x00,0x00,0x00,0x00,0x00
24900000,0x111,false,Rx,0,8,0x00,0x46,0x00,0x00,0x00,0x00,0x00,0x00
24900000,0x121,false,Rx,0,8,0x00,0x00,0x02,0x00,0x00,0x00,0x00,0x00
24900000,0x126,false,Rx,0,8,0x00,0x00,0x0F,0x00,0x13,0x00,0x00,0x00
24900000,0x127,false,Rx,0,8,0x00,0x00,0x0F,0x00,0x13,0x00,0x00,0x00
24900000,0x128,false,Rx,0,8,0x00,0x00,0x0F,0x00,0x13,0x00,0x00,0x00
24900000,0x129,false,Rx,0,8,0x00,0x00,0x0F,0x00,0x13,0x00,0x00,0x00
24900000,0x132,false,Rx,0,8,0x00,0x5A,0x00,0x00,0x00,0x00,0x00,0x00
24900000,0x133,false,Rx,0,8,0x00,0x49,0x00,0x00,0x00,0x00,0x00,0x00
25000000,0x100,false,Rx,0,8,0x6C,0x07,0x00,0x00,0x00,0x00,0x00,0x00
25000000,0x111,false,Rx,0,8,0x00,0x47,0x00,0x00,0x00,0x00,0x00,0x00
25000000,0x121,false,Rx,0,8,0x00,0x00,0x01,0x00,0x00,0x00,0x00,0x00
25000000,0x126,false,Rx,0,8,0x00,0x00,0x10,0x00,0x14,0x00,0x00,0x00
25000000,0x127,false,Rx,0,8,0x00,0x00,0x10,0x00,0x14,0x00,0x00,0x00
25000000,0x128,false,Rx,0,8,0x00,0x00,0x10,0x00,0x14,0x00,0x00,0x00
25000000,0x129,false,Rx,0,8,0x00,0x00,0x10,0x00,0x14,0x00,0x00,0x00
25000000,0x132,false,Rx,0,8,0x00,0x5B,0x00,0x00,0x00,0x00,0x00,0x00
25000000,0x133,false,Rx,0,8,0x00,0x4A,0x00,0x00,0x00,0x00,0x00,0x00
25100000,0x100,false,Rx,0,8,0x08,0x07,0x00,0x00,0x00,0x00,0x00,0x00
25100000,0x111,false,Rx,0,8,0x00,0x48,0x00,0x00,0x00,0x00,0x00,0x00
25100000,0x121,false,Rx,0,8,0x00,0x00,0x00,0x00,0x00,0x00,0x00,0x00
25100000,0x126,false,Rx,0,8,0x00,0x00,0x11,0x00,0x15,0x00,0x00,0x00
25100000,0x127,false,Rx,0,8,0x00,0x00,0x11,0x00,0x15,0x00,0x00,0x00
25100000,0x128,false,Rx,0,8,0x00,0x00,0x11,0x00,0x15,0x00,0x00,0x00
25100000,0x129,false,Rx,0,8,0x00,0x00,0x11,0x00,0x15,0x00,0x00,0x00
25100000,0x132,false,Rx,0,8,0x00,0x5C,0x00,0x00,0x00,0x00,0x00,0x00
25100000,0x133,false,Rx,0,8,0x00,0x4B,0x00,0x00,0x00,0x00,0x00,0x00
25200000,0x100,false,Rx,0,8,0xA4,0x06,0x00,0x00,0x00,0x00,0x00,0x00
25200000,0x111,false,Rx,0,8,0x00,0x49,0x00,0x00,0x00,0x00,0x00,0x00
25200000,0x121,false,Rx,0,8,0x00,0x00,0x01,0x00,0x00,0x00,0x00,0x00
25200000,0x126,false,Rx,0,8,0x00,0x00,0x12,0x00,0x16,0x00,0x00,0x00
25200000,0x127,false,Rx,0,8,0x00,0x00,0x12,0x00,0x16,0x00,0x00,0x00
25200000,0x128,false,Rx,0,8,0x00,0x00,0x12,0x00,0x16,0x00,0x00,0x00
25200000,0x129,false,Rx,0,8,0x00,0x00,0x12,0x00,0x16,0x00,0x00,0x00
25200000,0x132,false,Rx,0,8,0x00,0x5D,0x00,0x00,0x00,0x00,0x00,0x00
25200000,0x133,false,Rx,0,8,0x00,0x4C,0x00,0x00,0x00,0x00,0x00,0x00
25300000,0x100,false,Rx,0,8,0x40,0x06,0x00,0x00,0x00,0x00,0x00,0x00
25300000,0x111,false,Rx,0,8,0x00,0x4A,0x00,0x00,0x00,0x00,0x00,0x00
25300000,0x121,false,Rx,0,8,0x00,0x00,0x02,0x00,0x00,0x00,0x00,0x00
25300000,0x126,false,Rx,0,8,0x00,0x00,0x13,0x00,0x15,0x00,0x00,0x00
25300000,0x127,false,Rx,0,8,0x00,0x00,0x13,0x00,0x15,0x00,0x00,0x00
25300000,0x128,false,Rx,0,8,0x00,0x00,0x13,0x00,0x15,0x00,0x00,0x00
25300000,0x129,false,Rx,0,8,0x00,0x00,0x13,0x00,0x15,0x00,0x00,0x00
25300000,0x132,false,Rx,0,8,0x00,0x5E,0x00,0x00,0x00,0x00,0x00,0x00
25300000,0x133,false,Rx,0,8,0x00,0x4D,0x00,0x00,0x00,0x00,0x00,0x00
25400000,0x100,false,Rx,0,8,0xDC,0x05,0x00,0x00,0x00,0x00,0x00,0x00
25400000,0x111,false,Rx,0,8,0x00,0x4B,0x00,0x00,0x00,0x00,0x00,0x00
25400000,0x121,false,Rx,0,8,0x00,0x00,0x03,0x00,0x00,0x00,0x00,0x00
25400000,0x126,false,Rx,0,8,0x00,0x00,0x14,0x00,0x14,0x00,0x00,0x00
25400000,0x127,false,Rx,0,8,0x00,0x00,0x14,0x00,0x14,0x00,0x00,0x00
25400000,0x128,false,Rx,0,8,0x00,0x00,0x14,0x00,0x14,0x00,0x00,0x00
25400000,0x129,false,Rx,0,8,0x00,0x00,0x14,0x00,0x14,0x00,0x00,0x00
25400000,0x132,false,Rx,0,8,0x00,0x5F,0x00,0x00,0x00,0x00,0x00,0x00
25400000,0x133,false,Rx,0,8,0x00,0x4E,0x00,0x00,0x00,0x00,0x00,0x00
25500000,0x100,false,Rx,0,8,0x78,0x05,0x00,0x00,0x00,0x00,0x00,0x00
25500000,0x111,false,Rx,0,8,0x00,0x4C,0x00,0x00,0x00,0x00,0x00,0x00
25500000,0x121,false,Rx,0,8,0x00,0x00,0x04,0x00,0x00,0x00,0x00,0x00
25500000,0x126,false,Rx,0,8,0x00,0x00,0x15,0x00,0x13,0x00,0x00,0x00
25500000,0x127,false,Rx,0,8,0x00,0x00,0x15,0x00,0x13,0x00,0x00,0x00
25500000,0x128,false,Rx,0,8,0x00,0x00,0x15,0x00,0x13,0x00,0x00,0x00
25500000,0x129,false,Rx,0,8,0x00,0x00,0x15,0x00,0x13,0x00,0x00,0x00
25500000,0x132,false,Rx,0,8,0x00,0x60,0x00,0x00,0x00,0x00,0x00,0x00
25500000,0x133,false,Rx,0,8,0x00,0x4F,0x00,0x00,0x00,0x00,0x00,0x00
25600000,0x100,false,Rx,0,8,0x14,0x05,0x00,0x00,0x00,0x00,0x00,0x00
25600000,0x111,false,Rx,0,8,0x00,0x4D,0x00,0x00,0x00,0x00,0x00,0x00
25600000,0x121,false,Rx,0,8,0x00,0x00,0x05,0x00,0x00,0x00,0x00,0x00
25600000,0x126,false,Rx,0,8,0x00,0x00,0x16,0x00,0x12,0x00,0x00,0x00
25600000,0x127,false,Rx,0,8,0x00,0x00,0x16,0x00,0x12,0x00,0x00,0x00
25600000,0x128,false,Rx,0,8,0x00,0x00,0x16,0x00,0x12,0x00,0x00,0x00
25600000,0x129,false,Rx,0,8,0x00,0x00,0x16,0x00,0x12,0x00,0x00,0x00
25600000,0x132,false,Rx,0,8,0x00,0x61,0x00,0x00,0x00,0x00,0x00,0x00
25600000,0x133,false,Rx,0,8,0x00,0x50,0x00,0x00,0x00,0x00,0x00,0x00
25700000,0x100,false,Rx,0,8,0xB0,0x04,0x00,0x00,0x00,0x00,0x00,0x00
25700000,0x111,false,Rx,0,8,0x00,0x4E,0x00,0x00,0x00,0x00,0x00,0x00
25700000,0x121,false,Rx,0,8,0x00,0x00,0x06,0x00,0x00,0x00,0x00,0x00
25700000,0x126,false,Rx,0,8,0x00,0x00,0x17,0x00,0x11,0x00,0x00,0x00
25700000,0x127,false,Rx,0,8,0x00,0x00,0x17,0x00,0x11,0x00,0x00,0x00
25700000,0x128,false,Rx,0,8,0x00,0x00,0x17,0x00,0x11,0x00,0x00,0x00
25700000,0x129,false,Rx,0,8,0x00,0x00,0x17,0x00,0x11,0x00,0x00,0x00
25700000,0x132,false,Rx,0,8,0x00,0x62,0x00,0x00,0x00,0x00,0x00,0x00
25700000,0x133,false,Rx,0,8,0x00,0x51,0x00,0x00,0x00,0x00,0x00,0x00
25800000,0x100,false,Rx,0,8,0x4C,0x04,0x00,0x00,0x00,0x00,0x00,0x00
25800000,0x111,false,Rx,0,8,0x00,0x4F,0x00,0x00,0x00,0x00,0x00,0x00
25800000,0x121,false,Rx,0,8,0x00,0x00,0x05,0x00,0x00,0x00,0x00,0x00
25800000,0x126,false,Rx,0,8,0x00,0x00,0x18,0x00,0x10,0x00,0x00,0x00
25800000,0x127,false,Rx,0,8,0x00,0x00,0x18,0x00,0x10,0x00,0x00,0x00
25800000,0x128,false,Rx,0,8,0x00,0x00,0x18,0x00,0x10,0x00,0x00,0x00
25800000,0x129,false,Rx,0,8,0x00,0x00,0x18,0x00,0x10,0x00,0x00,0x00
25800000,0x132,false,Rx,0,8,0x00,0x63,0x00,0x00,0x00,0x00,0x00,0x00
25800000,0x133,false,Rx,0,8,0x00,0x52,0x00,0x00,0x00,0x00,0x00,0x00
25900000,0x100,false,Rx,0,8,0xE8,0x03,0x00,0x00,0x00,0x00,0x00,0x00
25900000,0x111,false,Rx,0,8,0x00,0x50,0x00,0x00,0x00,0x00,0x00,0x00
25900000,0x121,false,Rx,0,8,0x00,0x00,0x04,0x00,0x00,0x00,0x00,0x00
25900000,0x126,false,Rx,0,8,0x00,0x00,0x19,0x00,0x0F,0x00,0x00,0x00
25900000,0x127,false,Rx,0,8,0x00,0x00,0x19,0x00,0x0F,0x00,0x00,0x00
25900000,0x128,false,Rx,0,8,0x00,0x00,0x19,0x00,0x0F,0x00,0x00,0x00
25900000,0x129,false,Rx,0,8,0x00,0x00,0x19,0x00,0x0F,0x00,0x00,0x00
25900000,0x132,false,Rx,0,8,0x00,0x64,0x00,0x00,0x00,0x00,0x00,0x00
25900000,0x133,false,Rx,0,8,0x00,0x53,0x00,0x00,0x00,0x00,0x00,0x00
26000000,0x100,false,Rx,0,8,0x4C,0x04,0x00,0x00,0x00,0x00,0x00,0x00
26000000,0x111,false,Rx,0,8,0x00,0x51,0x00,0x00,0x00,0x00,0x00,0x00
26000000,0x121,false,Rx,0,8,0x00,0x00,0x03,0x00,0x00,0x00,0x00,0x00
26000000,0x126,false,Rx,0,8,0x00,0x00,0x1A,0x00,0x0E,0x00,0x00,0x00
26000000,0x127,false,Rx,0,8,0x00,0x00,0x1A,0x00,0x0E,0x00,0x00,0x00
26000000,0x128,false,Rx,0,8,0x00,0x00,0x1A,0x00,0x0E,0x00,0x00,0x00
26000000,0x129,false,Rx,0,8,0x00,0x00,0x1A,0x00,0x0E,0x00,0x00,0x00
26000000,0x132,false,Rx,0,8,0x00,0x65,0x00,0x00,0x00,0x00,0x00,0x00
26000000,0x133,false,Rx,0,8,0x00,0x54,0x00,0x00,0x00,0x00,0x00,0x00
26100000,0x100,false,Rx,0,8,0xB0,0x04,0x00,0x00,0x00,0x00,0x00,0x00
26100000,0x111,false,Rx,0,8,0x00,0x52,0x00,0x00,0x00,0x00,0x00,0x00
26100000,0x121,false,Rx,0,8,0x00,0x00,0x02,0x00,0x00,0x00,0x00,0x00
26100000,0x126,false,Rx,0,8,0x00,0x00,0x1B,0x00,0x0D,0x00,0x00,0x00
26100000,0x127,false,Rx,0,8,0x00,0x00,0x1B,0x00,0x0D,0x00,0x00,0x00
26100000,0x128,false,Rx,0,8,0x00,0x00,0x1B,0x00,0x0D,0x00,0x00,0x00
26100000,0x129,false,Rx,0,8,0x00,0x00,0x1B,0x00,0x0D,0x00,0x00,0x00
26100000,0x132,false,Rx,0,8,0x00,0x66,0x00,0x00,0x00,0x00,0x00,0x00
26100000,0x133,false,Rx,0,8,0x00,0x55,0x00,0x00,0x00,0x00,0x00,0x00
26200000,0x100,false,Rx,0,8,0x14,0x05,0x00,0x00,0x00,0x00,0x00,0x00
26200000,0x111,false,Rx,0,8,0x00,0x53,0x00,0x00,0x00,0x00,0x00,0x00
26200000,0x121,false,Rx,0,8,0x00,0x00,0x01,0x00,0x00,0x00,0x00,0x00
26200000,0x126,false,Rx,0,8,0x00,0x00,0x1C,0x00,0x0C,0x00,0x00,0x00
26200000,0x127,false,Rx,0,8,0x00,0x00,0x1C,0x00,0x0C,0x00,0x00,0x00
26200000,0x128,false,Rx,0,8,0x00,0x00,0x1C,0x00,0x0C,0x00,0x00,0x00
26200000,0x129,false,Rx,0,8,0x00,0x00,0x1C,0x00,0x0C,0x00,0x00,0x00
26200000,0x132,false,Rx,0,8,0x00,0x67,0x00,0x00,0x00,0x00,0x00,0x00
26200000,0x133,false,Rx,0,8,0x00,0x56,0x00,0x00,0x00,0x00,0x00,0x00
26300000,0x100,false,Rx,0,8,0x78,0x05,0x00,0x00,0x00,0x00,0x00,0x00
26300000,0x111,false,Rx,0,8,0x00,0x54,0x00,0x00,0x00,0x00,0x00,0x00
26300000,0x121,false,Rx,0,8,0x00,0x00,0x00,0x00,0x00,0x00,0x00,0x00
26300000,0x126,false,Rx,0,8,0x00,0x00,0x1D,0x00,0x0B,0x00,0x00,0x00
26300000,0x127,false,Rx,0,8,0x00,0x00,0x1D,0x00,0x0B,0x00,0x00,0x00
26300000,0x128,false,Rx,0,8,0x00,0x00,0x1D,0x00,0x0B,0x00,0x00,0x00
26300000,0x129,false,Rx,0,8,0x00,0x00,0x1D,0x00,0x0B,0x00,0x00,0x00
26300000,0x132,false,Rx,0,8,0x00,0x68,0x00,0x00,0x00,0x00,0x00,0x00
26300000,0x133,false,Rx,0,8,0x00,0x57,0x00,0x00,0x00,0x00,0x00,0x00
26400000,0x100,false,Rx,0,8,0xDC,0x05,0x00,0x00,0x00,0x00,0x00,0x00
26400000,0x111,false,Rx,0,8,0x00,0x55,0x00,0x00,0x00,0x00,0x00,0x00
26400000,0x121,false,Rx,0,8,0x00,0x00,0x01,0x00,0x00,0x00,0x00,0x00
26400000,0x126,false,Rx,0,8,0x00,0x00,0x1E,0x00,0x0C,0x00,0x00,0x00
26400000,0x127,false,Rx,0,8,0x00,0x00,0x1E,0x00,0x0C,0x00,0x00,0x00
26400000,0x128,false,Rx,0,8,0x00,0x00,0x1E,0x00,0x0C,0x00,0x00,0x00
26400000,0x129,false,Rx,0,8,0x00,0x00,0x1E,0x00,0x0C,0x00,0x00,0x00
26400000,0x132,false,Rx,0,8,0x00,0x69,0x00,0x00,0x00,0x00,0x00,0x00
26400000,0x133,false,Rx,0,8,0x00,0x58,0x00,0x00,0x00,0x00,0x00,0x00
26500000,0x100,false,Rx,0,8,0x40,0x06,0x00,0x00,0x00,0x00,0x00,0x00
26500000,0x111,false,Rx,0,8,0x00,0x56,0x00,0x00,0x00,0x00,0x00,0x00
26500000,0x121,false,Rx,0,8,0x00,0x00,0x02,0x00,0x00,0x00,0x00,0x00
26500000,0x126,false,Rx,0,8,0x00,0x00,0x1F,0x00,0x0D,0x00,0x00,0x00
26500000,0x127,false,Rx,0,8,0x00,0x00,0x1F,0x00,0x0D,0x00,0x00,0x00
26500000,0x128,false,Rx,0,8,0x00,0x00,0x1F,0x00,0x0D,0x00,0x00,0x00
26500000,0x129,false,Rx,0,8,0x00,0x00,0x1F,0x00,0x0D,0x00,0x00,0x00
26500000,0x132,false,Rx,0,8,0x00,0x6A,0x00,0x00,0x00,0x00,0x00,0x00
26500000,0x133,false,Rx,0,8,0x00,0x59,0x00,0x00,0x00,0x00,0x00,0x00
26600000,0x100,false,Rx,0,8,0xA4,0x06,0x00,0x00,0x00,0x00,0x00,0x00
26600000,0x111,false,Rx,0,8,0x00,0x57,0x00,0x00,0x00,0x00,0x00,0x00
26600000,0x121,false,Rx,0,8,0x00,0x00,0x03,0x00,0x00,0x00,0x00,0x00
26600000,0x126,false,Rx,0,8,0x00,0x00,0x20,0x00,0x0E,0x00,0x00,0x00
26600000,0x127,false,Rx,0,8,0x00,0x00,0x20,0x00,0x0E,0x00,0x00,0x00
26600000,0x128,false,Rx,0,8,0x00,0x00,0x20,0x00,0x0E,0x00,0x00,0x00
26600000,0x129,false,Rx,0,8,0x00,0x00,0x20,0x00,0x0E,0x00,0x00,0x00
26600000,0x132,false,Rx,0,8,0x00,0x6B,0x00,0x00,0x00,0x00,0x00,0x00
26600000,0x133,false,Rx,0,8,0x00,0x5A,0x00,0x00,0x00,0x00,0x00,0x00
26700000,0x100,false,Rx,0,8,0x08,0x07,0x00,0x00,0x00,0x00,0x00,0x00
26700000,0x111,false,Rx,0,8,0x00,0x58,0x00,0x00,0x00,0x00,0x00,0x00
26700000,0x121,false,Rx,0,8,0x00,0x00,0x04,0x00,0x00,0x00,0x00,0x00
26700000,0x126,false,Rx,0,8,0x00,0x00,0x21,0x00,0x0F,0x00,0x00,0x00
26700000,0x127,false,Rx,0,8,0x00,0x00,0x21,0x00,0x0F,0x00,0x00,0x00
26700000,0x128,false,Rx,0,8,0x00,0x00,0x21,0x00,0x0F,0x00,0x00,0x00
26700000,0x129,false,Rx,0,8,0x00,0x00,0x21,0x00,0x0F,0x00,0x00,0x00
26700000,0x132,false,Rx,0,8,0x00,0x6C,0x00,0x00,0x00,0x00,0x00,0x00
26700000,0x133,false,Rx,0,8,0x00,0x59,0x00,0x00,0x00,0x00,0x00,0x00
26800000,0x100,false,Rx,0,8,0x6C,0x07,0x00,0x00,0x00,0x00,0x00,0x00
26800000,0x111,false,Rx,0,8,0x00,0x59,0x00,0x00,0x00,0x00,0x00,0x00
26800000,0x121,false,Rx,0,8,0x00,0x00,0x05,0x00,0x00,0x00,0x00,0x00
26800000,0x126,false,Rx,0,8,0x00,0x00,0x22,0x00,0x10,0x00,0x00,0x00
26800000,0x127,false,Rx,0,8,0x00,0x00,0x22,0x00,0x10,0x00,0x00,0x00
26800000,0x128,false,Rx,0,8,0x00,0x00,0x22,0x00,0x10,0x00,0x00,0x00
26800000,0x129,false,Rx,0,8,0x00,0x00,0x22,0x00,0x10,0x00,0x00,0x00
26800000,0x132,false,Rx,0,8,0x00,0x6D,0x00,0x00,0x00,0x00,0x00,0x00
26800000,0x133,false,Rx,0,8,0x00,0x58,0x00,0x00,0x00,0x00,0x00,0x00
26900000,0x100,false,Rx,0,8,0xD0,0x07,0x00,0x00,0x00,0x00,0x00,0x00
26900000,0x111,false,Rx,0,8,0x00,0x5A,0x00,0x00,0x00,0x00,0x00,0x00
26900000,0x121,false,Rx,0,8,0x00,0x00,0x06,0x00,0x00,0x00,0x00,0x00
26900000,0x126,false,Rx,0,8,0x00,0x00,0x23,0x00,0x11,0x00,0x00,0x00
26900000,0x127,false,Rx,0,8,0x00,0x00,0x23,0x00,0x11,0x00,0x00,0x00
26900000,0x128,false,Rx,0,8,0x00,0x00,0x23,0x00,0x11,0x00,0x00,0x00
26900000,0x129,false,Rx,0,8,0x00,0x00,0x23,0x00,0x11,0x00,0x00,0x00
26900000,0x132,false,Rx,0,8,0x00,0x6E,0x00,0x00,0x00,0x00,0x00,0x00
26900000,0x133,false,Rx,0,8,0x00,0x57,0x00,0x00,0x00,0x00,0x00,0x00
27000000,0x100,false,Rx,0,8,0x34,0x08,0x00,0x00,0x00,0x00,0x00,0x00
27000000,0x111,false,Rx,0,8,0x00,0x5B,0x00,0x00,0x00,0x00,0x00,0x00
27000000,0x121,false,Rx,0,8,0x00,0x00,0x05,0x00,0x00,0x00,0x00,0x00
27000000,0x126,false,Rx,0,8,0x00,0x00,0x22,0x00,0x12,0x00,0x00,0x00
27000000,0x127,false,Rx,0,8,0x00,0x00,0x22,0x00,0x12,0x00,0x00,0x00
27000000,0x128,false,Rx,0,8,0x00,0x00,0x22,0x00,0x12,0x00,0x00,0x00
27000000,0x129,false,Rx,0,8,0x00,0x00,0x22,0x00,0x12,0x00,0x00,0x00
27000000,0x132,false,Rx,0,8,0x00,0x6D,0x00,0x00,0x00,0x00,0x00,0x00
27000000,0x133,false,Rx,0,8,0x00,0x56,0x00,0x00,0x00,0x00,0x00,0x00
27100000,0x100,false,Rx,0,8,0x98,0x08,0x00,0x00,0x00,0x00,0x00,0x00
27100000,0x111,false,Rx,0,8,0x00,0x5C,0x00,0x00,0x00,0x00,0x00,0x00
27100000,0x121,false,Rx,0,8,0x00,0x00,0x04,0x00,0x00,0x00,0x00,0x00
27100000,0x126,false,Rx,0,8,0x00,0x00,0x21,0x00,0x13,0x00,0x00,0x00
27100000,0x127,false,Rx,0,8,0x00,0x00,0x21,0x00,0x13,0x00,0x00,0x00
27100000,0x128,false,Rx,0,8,0x00,0x00,0x21,0x00,0x13,0x00,0x00,0x00
27100000,0x129,false,Rx,0,8,0x00,0x00,0x21,0x00,0x13,0x00,0x00,0x00
27100000,0x132,false,Rx,0,8,0x00,0x6C,0x00,0x00,0x00,0x00,0x00,0x00
27100000,0x133,false,Rx,0,8,0x00,0x55,0x00,0x00,0x00,0x00,0x00,0x00
27200000,0x100,false,Rx,0,8,0xFC,0x08,0x00,0x00,0x00,0x00,0x00,0x00
27200000,0x111,false,Rx,0,8,0x00,0x5D,0x00,0x00,0x00,0x00,0x00,0x00
27200000,0x121,false,Rx,0,8,0x00,0x00,0x03,0x00,0x00,0x00,0x00,0x00
27200000,0x126,false,Rx,0,8,0x00,0x00,0x20,0x00,0x14,0x00,0x00,0x00
27200000,0x127,false,Rx,0,8,0x00,0x00,0x20,0x00,0x14,0x00,0x00,0x00
27200000,0x128,false,Rx,0,8,0x00,0x00,0x20,0x00,0x14,0x00,0x00,0x00
27200000,0x129,false,Rx,0,8,0x00,0x00,0x20,0x00,0x14,0x00,0x00,0x00
27200000,0x132,false,Rx,0,8,0x00,0x6B,0x00,0x00,0x00,0x00,0x00,0x00
27200000,0x133,false,Rx,0,8,0x00,0x54,0x00,0x00,0x00,0x00,0x00,0x00
27300000,0x100,false,Rx,0,8,0x60,0x09,0x00,0x00,0x00,0x00,0x00,0x00
27300000,0x111,false,Rx,0,8,0x00,0x5E,0x00,0x00,0x00,0x00,0x00,0x00
27300000,0x121,false,Rx,0,8,0x00,0x00,0x02,0x00,0x00,0x00,0x00,0x00
27300000,0x126,false,Rx,0,8,0x00,0x00,0x1F,0x00,0x15,0x00,0x00,0x00
27300000,0x127,false,Rx,0,8,0x00,0x00,0x1F,0x00,0x15,0x00,0x00,0x00
27300000,0x128,false,Rx,0,8,0x00,0x00,0x1F,0x00,0x15,0x00,0x00,0x00
27300000,0x129,false,Rx,0,8,0x00,0x00,0x1F,0x00,0x15,0x00,0x00,0x00
27300000,0x132,false,Rx,0,8,0x00,0x6A,0x00,0x00,0x00,0x00,0x00,0x00
27300000,0x133,false,Rx,0,8,0x00,0x53,0x00,0x00,0x00,0x00,0x00,0x00
27400000,0x100,false,Rx,0,8,0xC4,0x09,0x00,0x00,0x00,0x00,0x00,0x00
27400000,0x111,false,Rx,0,8,0x00,0x5F,0x00,0x00,0x00,0x00,0x00,0x00
27400000,0x121,false,Rx,0,8,0x00,0x00,0x01,0x00,0x00,0x00,0x00,0x00
27400000,0x126,false,Rx,0,8,0x00,0x00,0x1E,0x00,0x16,0x00,0x00,0x00
27400000,0x127,false,Rx,0,8,0x00,0x00,0x1E,0x00,0x16,0x00,0x00,0x00
27400000,0x128,false,Rx,0,8,0x00,0x00,0x1E,0x00,0x16,0x00,0x00,0x00
27400000,0x129,false,Rx,0,8,0x00,0x00,0x1E,0x00,0x16,0x00,0x00,0x00
27400000,0x132,false,Rx,0,8,0x00,0x69,0x00,0x00,0x00,0x00,0x00,0x00
27400000,0x133,false,Rx,0,8,0x00,0x52,0x00,0x00,0x00,0x00,0x00,0x00
27500000,0x100,false,Rx,0,8,0x28,0x0A,0x00,0x00,0x00,0x00,0x00,0x00
27500000,0x111,false,Rx,0,8,0x00,0x60,0x00,0x00,0x00,0x00,0x00,0x00
27500000,0x121,false,Rx,0,8,0x00,0x00,0x00,0x00,0x00,0x00,0x00,0x00
27500000,0x126,false,Rx,0,8,0x00,0x00,0x1D,0x00,0x15,0x00,0x00,0x00
27500000,0x127,false,Rx,0,8,0x00,0x00,0x1D,0x00,0x15,0x00,0x00,0x00
27500000,0x128,false,Rx,0,8,0x00,0x00,0x1D,0x00,0x15,0x00,0x00,0x00
27500000,0x129,false,Rx,0,8,0x00,0x00,0x1D,0x00,0x15,0x00,0x00,0x00
27500000,0x132,false,Rx,0,8,0x00,0x68,0x00,0x00,0x00,0x00,0x00,0x00
27500000,0x133,false,Rx,0,8,0x00,0x51,0x00,0x00,0x00,0x00,0x00,0x00
27600000,0x100,false,Rx,0,8,0x8C,0x0A,0x00,0x00,0x00,0x00,0x00,0x00
27600000,0x111,false,Rx,0,8,0x00,0x61,0x00,0x00,0x00,0x00,0x00,0x00
27600000,0x121,false,Rx,0,8,0x00,0x00,0x01,0x00,0x00,0x00,0x00,0x00
27600000,0x126,false,Rx,0,8,0x00,0x00,0x1C,0x00,0x14,0x00,0x00,0x00
27600000,0x127,false,Rx,0,8,0x00,0x00,0x1C,0x00,0x14,0x00,0x00,0x00
27600000,0x128,false,Rx,0,8,0x00,0x00,0x1C,0x00,0x14,0x00,0x00,0x00
27600000,0x129,false,Rx,0,8,0x00,0x00,0x1C,0x00,0x14,0x00,0x00,0x00
27600000,0x132,false,Rx,0,8,0x00,0x67,0x00,0x00,0x00,0x00,0x00,0x00
27600000,0x133,false,Rx,0,8,0x00,0x50,0x00,0x00,0x00,0x00,0x00,0x00
27700000,0x100,false,Rx,0,8,0xF0,0x0A,0x00,0x00,0x00,0x00,0x00,0x00
27700000,0x111,false,Rx,0,8,0x00,0x62,0x00,0x00,0x00,0x00,0x00,0x00
27700000,0x121,false,Rx,0,8,0x00,0x00,0x02,0x00,0x00,0x00,0x00,0x00
27700000,0x126,false,Rx,0,8,0x00,0x00,0x1B,0x00,0x13,0x00,0x00,0x00
27700000,0x127,false,Rx,0,8,0x00,0x00,0x1B,0x00,0x13,0x00,0x00,0x00
27700000,0x128,false,Rx,0,8,0x00,0x00,0x1B,0x00,0x13,0x00,0x00,0x00
27700000,0x129,false,Rx,0,8,0x00,0x00,0x1B,0x00,0x13,0x00,0x00,0x00
27700000,0x132,false,Rx,0,8,0x00,0x66,0x00,0x00,0x00,0x00,0x00,0x00
27700000,0x133,false,Rx,0,8,0x00,0x4F,0x00,0x00,0x00,0x00,0x00,0x00
27800000,0x100,false,Rx,0,8,0x54,0x0B,0x00,0x00,0x00,0x00,0x00,0x00
27800000,0x111,false,Rx,0,8,0x00,0x63,0x00,0x00,0x00,0x00,0x00,0x00
27800000,0x121,false,Rx,0,8,0x00,0x00,0x03,0x00,0x00,0x00,0x00,0x00
27800000,0x126,false,Rx,0,8,0x00,0x00,0x1A,0x00,0x12,0x00,0x00,0x00
27800000,0x127,false,Rx,0,8,0x00,0x00,0x1A,0x00,0x12,0x00,0x00,0x00
27800000,0x128,false,Rx,0,8,0x00,0x00,0x1A,0x00,0x12,0x00,0x00,0x00
27800000,0x129,false,Rx,0,8,0x00,0x00,0x1A,0x00,0x12,0x00,0x00,0x00
27800000,0x132,false,Rx,0,8,0x00,0x65,0x00,0x00,0x00,0x00,0x00,0x00
27800000,0x133,false,Rx,0,8,0x00,0x4E,0x00,0x00,0x00,0x00,0x00,0x00
27900000,0x100,false,Rx,0,8,0xB8,0x0B,0x00,0x00,0x00,0x00,0x00,0x00
27900000,0x111,false,Rx,0,8,0x00,0x64,0x00,0x00,0x00,0x00,0x00,0x00
27900000,0x121,false,Rx,0,8,0x00,0x00,0x04,0x00,0x00,0x00,0x00,0x00
27900000,0x126,false,Rx,0,8,0x00,0x00,0x19,0x00,0x11,0x00,0x00,0x00
27900000,0x127,false,Rx,0,8,0x00,0x00,0x19,0x00,0x11,0x00,0x00,0x00
27900000,0x128,false,Rx,0,8,0x00,0x00,0x19,0x00,0x11,0x00,0x00,0x00
27900000,0x129,false,Rx,0,8,0x00,0x00,0x19,0x00,0x11,0x00,0x00,0x00
27900000,0x132,false,Rx,0,8,0x00,0x64,0x00,0x00,0x00,0x00,0x00,0x00
27900000,0x133,false,Rx,0,8,0x00,0x4D,0x00,0x00,0x00,0x00,0x00,0x00
28000000,0x100,false,Rx,0,8,0x1C,0x0C,0x00,0x00,0x00,0x00,0x00,0x00
28000000,0x111,false,Rx,0,8,0x00,0x65,0x00,0x00,0x00,0x00,0x00,0x00
28000000,0x121,false,Rx,0,8,0x00,0x00,0x05,0x00,0x00,0x00,0x00,0x00
28000000,0x126,false,Rx,0,8,0x00,0x00,0x18,0x00,0x10,0x00,0x00,0x00
28000000,0x127,false,Rx,0,8,0x00,0x00,0x18,0x00,0x10,0x00,0x00,0x00
28000000,0x128,false,Rx,0,8,0x00,0x00,0x18,0x00,0x10,0x00,0x00,0x00
28000000,0x129,false,Rx,0,8,0x00,0x00,0x18,0x00,0x10,0x00,0x00,0x00
28000000,0x132,false,Rx,0,8,0x00,0x63,0x00,0x00,0x00,0x00,0x00,0x00
28000000,0x133,false,Rx,0,8,0x00,0x4C,0x00,0x00,0x00,0x00,0x00,0x00
28100000,0x100,false,Rx,0,8,0x80,0x0C,0x00,0x00,0x00,0x00,0x00,0x00
28100000,0x111,false,Rx,0,8,0x00,0x66,0x00,0x00,0x00,0x00,0x00,0x00
28100000,0x121,false,Rx,0,8,0x00,0x00,0x06,0x00,0x00,0x00,0x00,0x00
28100000,0x126,false,Rx,0,8,0x00,0x00,0x17,0x00,0x0F,0x00,0x00,0x00
28100000,0x127,false,Rx,0,8,0x00,0x00,0x17,0x00,0x0F,0x00,0x00,0x00
28100000,0x128,false,Rx,0,8,0x00,0x00,0x17,0x00,0x0F,0x00,0x00,0x00
28100000,0x129,false,Rx,0,8,0x00,0x00,0x17,0x00,0x0F,0x00,0x00,0x00
28100000,0x132,false,Rx,0,8,0x00,0x62,0x00,0x00,0x00,0x00,0x00,0x00
28100000,0x133,false,Rx,0,8,0x00,0x4B,0x00,0x00,0x00,0x00,0x00,0x00
28200000,0x100,false,Rx,0,8,0xE4,0x0C,0x00,0x00,0x00,0x00,0x00,0x00
28200000,0x111,false,Rx,0,8,0x00,0x67,0x00,0x00,0x00,0x00,0x00,0x00
28200000,0x121,false,Rx,0,8,0x00,0x00,0x05,0x00,0x00,0x00,0x00,0x00
28200000,0x126,false,Rx,0,8,0x00,0x00,0x16,0x00,0x0E,0x00,0x00,0x00
28200000,0x127,false,Rx,0,8,0x00,0x00,0x16,0x00,0x0E,0x00,0x00,0x00
28200000,0x128,false,Rx,0,8,0x00,0x00,0x16,0x00,0x0E,0x00,0x00,0x00
28200000,0x129,false,Rx,0,8,0x00,0x00,0x16,0x00,0x0E,0x00,0x00,0x00
28200000,0x132,false,Rx,0,8,0x00,0x61,0x00,0x00,0x00,0x00,0x00,0x00
28200000,0x133,false,Rx,0,8,0x00,0x4A,0x00,0x00,0x00,0x00,0x00,0x00
28300000,0x100,false,Rx,0,8,0x48,0x0D,0x00,0x00,0x00,0x00,0x00,0x00
28300000,0x111,false,Rx,0,8,0x00,0x68,0x00,0x00,0x00,0x00,0x00,0x00
28300000,0x121,false,Rx,0,8,0x00,0x00,0x04,0x00,0x00,0x00,0x00,0x00
28300000,0x126,false,Rx,0,8,0x00,0x00,0x15,0x00,0x0D,0x00,0x00,0x00
28300000,0x127,false,Rx,0,8,0x00,0x00,0x15,0x00,0x0D,0x00,0x00,0x00
28300000,0x128,false,Rx,0,8,0x00,0x00,0x15,0x00,0x0D,0x00,0x00,0x00
28300000,0x129,false,Rx,0,8,0x00,0x00,0x15,0x00,0x0D,0x00,0x00,0x00
28300000,0x132,false,Rx,0,8,0x00,0x60,0x00,0x00,0x00,0x00,0x00,0x00
28300000,0x133,false,Rx,0,8,0x00,0x49,0x00,0x00,0x00,0x00,0x00,0x00
28400000,0x100,false,Rx,0,8,0xAC,0x0D,0x00,0x00,0x00,0x00,0x00,0x00
28400000,0x111,false,Rx,0,8,0x00,0x69,0x00,0x00,0x00,0x00,0x00,0x00
28400000,0x121,false,Rx,0,8,0x00,0x00,0x03,0x00,0x00,0x00,0x00,0x00
28400000,0x126,false,Rx,0,8,0x00,0x00,0x14,0x00,0x0C,0x00,0x00,0x00
28400000,0x127,false,Rx,0,8,0x00,0x00,0x14,0x00,0x0C,0x00,0x00,0x00
28400000,0x128,false,Rx,0,8,0x00,0x00,0x14,0x00,0x0C,0x00,0x00,0x00
28400000,0x129,false,Rx,0,8,0x00,0x00,0x14,0x00,0x0C,0x00,0x00,0x00
28400000,0x132,false,Rx,0,8,0x00,0x5F,0x00,0x00,0x00,0x00,0x00,0x00
28400000,0x133,false,Rx,0,8,0x00,0x48,0x00,0x00,0x00,0x00,0x00,0x00
28500000,0x100,false,Rx,0,8,0x10,0x0E,0x00,0x00,0x00,0x00,0x00,0x00
28500000,0x111,false,Rx,0,8,0x00,0x6A,0x00,0x00,0x00,0x00,0x00,0x00
28500000,0x121,false,Rx,0,8,0x00,0x00,0x02,0x00,0x00,0x00,0x00,0x00
28500000,0x126,false,Rx,0,8,0x00,0x00,0x13,0x00,0x0B,0x00,0x00,0x00
28500000,0x127,false,Rx,0,8,0x00,0x00,0x13,0x00,0x0B,0x00,0x00,0x00
28500000,0x128,false,Rx,0,8,0x00,0x00,0x13,0x00,0x0B,0x00,0x00,0x00
28500000,0x129,false,Rx,0,8,0x00,0x00,0x13,0x00,0x0B,0x00,0x00,0x00
28500000,0x132,false,Rx,0,8,0x00,0x5E,0x00,0x00,0x00,0x00,0x00,0x00
28500000,0x133,false,Rx,0,8,0x00,0x47,0x00,0x00,0x00,0x00,0x00,0x00
28600000,0x100,false,Rx,0,8,0x74,0x0E,0x00,0x00,0x00,0x00,0x00,0x00
28600000,0x111,false,Rx,0,8,0x00,0x6B,0x00,0x00,0x00,0x00,0x00,0x00
28600000,0x121,false,Rx,0,8,0x00,0x00,0x01,0x00,0x00,0x00,0x00,0x00
28600000,0x126,false,Rx,0,8,0x00,0x00,0x12,0x00,0x0C,0x00,0x00,0x00
28600000,0x127,false,Rx,0,8,0x00,0x00,0x12,0x00,0x0C,0x00,0x00,0x00
28600000,0x128,false,Rx,0,8,0x00,0x00,0x12,0x00,0x0C,0x00,0x00,0x00
28600000,0x129,false,Rx,0,8,0x00,0x00,0x12,0x00,0x0C,0x00,0x00,0x00
28600000,0x132,false,Rx,0,8,0x00,0x5D,0x00,0x00,0x00,0x00,0x00,0x00
28600000,0x133,false,Rx,0,8,0x00,0x46,0x00,0x00,0x00,0x00,0x00,0x00
28700000,0x100,false,Rx,0,8,0xD8,0x0E,0x00,0x00,0x00,0x00,0x00,0x00
28700000,0x111,false,Rx,0,8,0x00,0x6C,0x00,0x00,0x00,0x00,0x00,0x00
28700000,0x121,false,Rx,0,8,0x00,0x00,0x00,0x00,0x00,0x00,0x00,0x00
28700000,0x126,false,Rx,0,8,0x00,0x00,0x11,0x00,0x0D,0x00,0x00,0x00
28700000,0x127,false,Rx,0,8,0x00,0x00,0x11,0x00,0x0D,0x00,0x00,0x00
28700000,0x128,false,Rx,0,8,0x00,0x00,0x11,0x00,0x0D,0x00,0x00,0x00
28700000,0x129,false,Rx,0,8,0x00,0x00,0x11,0x00,0x0D,0x00,0x00,0x00
28700000,0x132,false,Rx,0,8,0x00,0x5C,0x00,0x00,0x00,0x00,0x00,0x00
28700000,0x133,false,Rx,0,8,0x00,0x45,0x00,0x00,0x00,0x00,0x00,0x00
28800000,0x100,false,Rx,0,8,0x3C,0x0F,0x00,0x00,0x00,0x00,0x00,0x00
28800000,0x111,false,Rx,0,8,0x00,0x6D,0x00,0x00,0x00,0x00,0x00,0x00
28800000,0x121,false,Rx,0,8,0x00,0x00,0x01,0x00,0x00,0x00,0x00,0x00
28800000,0x126,false,Rx,0,8,0x00,0x00,0x10,0x00,0x0E,0x00,0x00,0x00
28800000,0x127,false,Rx,0,8,0x00,0x00,0x10,0x00,0x0E,0x00,0x00,0x00
28800000,0x128,false,Rx,0,8,0x00,0x00,0x10,0x00,0x0E,0x00,0x00,0x00
28800000,0x129,false,Rx,0,8,0x00,0x00,0x10,0x00,0x0E,0x00,0x00,0x00
28800000,0x132,false,Rx,0,8,0x00,0x5B,0x00,0x00,0x00,0x00,0x00,0x00
28800000,0x133,false,Rx,0,8,0x00,0x44,0x00,0x00,0x00,0x00,0x00,0x00
28900000,0x100,false,Rx,0,8,0xA0,0x0F,0x00,0x00,0x00,0x00,0x00,0x00
28900000,0x111,false,Rx,0,8,0x00,0x6E,0x00,0x00,0x00,0x00,0x00,0x00
28900000,0x121,false,Rx,0,8,0x00,0x00,0x02,0x00,0x00,0x00,0x00,0x00
28900000,0x126,false,Rx,0,8,0x00,0x00,0x0F,0x00,0x0F,0x00,0x00,0x00
28900000,0x127,false,Rx,0,8,0x00,0x00,0x0F,0x00,0x0F,0x00,0x00,0x00
28900000,0x128,false,Rx,0,8,0x00,0x00,0x0F,0x00,0x0F,0x00,0x00,0x00
28900000,0x129,false,Rx,0,8,0x00,0x00,0x0F,0x00,0x0F,0x00,0x00,0x00
28900000,0x132,false,Rx,0,8,0x00,0x5A,0x00,0x00,0x00,0x00,0x00,0x00
28900000,0x133,false,Rx,0,8,0x00,0x43,0x00,0x00,0x00,0x00,0x00,0x00
29000000,0x100,false,Rx,0,8,0x04,0x10,0x00,0x00,0x00,0x00,0x00,0x00
29000000,0x111,false,Rx,0,8,0x00,0x6F,0x00,0x00,0x00,0x00,0x00,0x00
29000000,0x121,false,Rx,0,8,0x00,0x00,0x03,0x00,0x00,0x00,0x00,0x00
29000000,0x126,false,Rx,0,8,0x00,0x00,0x0E,0x00,0x10,0x00,0x00,0x00
29000000,0x127,false,Rx,0,8,0x00,0x00,0x0E,0x00,0x10,0x00,0x00,0x00
29000000,0x128,false,Rx,0,8,0x00,0x00,0x0E,0x00,0x10,0x00,0x00,0x00
29000000,0x129,false,Rx,0,8,0x00,0x00,0x0E,0x00,0x10,0x00,0x00,0x00
29000000,0x132,false,Rx,0,8,0x00,0x59,0x00,0x00,0x00,0x00,0x00,0x00
29000000,0x133,false,Rx,0,8,0x00,0x42,0x00,0x00,0x00,0x00,0x00,0x00
29100000,0x100,false,Rx,0,8,0x68,0x10,0x00,0x00,0x00,0x00,0x00,0x00
29100000,0x111,false,Rx,0,8,0x00,0x70,0x00,0x00,0x00,0x00,0x00,0x00
29100000,0x121,false,Rx,0,8,0x00,0x00,0x04,0x00,0x00,0x00,0x00,0x00
29100000,0x126,false,Rx,0,8,0x00,0x00,0x0D,0x00,0x11,0x00,0x00,0x00
29100000,0x127,false,Rx,0,8,0x00,0x00,0x0D,0x00,0x11,0x00,0x00,0x00
29100000,0x128,false,Rx,0,8,0x00,0x00,0x0D,0x00,0x11,0x00,0x00,0x00
29100000,0x129,false,Rx,0,8,0x00,0x00,0x0D,0x00,0x11,0x00,0x00,0x00
29100000,0x132,false,Rx,0,8,0x00,0x58,0x00,0x00,0x00,0x00,0x00,0x00
29100000,0x133,false,Rx,0,8,0x00,0x41,0x00,0x00,0x00,0x00,0x00,0x00
29200000,0x100,false,Rx,0,8,0xCC,0x10,0x00,0x00,0x00,0x00,0x00,0x00
29200000,0x111,false,Rx,0,8,0x00,0x71,0x00,0x00,0x00,0x00,0x00,0x00
29200000,0x121,false,Rx,0,8,0x00,0x00,0x05,0x00,0x00,0x00,0x00,0x00
29200000,0x126,false,Rx,0,8,0x00,0x00,0x0C,0x00,0x12,0x00,0x00,0x00
29200000,0x127,false,Rx,0,8,0x00,0x00,0x0C,0x00,0x12,0x00,0x00,0x00
29200000,0x128,false,Rx,0,8,0x00,0x00,0x0C,0x00,0x12,0x00,0x00,0x00
29200000,0x129,false,Rx,0,8,0x00,0x00,0x0C,0x00,0x12,0x00,0x00,0x00
29200000,0x132,false,Rx,0,8,0x00,0x57,0x00,0x00,0x00,0x00,0x00,0x00
29200000,0x133,false,Rx,0,8,0x00,0x40,0x00,0x00,0x00,0x00,0x00,0x00
29300000,0x100,false,Rx,0,8,0x30,0x11,0x00,0x00,0x00,0x00,0x00,0x00
29300000,0x111,false,Rx,0,8,0x00,0x72,0x00,0x00,0x00,0x00,0x00,0x00
29300000,0x121,false,Rx,0,8,0x00,0x00,0x06,0x00,0x00,0x00,0x00,0x00
29300000,0x126,false,Rx,0,8,0x00,0x00,0x0B,0x00,0x13,0x00,0x00,0x00
29300000,0x127,false,Rx,0,8,0x00,0x00,0x0B,0x00,0x13,0x00,0x00,0x00
29300000,0x128,false,Rx,0,8,0x00,0x00,0x0B,0x00,0x13,0x00,0x00,0x00
29300000,0x129,false,Rx,0,8,0x00,0x00,0x0B,0x00,0x13,0x00,0x00,0x00
29300000,0x132,false,Rx,0,8,0x00,0x56,0x00,0x00,0x00,0x00,0x00,0x00
29300000,0x133,false,Rx,0,8,0x00,0x3F,0x00,0x00,0x00,0x00,0x00,0x00
29400000,0x100,false,Rx,0,8,0x94,0x11,0x00,0x00,0x00,0x00,0x00,0x00
29400000,0x111,false,Rx,0,8,0x00,0x73,0x00,0x00,0x00,0x00,0x00,0x00
29400000,0x121,false,Rx,0,8,0x00,0x00,0x05,0x00,0x00,0x00,0x00,0x00
29400000,0x126,false,Rx,0,8,0x00,0x00,0x0A,0x00,0x14,0x00,0x00,0x00
29400000,0x127,false,Rx,0,8,0x00,0x00,0x0A,0x00,0x14,0x00,0x00,0x00
29400000,0x128,false,Rx,0,8,0x00,0x00,0x0A,0x00,0x14,0x00,0x00,0x00
29400000,0x129,false,Rx,0,8,0x00,0x00,0x0A,0x00,0x14,0x00,0x00,0x00
29400000,0x132,false,Rx,0,8,0x00,0x55,0x00,0x00,0x00,0x00,0x00,0x00
29400000,0x133,false,Rx,0,8,0x00,0x3E,0x00,0x00,0x00,0x00,0x00,0x00
29500000,0x100,false,Rx,0,8,0xF8,0x11,0x00,0x00,0x00,0x00,0x00,0x00
29500000,0x111,false,Rx,0,8,0x00,0x74,0x00,0x00,0x00,0x00,0x00,0x00
29500000,0x121,false,Rx,0,8,0x00,0x00,0x04,0x00,0x00,0x00,0x00,0x00
29500000,0x126,false,Rx,0,8,0x00,0x00,0x09,0x00,0x15,0x00,0x00,0x00
29500000,0x127,false,Rx,0,8,0x00,0x00,0x09,0x00,0x15,0x00,0x00,0x00
29500000,0x128,false,Rx,0,8,0x00,0x00,0x09,0x00,0x15,0x00,0x00,0x00
29500000,0x129,false,Rx,0,8,0x00,0x00,0x09,0x00,0x15,0x00,0x00,0x00
29500000,0x132,false,Rx,0,8,0x00,0x54,0x00,0x00,0x00,0x00,0x00,0x00
29500000,0x133,false,Rx,0,8,0x00,0x3D,0x00,0x00,0x00,0x00,0x00,0x00
29600000,0x100,false,Rx,0,8,0x5C,0x12,0x00,0x00,0x00,0x00,0x00,0x00
29600000,0x111,false,Rx,0,8,0x00,0x75,0x00,0x00,0x00,0x00,0x00,0x00
29600000,0x121,false,Rx,0,8,0x00,0x00,0x03,0x00,0x00,0x00,0x00,0x00
29600000,0x126,false,Rx,0,8,0x00,0x00,0x08,0x00,0x16,0x00,0x00,0x00
29600000,0x127,false,Rx,0,8,0x00,0x00,0x08,0x00,0x16,0x00,0x00,0x00
29600000,0x128,false,Rx,0,8,0x00,0x00,0x08,0x00,0x16,0x00,0x00,0x00
29600000,0x129,false,Rx,0,8,0x00,0x00,0x08,0x00,0x16,0x00,0x00,0x00
29600000,0x132,false,Rx,0,8,0x00,0x53,0x00,0x00,0x00,0x00,0x00,0x00
29600000,0x133,false,Rx,0,8,0x00,0x3C,0x00,0x00,0x00,0x00,0x00,0x00
29700000,0x100,false,Rx,0,8,0xC0,0x12,0x00,0x00,0x00,0x00,0x00,0x00
29700000,0x111,false,Rx,0,8,0x00,0x76,0x00,0x00,0x00,0x00,0x00,0x00
29700000,0x121,false,Rx,0,8,0x00,0x00,0x02,0x00,0x00,0x00,0x00,0x00
29700000,0x126,false,Rx,0,8,0x00,0x00,0x07,0x00,0x15,0x00,0x00,0x00
29700000,0x127,false,Rx,0,8,0x00,0x00,0x07,0x00,0x15,0x00,0x00,0x00
29700000,0x128,false,Rx,0,8,0x00,0x00,0x07,0x00,0x15,0x00,0x00,0x00
29700000,0x129,false,Rx,0,8,0x00,0x00,0x07,0x00,0x15,0x00,0x00,0x00
29700000,0x132,false,Rx,0,8,0x00,0x52,0x00,0x00,0x00,0x00,0x00,0x00
29700000,0x133,false,Rx,0,8,0x00,0x3B,0x00,0x00,0x00,0x00,0x00,0x00
29800000,0x100,false,Rx,0,8,0x24,0x13,0x00,0x00,0x00,0x00,0x00,0x00
29800000,0x111,false,Rx,0,8,0x00,0x77,0x00,0x00,0x00,0x00,0x00,0x00
29800000,0x121,false,Rx,0,8,0x00,0x00,0x01,0x00,0x00,0x00,0x00,0x00
29800000,0x126,false,Rx,0,8,0x00,0x00,0x06,0x00,0x14,0x00,0x00,0x00
29800000,0x127,false,Rx,0,8,0x00,0x00,0x06,0x00,0x14,0x00,0x00,0x00
29800000,0x128,false,Rx,0,8,0x00,0x00,0x06,0x00,0x14,0x00,0x00,0x00
29800000,0x129,false,Rx,0,8,0x00,0x00,0x06,0x00,0x14,0x00,0x00,0x00
29800000,0x132,false,Rx,0,8,0x00,0x51,0x00,0x00,0x00,0x00,0x00,0x00
29800000,0x133,false,Rx,0,8,0x00,0x3A,0x00,0x00,0x00,0x00,0x00,0x00
29900000,0x100,false,Rx,0,8,0x88,0x13,0x00,0x00,0x00,0x00,0x00,0x00
29900000,0x111,false,Rx,0,8,0x00,0x78,0x00,0x00,0x00,0x00,0x00,0x00
29900000,0x121,false,Rx,0,8,0x00,0x00,0x00,0x00,0x00,0x00,0x00,0x00
29900000,0x126,false,Rx,0,8,0x00,0x00,0x05,0x00,0x13,0x00,0x00,0x00
29900000,0x127,false,Rx,0,8,0x00,0x00,0x05,0x00,0x13,0x00,0x00,0x00
29900000,0x128,false,Rx,0,8,0x00,0x00,0x05,0x00,0x13,0x00,0x00,0x00
29900000,0x129,false,Rx,0,8,0x00,0x00,0x05,0x00,0x13,0x00,0x00,0x00
29900000,0x132,false,Rx,0,8,0x00,0x50,0x00,0x00,0x00,0x00,0x00,0x00
29900000,0x133,false,Rx,0,8,0x00,0x39,0x00,0x00,0x00,0x00,0x00,0x00
