/*******************************************************************************
 * Size: 96 px
 * Bpp: 1
 * Opts: --bpp 1 --size 96 --font G:/My Drive/Arduino_2026/k3_dash_2026_ui/assets/Montserrat-Bold.ttf -o G:/My Drive/Arduino_2026/k3_dash_2026_ui/assets\ui_font_Font1.c --format lvgl -r 0x20-0x7f --no-compress --no-prefilter
 ******************************************************************************/

#include "../ui.h"

#ifndef UI_FONT_FONT1
#define UI_FONT_FONT1 1
#endif

#if UI_FONT_FONT1

/*-----------------
 *    BITMAPS
 *----------------*/

/*Store the image of the glyphs*/
static LV_ATTRIBUTE_LARGE_CONST const uint8_t glyph_bitmap[] = {
    /* U+0020 " " */
    0x0,

    /* U+0021 "!" */
    0xff, 0xff, 0xff, 0xff, 0xff, 0xff, 0xfd, 0xff,
    0xff, 0x7f, 0xff, 0x9f, 0xff, 0xe7, 0xff, 0xf9,
    0xff, 0xfe, 0x7f, 0xff, 0x9f, 0xff, 0xe7, 0xff,
    0xf9, 0xff, 0xfe, 0x7f, 0xff, 0x9f, 0xff, 0xe7,
    0xff, 0xf9, 0xff, 0xfe, 0x7f, 0xff, 0x9f, 0xff,
    0xe3, 0xff, 0xf8, 0xff, 0xfc, 0x3f, 0xff, 0xf,
    0xff, 0xc3, 0xff, 0xf0, 0xff, 0xfc, 0x3f, 0xff,
    0xf, 0xff, 0xc3, 0xff, 0xf0, 0xff, 0xfc, 0x3f,
    0xff, 0xf, 0xff, 0xc3, 0xff, 0xf0, 0xff, 0xfc,
    0x3f, 0xff, 0xf, 0xff, 0xc1, 0xff, 0xe0, 0x7f,
    0xf8, 0x1f, 0xfe, 0x7, 0xff, 0x81, 0xff, 0xe0,
    0x7f, 0xf8, 0x1f, 0xfe, 0x7, 0xff, 0x81, 0xff,
    0xe0, 0x7f, 0xf8, 0x0, 0x0, 0x0, 0x0, 0x0,
    0x0, 0x0, 0x0, 0x0, 0x0, 0x0, 0x0, 0x0,
    0x0, 0x0, 0x0, 0x0, 0x0, 0x3, 0xf0, 0x3,
    0xff, 0x3, 0xff, 0xf0, 0xff, 0xfc, 0x7f, 0xff,
    0xbf, 0xff, 0xff, 0xff, 0xff, 0xff, 0xff, 0xff,
    0xff, 0xff, 0xff, 0xff, 0xff, 0xfd, 0xff, 0xfe,
    0x7f, 0xff, 0x8f, 0xff, 0xc1, 0xff, 0xe0, 0x3f,
    0xf0, 0x3, 0xf0, 0x0,

    /* U+0022 "\"" */
    0xff, 0xf0, 0xf, 0xff, 0xff, 0xf0, 0xf, 0xff,
    0xff, 0xf0, 0xf, 0xff, 0xff, 0xf0, 0xf, 0xff,
    0xff, 0xf0, 0xf, 0xff, 0xff, 0xf0, 0xf, 0xff,
    0xff, 0xf0, 0xf, 0xff, 0xff, 0xf0, 0xf, 0xff,
    0xff, 0xf0, 0xf, 0xff, 0xff, 0xf0, 0xf, 0xff,
    0xff, 0xf0, 0xf, 0xff, 0xff, 0xf0, 0xf, 0xff,
    0xff, 0xf0, 0xf, 0xff, 0xff, 0xf0, 0xf, 0xff,
    0xff, 0xf0, 0xf, 0xff, 0xff, 0xf0, 0xf, 0xff,
    0xff, 0xf0, 0xf, 0xff, 0xff, 0xf0, 0xf, 0xff,
    0xff, 0xf0, 0xf, 0xff, 0xff, 0xf0, 0xf, 0xff,
    0xff, 0xf0, 0xf, 0xff, 0xff, 0xf0, 0xf, 0xff,
    0xff, 0xf0, 0xf, 0xff, 0xff, 0xf0, 0xf, 0xff,
    0xff, 0xf0, 0xf, 0xff, 0xff, 0xf0, 0xf, 0xff,
    0xff, 0xf0, 0xf, 0xff,

    /* U+0023 "#" */
    0x0, 0x0, 0x1f, 0xfc, 0x0, 0xf, 0xfe, 0x0,
    0x0, 0x0, 0xf, 0xfe, 0x0, 0x7, 0xfe, 0x0,
    0x0, 0x0, 0x7, 0xfe, 0x0, 0x3, 0xff, 0x0,
    0x0, 0x0, 0x7, 0xff, 0x0, 0x3, 0xff, 0x80,
    0x0, 0x0, 0x3, 0xff, 0x80, 0x1, 0xff, 0xc0,
    0x0, 0x0, 0x1, 0xff, 0xc0, 0x0, 0xff, 0xe0,
    0x0, 0x0, 0x0, 0xff, 0xe0, 0x0, 0x7f, 0xf0,
    0x0, 0x0, 0x0, 0x7f, 0xf0, 0x0, 0x3f, 0xf8,
    0x0, 0x0, 0x0, 0x3f, 0xf8, 0x0, 0x1f, 0xfc,
    0x0, 0x0, 0x0, 0x1f, 0xfc, 0x0, 0xf, 0xfc,
    0x0, 0x0, 0x0, 0xf, 0xfc, 0x0, 0x7, 0xfe,
    0x0, 0x0, 0x0, 0xf, 0xfe, 0x0, 0x7, 0xff,
    0x0, 0x0, 0x0, 0x7, 0xff, 0x0, 0x3, 0xff,
    0x80, 0x0, 0x0, 0x3, 0xff, 0x80, 0x1, 0xff,
    0xc0, 0x0, 0x0, 0x1, 0xff, 0xc0, 0x0, 0xff,
    0xe0, 0x0, 0x0, 0x0, 0xff, 0xe0, 0x0, 0x7f,
    0xf0, 0x0, 0x1f, 0xff, 0xff, 0xff, 0xff, 0xff,
    0xff, 0xff, 0x8f, 0xff, 0xff, 0xff, 0xff, 0xff,
    0xff, 0xff, 0xc7, 0xff, 0xff, 0xff, 0xff, 0xff,
    0xff, 0xff, 0xe3, 0xff, 0xff, 0xff, 0xff, 0xff,
    0xff, 0xff, 0xf1, 0xff, 0xff, 0xff, 0xff, 0xff,
    0xff, 0xff, 0xf8, 0xff, 0xff, 0xff, 0xff, 0xff,
    0xff, 0xff, 0xfc, 0x7f, 0xff, 0xff, 0xff, 0xff,
    0xff, 0xff, 0xfe, 0x3f, 0xff, 0xff, 0xff, 0xff,
    0xff, 0xff, 0xff, 0x1f, 0xff, 0xff, 0xff, 0xff,
    0xff, 0xff, 0xff, 0x8f, 0xff, 0xff, 0xff, 0xff,
    0xff, 0xff, 0xff, 0xc0, 0x0, 0x3f, 0xf0, 0x0,
    0x1f, 0xf8, 0x0, 0x0, 0x0, 0x3f, 0xf8, 0x0,
    0x1f, 0xfc, 0x0, 0x0, 0x0, 0x1f, 0xfc, 0x0,
    0xf, 0xfe, 0x0, 0x0, 0x0, 0xf, 0xfe, 0x0,
    0x7, 0xff, 0x0, 0x0, 0x0, 0x7, 0xff, 0x0,
    0x3, 0xff, 0x80, 0x0, 0x0, 0x3, 0xff, 0x80,
    0x1, 0xff, 0xc0, 0x0, 0x0, 0x1, 0xff, 0xc0,
    0x0, 0xff, 0xe0, 0x0, 0x0, 0x0, 0xff, 0xe0,
    0x0, 0x7f, 0xf0, 0x0, 0x0, 0x0, 0x7f, 0xe0,
    0x0, 0x3f, 0xf0, 0x0, 0x0, 0x0, 0x7f, 0xf0,
    0x0, 0x3f, 0xf8, 0x0, 0x0, 0x0, 0x3f, 0xf8,
    0x0, 0x1f, 0xfc, 0x0, 0x0, 0x0, 0x1f, 0xfc,
    0x0, 0xf, 0xfe, 0x0, 0x0, 0x0, 0xf, 0xfe,
    0x0, 0x7, 0xff, 0x0, 0x0, 0x0, 0x7, 0xff,
    0x0, 0x3, 0xff, 0x80, 0x0, 0x0, 0x3, 0xff,
    0x80, 0x1, 0xff, 0xc0, 0x0, 0x0, 0x1, 0xff,
    0xc0, 0x0, 0xff, 0xe0, 0x0, 0x0, 0x0, 0xff,
    0xc0, 0x0, 0x7f, 0xe0, 0x0, 0x1f, 0xff, 0xff,
    0xff, 0xff, 0xff, 0xff, 0xff, 0x8f, 0xff, 0xff,
    0xff, 0xff, 0xff, 0xff, 0xff, 0xc7, 0xff, 0xff,
    0xff, 0xff, 0xff, 0xff, 0xff, 0xe3, 0xff, 0xff,
    0xff, 0xff, 0xff, 0xff, 0xff, 0xf1, 0xff, 0xff,
    0xff, 0xff, 0xff, 0xff, 0xff, 0xf8, 0xff, 0xff,
    0xff, 0xff, 0xff, 0xff, 0xff, 0xfc, 0x7f, 0xff,
    0xff, 0xff, 0xff, 0xff, 0xff, 0xfe, 0x3f, 0xff,
    0xff, 0xff, 0xff, 0xff, 0xff, 0xff, 0x1f, 0xff,
    0xff, 0xff, 0xff, 0xff, 0xff, 0xff, 0x8f, 0xff,
    0xff, 0xff, 0xff, 0xff, 0xff, 0xff, 0xc0, 0x0,
    0x7f, 0xf0, 0x0, 0x3f, 0xf8, 0x0, 0x0, 0x0,
    0x3f, 0xf8, 0x0, 0x1f, 0xfc, 0x0, 0x0, 0x0,
    0x1f, 0xfc, 0x0, 0xf, 0xfe, 0x0, 0x0, 0x0,
    0xf, 0xfe, 0x0, 0x7, 0xff, 0x0, 0x0, 0x0,
    0x7, 0xff, 0x0, 0x3, 0xff, 0x80, 0x0, 0x0,
    0x3, 0xff, 0x0, 0x1, 0xff, 0xc0, 0x0, 0x0,
    0x1, 0xff, 0x80, 0x1, 0xff, 0xc0, 0x0, 0x0,
    0x1, 0xff, 0xc0, 0x0, 0xff, 0xe0, 0x0, 0x0,
    0x0, 0xff, 0xe0, 0x0, 0x7f, 0xf0, 0x0, 0x0,
    0x0, 0x7f, 0xf0, 0x0, 0x3f, 0xf8, 0x0, 0x0,
    0x0, 0x3f, 0xf8, 0x0, 0x1f, 0xfc, 0x0, 0x0,
    0x0, 0x1f, 0xfc, 0x0, 0xf, 0xfe, 0x0, 0x0,
    0x0, 0xf, 0xfe, 0x0, 0x7, 0xff, 0x0, 0x0,
    0x0, 0x7, 0xfe, 0x0, 0x3, 0xff, 0x80, 0x0,
    0x0, 0x3, 0xff, 0x0, 0x3, 0xff, 0x80, 0x0,
    0x0, 0x3, 0xff, 0x80, 0x1, 0xff, 0xc0, 0x0,
    0x0,

    /* U+0024 "$" */
    0x0, 0x0, 0x1, 0xff, 0x80, 0x0, 0x0, 0x0,
    0x0, 0x3, 0xff, 0x0, 0x0, 0x0, 0x0, 0x0,
    0x7, 0xfe, 0x0, 0x0, 0x0, 0x0, 0x0, 0xf,
    0xfc, 0x0, 0x0, 0x0, 0x0, 0x0, 0x1f, 0xf8,
    0x0, 0x0, 0x0, 0x0, 0x0, 0x3f, 0xf0, 0x0,
    0x0, 0x0, 0x0, 0x0, 0x7f, 0xe0, 0x0, 0x0,
    0x0, 0x0, 0x0, 0xff, 0xc0, 0x0, 0x0, 0x0,
    0x0, 0x1, 0xff, 0x80, 0x0, 0x0, 0x0, 0x0,
    0x3, 0xff, 0x0, 0x0, 0x0, 0x0, 0x0, 0x7,
    0xfe, 0x0, 0x0, 0x0, 0x0, 0x0, 0x1f, 0xff,
    0x80, 0x0, 0x0, 0x0, 0x7, 0xff, 0xff, 0xfc,
    0x0, 0x0, 0x0, 0x7f, 0xff, 0xff, 0xff, 0x0,
    0x0, 0x3, 0xff, 0xff, 0xff, 0xff, 0xc0, 0x0,
    0x1f, 0xff, 0xff, 0xff, 0xff, 0xe0, 0x0, 0x7f,
    0xff, 0xff, 0xff, 0xff, 0xf0, 0x1, 0xff, 0xff,
    0xff, 0xff, 0xff, 0xe0, 0x7, 0xff, 0xff, 0xff,
    0xff, 0xff, 0xc0, 0x1f, 0xff, 0xff, 0xff, 0xff,
    0xff, 0x0, 0x7f, 0xff, 0xff, 0xff, 0xff, 0xfe,
    0x1, 0xff, 0xff, 0xff, 0xff, 0xff, 0xf8, 0x3,
    0xff, 0xff, 0xff, 0xff, 0xff, 0xf0, 0xf, 0xff,
    0xff, 0xff, 0xdf, 0xff, 0xe0, 0x1f, 0xff, 0xf1,
    0xff, 0x81, 0xff, 0x80, 0x7f, 0xff, 0xc3, 0xff,
    0x0, 0xff, 0x0, 0xff, 0xff, 0x7, 0xfe, 0x0,
    0x3c, 0x1, 0xff, 0xfc, 0xf, 0xfc, 0x0, 0x18,
    0x7, 0xff, 0xf0, 0x1f, 0xf8, 0x0, 0x0, 0xf,
    0xff, 0xe0, 0x3f, 0xf0, 0x0, 0x0, 0x1f, 0xff,
    0xc0, 0x7f, 0xe0, 0x0, 0x0, 0x3f, 0xff, 0x80,
    0xff, 0xc0, 0x0, 0x0, 0x7f, 0xff, 0x1, 0xff,
    0x80, 0x0, 0x0, 0xff, 0xff, 0x3, 0xff, 0x0,
    0x0, 0x1, 0xff, 0xfe, 0x7, 0xfe, 0x0, 0x0,
    0x3, 0xff, 0xff, 0xf, 0xfc, 0x0, 0x0, 0x7,
    0xff, 0xff, 0x9f, 0xf8, 0x0, 0x0, 0x7, 0xff,
    0xff, 0xff, 0xf0, 0x0, 0x0, 0xf, 0xff, 0xff,
    0xff, 0xe0, 0x0, 0x0, 0x1f, 0xff, 0xff, 0xff,
    0xc0, 0x0, 0x0, 0x1f, 0xff, 0xff, 0xff, 0xe0,
    0x0, 0x0, 0x3f, 0xff, 0xff, 0xff, 0xfc, 0x0,
    0x0, 0x3f, 0xff, 0xff, 0xff, 0xff, 0x0, 0x0,
    0x3f, 0xff, 0xff, 0xff, 0xff, 0x80, 0x0, 0x3f,
    0xff, 0xff, 0xff, 0xff, 0xc0, 0x0, 0x3f, 0xff,
    0xff, 0xff, 0xff, 0xe0, 0x0, 0x3f, 0xff, 0xff,
    0xff, 0xff, 0xe0, 0x0, 0x1f, 0xff, 0xff, 0xff,
    0xff, 0xe0, 0x0, 0xf, 0xff, 0xff, 0xff, 0xff,
    0xe0, 0x0, 0x7, 0xff, 0xff, 0xff, 0xff, 0xe0,
    0x0, 0x3, 0xff, 0xff, 0xff, 0xff, 0xe0, 0x0,
    0x0, 0x7f, 0xff, 0xff, 0xff, 0xc0, 0x0, 0x0,
    0x1f, 0xff, 0xff, 0xff, 0xc0, 0x0, 0x0, 0x3f,
    0xff, 0xff, 0xff, 0x80, 0x0, 0x0, 0x7f, 0xff,
    0xff, 0xff, 0x0, 0x0, 0x0, 0xff, 0xcf, 0xff,
    0xff, 0x0, 0x0, 0x1, 0xff, 0x87, 0xff, 0xfe,
    0x0, 0x0, 0x3, 0xff, 0x7, 0xff, 0xfc, 0x0,
    0x0, 0x7, 0xfe, 0x7, 0xff, 0xf8, 0x0, 0x0,
    0xf, 0xfc, 0x7, 0xff, 0xf0, 0x0, 0x0, 0x1f,
    0xf8, 0xf, 0xff, 0xe0, 0x0, 0x0, 0x3f, 0xf0,
    0x1f, 0xff, 0xc3, 0x0, 0x0, 0x7f, 0xe0, 0x3f,
    0xff, 0x87, 0x0, 0x0, 0xff, 0xc0, 0x7f, 0xff,
    0xf, 0x80, 0x1, 0xff, 0x81, 0xff, 0xfc, 0x3f,
    0xc0, 0x3, 0xff, 0x3, 0xff, 0xf8, 0x7f, 0xf0,
    0x7, 0xfe, 0xf, 0xff, 0xf1, 0xff, 0xfc, 0xf,
    0xfc, 0x7f, 0xff, 0xc3, 0xff, 0xff, 0x9f, 0xff,
    0xff, 0xff, 0x8f, 0xff, 0xff, 0xff, 0xff, 0xff,
    0xfe, 0x1f, 0xff, 0xff, 0xff, 0xff, 0xff, 0xfc,
    0x3f, 0xff, 0xff, 0xff, 0xff, 0xff, 0xf0, 0xff,
    0xff, 0xff, 0xff, 0xff, 0xff, 0xc1, 0xff, 0xff,
    0xff, 0xff, 0xff, 0xff, 0x1, 0xff, 0xff, 0xff,
    0xff, 0xff, 0xfc, 0x0, 0xff, 0xff, 0xff, 0xff,
    0xff, 0xf0, 0x0, 0x7f, 0xff, 0xff, 0xff, 0xff,
    0x80, 0x0, 0x3f, 0xff, 0xff, 0xff, 0xfe, 0x0,
    0x0, 0xf, 0xff, 0xff, 0xff, 0xf0, 0x0, 0x0,
    0x1, 0xff, 0xff, 0xff, 0x0, 0x0, 0x0, 0x0,
    0x1f, 0xff, 0xc0, 0x0, 0x0, 0x0, 0x0, 0x3,
    0xff, 0x0, 0x0, 0x0, 0x0, 0x0, 0x7, 0xfe,
    0x0, 0x0, 0x0, 0x0, 0x0, 0xf, 0xfc, 0x0,
    0x0, 0x0, 0x0, 0x0, 0x1f, 0xf8, 0x0, 0x0,
    0x0, 0x0, 0x0, 0x3f, 0xf0, 0x0, 0x0, 0x0,
    0x0, 0x0, 0x7f, 0xe0, 0x0, 0x0, 0x0, 0x0,
    0x0, 0xff, 0xc0, 0x0, 0x0, 0x0, 0x0, 0x1,
    0xff, 0x80, 0x0, 0x0, 0x0, 0x0, 0x3, 0xff,
    0x0, 0x0, 0x0, 0x0, 0x0, 0x7, 0xfe, 0x0,
    0x0, 0x0, 0x0, 0x0, 0xf, 0xfc, 0x0, 0x0,
    0x0,

    /* U+0025 "%" */
    0x0, 0xf, 0xf8, 0x0, 0x0, 0x0, 0x0, 0x0,
    0x0, 0x0, 0x0, 0x7f, 0xfe, 0x0, 0x0, 0x0,
    0x1, 0xff, 0xc0, 0x0, 0x3, 0xff, 0xfe, 0x0,
    0x0, 0x0, 0x7, 0xff, 0x80, 0x0, 0x1f, 0xff,
    0xff, 0x0, 0x0, 0x0, 0xf, 0xfe, 0x0, 0x0,
    0x7f, 0xff, 0xff, 0x0, 0x0, 0x0, 0x3f, 0xf8,
    0x0, 0x1, 0xff, 0xff, 0xff, 0x0, 0x0, 0x0,
    0xff, 0xf0, 0x0, 0x3, 0xff, 0xff, 0xfe, 0x0,
    0x0, 0x1, 0xff, 0xc0, 0x0, 0xf, 0xff, 0xff,
    0xfe, 0x0, 0x0, 0x7, 0xff, 0x0, 0x0, 0x3f,
    0xfc, 0x1f, 0xfe, 0x0, 0x0, 0x1f, 0xfe, 0x0,
    0x0, 0x7f, 0xf0, 0x1f, 0xfc, 0x0, 0x0, 0x3f,
    0xf8, 0x0, 0x1, 0xff, 0xc0, 0x1f, 0xfc, 0x0,
    0x0, 0xff, 0xe0, 0x0, 0x3, 0xff, 0x0, 0x1f,
    0xf8, 0x0, 0x3, 0xff, 0xc0, 0x0, 0x7, 0xfe,
    0x0, 0x3f, 0xf0, 0x0, 0x7, 0xff, 0x0, 0x0,
    0xf, 0xfc, 0x0, 0x7f, 0xe0, 0x0, 0x1f, 0xfc,
    0x0, 0x0, 0x3f, 0xf0, 0x0, 0x7f, 0xe0, 0x0,
    0x7f, 0xf8, 0x0, 0x0, 0x7f, 0xe0, 0x0, 0xff,
    0xc0, 0x0, 0xff, 0xe0, 0x0, 0x0, 0xff, 0xc0,
    0x1, 0xff, 0x80, 0x3, 0xff, 0x80, 0x0, 0x1,
    0xff, 0x80, 0x3, 0xff, 0x0, 0xf, 0xff, 0x0,
    0x0, 0x3, 0xff, 0x0, 0x7, 0xfe, 0x0, 0x1f,
    0xfc, 0x0, 0x0, 0x7, 0xfe, 0x0, 0xf, 0xfc,
    0x0, 0x7f, 0xf0, 0x0, 0x0, 0xf, 0xfc, 0x0,
    0x1f, 0xf8, 0x1, 0xff, 0xe0, 0x0, 0x0, 0x1f,
    0xf8, 0x0, 0x3f, 0xf0, 0x3, 0xff, 0x80, 0x0,
    0x0, 0x3f, 0xf0, 0x0, 0x7f, 0xe0, 0xf, 0xfe,
    0x0, 0x0, 0x0, 0x7f, 0xe0, 0x0, 0xff, 0xc0,
    0x3f, 0xfc, 0x0, 0x0, 0x0, 0x7f, 0xe0, 0x3,
    0xff, 0x0, 0x7f, 0xf0, 0x0, 0x0, 0x0, 0xff,
    0xc0, 0x7, 0xfe, 0x1, 0xff, 0xc0, 0x0, 0x0,
    0x1, 0xff, 0x80, 0xf, 0xfc, 0x7, 0xff, 0x80,
    0x0, 0x0, 0x3, 0xff, 0x80, 0x3f, 0xf8, 0xf,
    0xfe, 0x0, 0x0, 0x0, 0x3, 0xff, 0x80, 0xff,
    0xe0, 0x3f, 0xf8, 0x0, 0x0, 0x0, 0x7, 0xff,
    0x83, 0xff, 0xc0, 0xff, 0xe0, 0x0, 0x0, 0x0,
    0x7, 0xff, 0xff, 0xff, 0x1, 0xff, 0xc0, 0x0,
    0x0, 0x0, 0x7, 0xff, 0xff, 0xfc, 0x7, 0xff,
    0x0, 0x0, 0x0, 0x0, 0xf, 0xff, 0xff, 0xf8,
    0x1f, 0xfc, 0x0, 0x0, 0x0, 0x0, 0xf, 0xff,
    0xff, 0xe0, 0x3f, 0xf8, 0x0, 0x7f, 0x80, 0x0,
    0xf, 0xff, 0xff, 0x80, 0xff, 0xe0, 0x7, 0xff,
    0xe0, 0x0, 0x7, 0xff, 0xfc, 0x3, 0xff, 0x80,
    0x3f, 0xff, 0xf0, 0x0, 0x7, 0xff, 0xf0, 0x7,
    0xff, 0x1, 0xff, 0xff, 0xf8, 0x0, 0x1, 0xff,
    0x0, 0x1f, 0xfc, 0x7, 0xff, 0xff, 0xf8, 0x0,
    0x0, 0x0, 0x0, 0x7f, 0xf0, 0x1f, 0xff, 0xff,
    0xf8, 0x0, 0x0, 0x0, 0x0, 0xff, 0xe0, 0x3f,
    0xff, 0xff, 0xf0, 0x0, 0x0, 0x0, 0x3, 0xff,
    0x80, 0xff, 0xff, 0xff, 0xf0, 0x0, 0x0, 0x0,
    0xf, 0xfe, 0x3, 0xff, 0xe1, 0xff, 0xf0, 0x0,
    0x0, 0x0, 0x1f, 0xfc, 0x7, 0xff, 0x0, 0xff,
    0xe0, 0x0, 0x0, 0x0, 0x7f, 0xf0, 0x1f, 0xfc,
    0x0, 0xff, 0xe0, 0x0, 0x0, 0x1, 0xff, 0xc0,
    0x3f, 0xf0, 0x0, 0xff, 0xc0, 0x0, 0x0, 0x3,
    0xff, 0x80, 0x7f, 0xe0, 0x1, 0xff, 0x80, 0x0,
    0x0, 0xf, 0xfe, 0x1, 0xff, 0xc0, 0x3, 0xff,
    0x0, 0x0, 0x0, 0x3f, 0xf8, 0x3, 0xff, 0x0,
    0x3, 0xff, 0x0, 0x0, 0x0, 0x7f, 0xf0, 0x7,
    0xfe, 0x0, 0x7, 0xfe, 0x0, 0x0, 0x1, 0xff,
    0xc0, 0xf, 0xfc, 0x0, 0xf, 0xfc, 0x0, 0x0,
    0x7, 0xff, 0x0, 0x1f, 0xf8, 0x0, 0x1f, 0xf8,
    0x0, 0x0, 0xf, 0xfe, 0x0, 0x3f, 0xf0, 0x0,
    0x3f, 0xf0, 0x0, 0x0, 0x3f, 0xf8, 0x0, 0x7f,
    0xe0, 0x0, 0x7f, 0xe0, 0x0, 0x0, 0xff, 0xe0,
    0x0, 0xff, 0xc0, 0x0, 0xff, 0xc0, 0x0, 0x1,
    0xff, 0xc0, 0x1, 0xff, 0x80, 0x1, 0xff, 0x80,
    0x0, 0x7, 0xff, 0x0, 0x3, 0xff, 0x0, 0x3,
    0xff, 0x0, 0x0, 0x1f, 0xfc, 0x0, 0x7, 0xff,
    0x0, 0xf, 0xfe, 0x0, 0x0, 0x3f, 0xf8, 0x0,
    0x7, 0xfe, 0x0, 0x1f, 0xf8, 0x0, 0x0, 0xff,
    0xe0, 0x0, 0xf, 0xfc, 0x0, 0x3f, 0xf0, 0x0,
    0x3, 0xff, 0x80, 0x0, 0x1f, 0xfc, 0x0, 0xff,
    0xe0, 0x0, 0x7, 0xff, 0x0, 0x0, 0x1f, 0xfc,
    0x3, 0xff, 0x80, 0x0, 0x1f, 0xfc, 0x0, 0x0,
    0x3f, 0xfe, 0x1f, 0xff, 0x0, 0x0, 0x7f, 0xf0,
    0x0, 0x0, 0x3f, 0xff, 0xff, 0xfc, 0x0, 0x0,
    0xff, 0xe0, 0x0, 0x0, 0x7f, 0xff, 0xff, 0xf0,
    0x0, 0x3, 0xff, 0x80, 0x0, 0x0, 0x7f, 0xff,
    0xff, 0xe0, 0x0, 0x7, 0xfe, 0x0, 0x0, 0x0,
    0x7f, 0xff, 0xff, 0x80, 0x0, 0x1f, 0xfc, 0x0,
    0x0, 0x0, 0x7f, 0xff, 0xfe, 0x0, 0x0, 0x7f,
    0xf0, 0x0, 0x0, 0x0, 0x3f, 0xff, 0xf0, 0x0,
    0x0, 0xff, 0xc0, 0x0, 0x0, 0x0, 0x1f, 0xff,
    0x80, 0x0, 0x0, 0x0, 0x0, 0x0, 0x0, 0x0,
    0xf, 0xfc, 0x0, 0x0,

    /* U+0026 "&" */
    0x0, 0x0, 0x1, 0xff, 0xc0, 0x0, 0x0, 0x0,
    0x0, 0x0, 0x1f, 0xff, 0xfc, 0x0, 0x0, 0x0,
    0x0, 0x0, 0x7f, 0xff, 0xff, 0x0, 0x0, 0x0,
    0x0, 0x1, 0xff, 0xff, 0xff, 0xc0, 0x0, 0x0,
    0x0, 0x3, 0xff, 0xff, 0xff, 0xe0, 0x0, 0x0,
    0x0, 0x7, 0xff, 0xff, 0xff, 0xf0, 0x0, 0x0,
    0x0, 0xf, 0xff, 0xff, 0xff, 0xf8, 0x0, 0x0,
    0x0, 0x1f, 0xff, 0xff, 0xff, 0xfc, 0x0, 0x0,
    0x0, 0x3f, 0xff, 0xff, 0xff, 0xfc, 0x0, 0x0,
    0x0, 0x3f, 0xff, 0xff, 0xff, 0xfe, 0x0, 0x0,
    0x0, 0x7f, 0xff, 0xc0, 0xff, 0xfe, 0x0, 0x0,
    0x0, 0x7f, 0xff, 0x0, 0x7f, 0xfe, 0x0, 0x0,
    0x0, 0xff, 0xfe, 0x0, 0x3f, 0xff, 0x0, 0x0,
    0x0, 0xff, 0xfe, 0x0, 0x1f, 0xff, 0x0, 0x0,
    0x0, 0xff, 0xfc, 0x0, 0x1f, 0xff, 0x0, 0x0,
    0x0, 0xff, 0xfc, 0x0, 0x1f, 0xff, 0x0, 0x0,
    0x0, 0xff, 0xfc, 0x0, 0x1f, 0xff, 0x0, 0x0,
    0x0, 0xff, 0xfc, 0x0, 0x1f, 0xff, 0x0, 0x0,
    0x0, 0xff, 0xfc, 0x0, 0x3f, 0xff, 0x0, 0x0,
    0x0, 0xff, 0xfe, 0x0, 0x3f, 0xff, 0x0, 0x0,
    0x0, 0xff, 0xfe, 0x0, 0x7f, 0xfe, 0x0, 0x0,
    0x0, 0x7f, 0xff, 0x0, 0xff, 0xfe, 0x0, 0x0,
    0x0, 0x7f, 0xff, 0x83, 0xff, 0xfc, 0x0, 0x0,
    0x0, 0x7f, 0xff, 0xc7, 0xff, 0xfc, 0x0, 0x0,
    0x0, 0x3f, 0xff, 0xff, 0xff, 0xf8, 0x0, 0x0,
    0x0, 0x1f, 0xff, 0xff, 0xff, 0xf0, 0x0, 0x0,
    0x0, 0x1f, 0xff, 0xff, 0xff, 0xf0, 0x0, 0x0,
    0x0, 0xf, 0xff, 0xff, 0xff, 0xe0, 0x0, 0x0,
    0x0, 0x7, 0xff, 0xff, 0xff, 0x80, 0x0, 0x0,
    0x0, 0x7, 0xff, 0xff, 0xff, 0x0, 0x0, 0x0,
    0x0, 0x3, 0xff, 0xff, 0xfe, 0x0, 0x0, 0x0,
    0x0, 0x3, 0xff, 0xff, 0xf8, 0x0, 0x0, 0x0,
    0x0, 0xf, 0xff, 0xff, 0xf0, 0x0, 0x0, 0x0,
    0x0, 0x1f, 0xff, 0xff, 0xf0, 0x0, 0x0, 0x0,
    0x0, 0x7f, 0xff, 0xff, 0xf8, 0x0, 0x3c, 0x0,
    0x0, 0xff, 0xff, 0xff, 0xfc, 0x0, 0x3f, 0x80,
    0x1, 0xff, 0xff, 0xff, 0xfe, 0x0, 0x3f, 0xf0,
    0x3, 0xff, 0xff, 0xff, 0xff, 0x0, 0x3f, 0xfc,
    0x7, 0xff, 0xff, 0xff, 0xff, 0x80, 0x7f, 0xfc,
    0xf, 0xff, 0xfc, 0xff, 0xff, 0xc0, 0x7f, 0xfc,
    0x1f, 0xff, 0xf0, 0x7f, 0xff, 0xf0, 0x7f, 0xfc,
    0x1f, 0xff, 0xe0, 0x3f, 0xff, 0xf8, 0xff, 0xf8,
    0x3f, 0xff, 0xc0, 0x1f, 0xff, 0xfc, 0xff, 0xf8,
    0x3f, 0xff, 0x80, 0xf, 0xff, 0xfe, 0xff, 0xf8,
    0x7f, 0xff, 0x0, 0x7, 0xff, 0xff, 0xff, 0xf8,
    0x7f, 0xff, 0x0, 0x3, 0xff, 0xff, 0xff, 0xf0,
    0x7f, 0xfe, 0x0, 0x1, 0xff, 0xff, 0xff, 0xf0,
    0xff, 0xfe, 0x0, 0x0, 0xff, 0xff, 0xff, 0xe0,
    0xff, 0xfe, 0x0, 0x0, 0x7f, 0xff, 0xff, 0xe0,
    0xff, 0xfe, 0x0, 0x0, 0x3f, 0xff, 0xff, 0xc0,
    0xff, 0xfe, 0x0, 0x0, 0xf, 0xff, 0xff, 0xc0,
    0xff, 0xfe, 0x0, 0x0, 0x7, 0xff, 0xff, 0x80,
    0xff, 0xff, 0x0, 0x0, 0x3, 0xff, 0xff, 0x80,
    0xff, 0xff, 0x0, 0x0, 0x1, 0xff, 0xff, 0x80,
    0xff, 0xff, 0x80, 0x0, 0x1, 0xff, 0xff, 0xc0,
    0x7f, 0xff, 0xc0, 0x0, 0x7, 0xff, 0xff, 0xe0,
    0x7f, 0xff, 0xf0, 0x0, 0x1f, 0xff, 0xff, 0xf0,
    0x7f, 0xff, 0xfc, 0x0, 0xff, 0xff, 0xff, 0xf8,
    0x3f, 0xff, 0xff, 0xff, 0xff, 0xff, 0xff, 0xfc,
    0x3f, 0xff, 0xff, 0xff, 0xff, 0xff, 0xff, 0xfe,
    0x1f, 0xff, 0xff, 0xff, 0xff, 0xff, 0xff, 0xff,
    0xf, 0xff, 0xff, 0xff, 0xff, 0xff, 0xff, 0xfe,
    0x7, 0xff, 0xff, 0xff, 0xff, 0xff, 0xff, 0xfc,
    0x3, 0xff, 0xff, 0xff, 0xff, 0xfe, 0x7f, 0xfc,
    0x1, 0xff, 0xff, 0xff, 0xff, 0xf8, 0x3f, 0xf8,
    0x0, 0xff, 0xff, 0xff, 0xff, 0xf0, 0x1f, 0xf0,
    0x0, 0x3f, 0xff, 0xff, 0xff, 0xc0, 0xf, 0xe0,
    0x0, 0xf, 0xff, 0xff, 0xfe, 0x0, 0x3, 0xc0,
    0x0, 0x1, 0xff, 0xff, 0xf0, 0x0, 0x1, 0x80,
    0x0, 0x0, 0x1f, 0xff, 0x0, 0x0, 0x0, 0x0,

    /* U+0027 "'" */
    0xff, 0xff, 0xff, 0xff, 0xff, 0xff, 0xff, 0xff,
    0xff, 0xff, 0xff, 0xff, 0xff, 0xff, 0xff, 0xff,
    0xff, 0xff, 0xff, 0xff, 0xff, 0xff, 0xff, 0xff,
    0xff, 0xff, 0xff, 0xff, 0xff, 0xff, 0xff, 0xff,
    0xff, 0xff, 0xff, 0xff, 0xff, 0xff, 0xff, 0xff,
    0xf0,

    /* U+0028 "(" */
    0x0, 0xf, 0xff, 0xc0, 0x3, 0xff, 0xf8, 0x0,
    0x7f, 0xfe, 0x0, 0x1f, 0xff, 0xc0, 0x7, 0xff,
    0xf0, 0x0, 0xff, 0xfe, 0x0, 0x3f, 0xff, 0x80,
    0x7, 0xff, 0xf0, 0x1, 0xff, 0xfc, 0x0, 0x3f,
    0xff, 0x80, 0x7, 0xff, 0xf0, 0x1, 0xff, 0xfc,
    0x0, 0x3f, 0xff, 0x80, 0xf, 0xff, 0xe0, 0x1,
    0xff, 0xfc, 0x0, 0x3f, 0xff, 0x80, 0xf, 0xff,
    0xe0, 0x1, 0xff, 0xfc, 0x0, 0x3f, 0xff, 0x80,
    0xf, 0xff, 0xe0, 0x1, 0xff, 0xfc, 0x0, 0x3f,
    0xff, 0x80, 0x7, 0xff, 0xf0, 0x1, 0xff, 0xfc,
    0x0, 0x3f, 0xff, 0x80, 0x7, 0xff, 0xf0, 0x0,
    0xff, 0xfe, 0x0, 0x1f, 0xff, 0xc0, 0x7, 0xff,
    0xf0, 0x0, 0xff, 0xfe, 0x0, 0x1f, 0xff, 0xc0,
    0x3, 0xff, 0xf8, 0x0, 0x7f, 0xff, 0x0, 0xf,
    0xff, 0xe0, 0x1, 0xff, 0xfc, 0x0, 0x7f, 0xff,
    0x0, 0xf, 0xff, 0xe0, 0x1, 0xff, 0xfc, 0x0,
    0x3f, 0xff, 0x80, 0x7, 0xff, 0xf0, 0x0, 0xff,
    0xfe, 0x0, 0x1f, 0xff, 0xc0, 0x3, 0xff, 0xf8,
    0x0, 0x7f, 0xff, 0x0, 0xf, 0xff, 0xe0, 0x1,
    0xff, 0xfc, 0x0, 0x3f, 0xff, 0x80, 0x7, 0xff,
    0xf0, 0x0, 0xff, 0xfe, 0x0, 0x1f, 0xff, 0xc0,
    0x3, 0xff, 0xf8, 0x0, 0x7f, 0xff, 0x0, 0xf,
    0xff, 0xe0, 0x1, 0xff, 0xfc, 0x0, 0x3f, 0xff,
    0x80, 0x7, 0xff, 0xf0, 0x0, 0x7f, 0xff, 0x0,
    0xf, 0xff, 0xe0, 0x1, 0xff, 0xfc, 0x0, 0x3f,
    0xff, 0x80, 0x7, 0xff, 0xf0, 0x0, 0xff, 0xfe,
    0x0, 0x1f, 0xff, 0xc0, 0x1, 0xff, 0xfc, 0x0,
    0x3f, 0xff, 0x80, 0x7, 0xff, 0xf0, 0x0, 0xff,
    0xfe, 0x0, 0x1f, 0xff, 0xc0, 0x1, 0xff, 0xfc,
    0x0, 0x3f, 0xff, 0x80, 0x7, 0xff, 0xf0, 0x0,
    0xff, 0xfe, 0x0, 0xf, 0xff, 0xe0, 0x1, 0xff,
    0xfc, 0x0, 0x3f, 0xff, 0x80, 0x3, 0xff, 0xf8,
    0x0, 0x7f, 0xff, 0x0, 0xf, 0xff, 0xe0, 0x0,
    0xff, 0xfe, 0x0, 0x1f, 0xff, 0xc0, 0x1, 0xff,
    0xfc, 0x0, 0x3f, 0xff, 0x80, 0x7, 0xff, 0xf0,
    0x0, 0x7f, 0xff, 0x0, 0xf, 0xff, 0xe0, 0x0,
    0xff, 0xfe, 0x0, 0xf, 0xff, 0xc0, 0x1, 0xff,
    0xfc, 0x0, 0x1f, 0xff, 0x80, 0x3, 0xff, 0xf8,
    0x0, 0x3f, 0xff, 0x0,

    /* U+0029 ")" */
    0x7f, 0xfe, 0x0, 0xf, 0xff, 0xe0, 0x0, 0xff,
    0xfc, 0x0, 0x1f, 0xff, 0xc0, 0x1, 0xff, 0xf8,
    0x0, 0x3f, 0xff, 0x80, 0x3, 0xff, 0xf8, 0x0,
    0x7f, 0xff, 0x0, 0x7, 0xff, 0xf0, 0x0, 0xff,
    0xfe, 0x0, 0x1f, 0xff, 0xc0, 0x1, 0xff, 0xfc,
    0x0, 0x3f, 0xff, 0x80, 0x3, 0xff, 0xf8, 0x0,
    0x7f, 0xff, 0x0, 0xf, 0xff, 0xe0, 0x0, 0xff,
    0xfe, 0x0, 0x1f, 0xff, 0xc0, 0x3, 0xff, 0xf8,
    0x0, 0x3f, 0xff, 0x80, 0x7, 0xff, 0xf0, 0x0,
    0xff, 0xfe, 0x0, 0x1f, 0xff, 0xc0, 0x1, 0xff,
    0xfc, 0x0, 0x3f, 0xff, 0x80, 0x7, 0xff, 0xf0,
    0x0, 0xff, 0xfe, 0x0, 0x1f, 0xff, 0xc0, 0x1,
    0xff, 0xfc, 0x0, 0x3f, 0xff, 0x80, 0x7, 0xff,
    0xf0, 0x0, 0xff, 0xfe, 0x0, 0x1f, 0xff, 0xc0,
    0x3, 0xff, 0xf8, 0x0, 0x7f, 0xff, 0x0, 0x7,
    0xff, 0xf0, 0x0, 0xff, 0xfe, 0x0, 0x1f, 0xff,
    0xc0, 0x3, 0xff, 0xf8, 0x0, 0x7f, 0xff, 0x0,
    0xf, 0xff, 0xe0, 0x1, 0xff, 0xfc, 0x0, 0x3f,
    0xff, 0x80, 0x7, 0xff, 0xf0, 0x0, 0xff, 0xfe,
    0x0, 0x1f, 0xff, 0xc0, 0x3, 0xff, 0xf8, 0x0,
    0x7f, 0xff, 0x0, 0xf, 0xff, 0xe0, 0x1, 0xff,
    0xfc, 0x0, 0x3f, 0xff, 0x80, 0x7, 0xff, 0xf0,
    0x0, 0xff, 0xfe, 0x0, 0x1f, 0xff, 0xc0, 0x3,
    0xff, 0xf8, 0x0, 0xff, 0xff, 0x0, 0x1f, 0xff,
    0xc0, 0x3, 0xff, 0xf8, 0x0, 0x7f, 0xff, 0x0,
    0xf, 0xff, 0xe0, 0x1, 0xff, 0xfc, 0x0, 0x3f,
    0xff, 0x80, 0x7, 0xff, 0xf0, 0x1, 0xff, 0xfc,
    0x0, 0x3f, 0xff, 0x80, 0x7, 0xff, 0xf0, 0x0,
    0xff, 0xfe, 0x0, 0x1f, 0xff, 0xc0, 0x7, 0xff,
    0xf0, 0x0, 0xff, 0xfe, 0x0, 0x1f, 0xff, 0xc0,
    0x3, 0xff, 0xf8, 0x0, 0xff, 0xfe, 0x0, 0x1f,
    0xff, 0xc0, 0x3, 0xff, 0xf8, 0x0, 0xff, 0xfe,
    0x0, 0x1f, 0xff, 0xc0, 0x3, 0xff, 0xf8, 0x0,
    0xff, 0xfe, 0x0, 0x1f, 0xff, 0xc0, 0x7, 0xff,
    0xf0, 0x0, 0xff, 0xfe, 0x0, 0x1f, 0xff, 0x80,
    0x7, 0xff, 0xf0, 0x0, 0xff, 0xfe, 0x0, 0x3f,
    0xff, 0x80, 0x7, 0xff, 0xe0, 0x1, 0xff, 0xfc,
    0x0, 0x3f, 0xff, 0x0, 0xf, 0xff, 0xe0, 0x1,
    0xff, 0xf8, 0x0, 0x0,

    /* U+002A "*" */
    0x0, 0x1, 0xff, 0x0, 0x0, 0x0, 0x3, 0xfe,
    0x0, 0x0, 0x0, 0x7, 0xfc, 0x0, 0x0, 0x0,
    0xf, 0xf8, 0x0, 0x0, 0x0, 0x1f, 0xf0, 0x0,
    0x1, 0x0, 0x3f, 0xe0, 0x4, 0x3, 0x0, 0x7f,
    0xc0, 0x18, 0xf, 0x80, 0xff, 0x80, 0xf8, 0x1f,
    0xc1, 0xff, 0x7, 0xf0, 0x7f, 0xc3, 0xfe, 0x1f,
    0xf1, 0xff, 0xe7, 0xfc, 0xff, 0xf3, 0xff, 0xff,
    0xff, 0xff, 0xef, 0xff, 0xff, 0xff, 0xff, 0xff,
    0xff, 0xff, 0xff, 0xff, 0xcf, 0xff, 0xff, 0xff,
    0xfe, 0x7, 0xff, 0xff, 0xff, 0xf0, 0x3, 0xff,
    0xff, 0xff, 0x80, 0x3, 0xff, 0xff, 0xfe, 0x0,
    0x1, 0xff, 0xff, 0xf0, 0x0, 0x3, 0xff, 0xff,
    0xe0, 0x0, 0xf, 0xff, 0xff, 0xf0, 0x0, 0x7f,
    0xff, 0xff, 0xf0, 0x3, 0xff, 0xff, 0xff, 0xf8,
    0x1f, 0xff, 0xff, 0xff, 0xfc, 0xff, 0xff, 0xff,
    0xff, 0xff, 0xff, 0xff, 0xff, 0xff, 0xfd, 0xff,
    0xff, 0xff, 0xff, 0xf3, 0xff, 0xcf, 0xf9, 0xff,
    0xe3, 0xfe, 0x1f, 0xf0, 0xff, 0x83, 0xf8, 0x3f,
    0xe0, 0xfe, 0x7, 0xc0, 0x7f, 0xc0, 0x7c, 0x6,
    0x0, 0xff, 0x80, 0x30, 0x8, 0x1, 0xff, 0x0,
    0x20, 0x0, 0x3, 0xfe, 0x0, 0x0, 0x0, 0x7,
    0xfc, 0x0, 0x0, 0x0, 0xf, 0xf8, 0x0, 0x0,
    0x0, 0x1f, 0xf0, 0x0, 0x0, 0x0, 0x3f, 0xe0,
    0x0, 0x0,

    /* U+002B "+" */
    0x0, 0x0, 0x7f, 0xf8, 0x0, 0x0, 0x0, 0x1,
    0xff, 0xe0, 0x0, 0x0, 0x0, 0x7, 0xff, 0x80,
    0x0, 0x0, 0x0, 0x1f, 0xfe, 0x0, 0x0, 0x0,
    0x0, 0x7f, 0xf8, 0x0, 0x0, 0x0, 0x1, 0xff,
    0xe0, 0x0, 0x0, 0x0, 0x7, 0xff, 0x80, 0x0,
    0x0, 0x0, 0x1f, 0xfe, 0x0, 0x0, 0x0, 0x0,
    0x7f, 0xf8, 0x0, 0x0, 0x0, 0x1, 0xff, 0xe0,
    0x0, 0x0, 0x0, 0x7, 0xff, 0x80, 0x0, 0x0,
    0x0, 0x1f, 0xfe, 0x0, 0x0, 0x0, 0x0, 0x7f,
    0xf8, 0x0, 0x0, 0x0, 0x1, 0xff, 0xe0, 0x0,
    0x0, 0x0, 0x7, 0xff, 0x80, 0x0, 0x0, 0x0,
    0x1f, 0xfe, 0x0, 0x0, 0x0, 0x0, 0x7f, 0xf8,
    0x0, 0x3, 0xff, 0xff, 0xff, 0xff, 0xff, 0xff,
    0xff, 0xff, 0xff, 0xff, 0xff, 0xff, 0xff, 0xff,
    0xff, 0xff, 0xff, 0xff, 0xff, 0xff, 0xff, 0xff,
    0xff, 0xff, 0xff, 0xff, 0xff, 0xff, 0xff, 0xff,
    0xff, 0xff, 0xff, 0xff, 0xff, 0xff, 0xff, 0xff,
    0xff, 0xff, 0xff, 0xff, 0xff, 0xff, 0xff, 0xff,
    0xff, 0xff, 0xff, 0xff, 0xff, 0xff, 0xff, 0xff,
    0xff, 0xff, 0xff, 0xff, 0xff, 0xff, 0xff, 0xff,
    0xff, 0xff, 0xff, 0xff, 0xff, 0xff, 0xfc, 0x0,
    0x1, 0xff, 0xe0, 0x0, 0x0, 0x0, 0x7, 0xff,
    0x80, 0x0, 0x0, 0x0, 0x1f, 0xfe, 0x0, 0x0,
    0x0, 0x0, 0x7f, 0xf8, 0x0, 0x0, 0x0, 0x1,
    0xff, 0xe0, 0x0, 0x0, 0x0, 0x7, 0xff, 0x80,
    0x0, 0x0, 0x0, 0x1f, 0xfe, 0x0, 0x0, 0x0,
    0x0, 0x7f, 0xf8, 0x0, 0x0, 0x0, 0x1, 0xff,
    0xe0, 0x0, 0x0, 0x0, 0x7, 0xff, 0x80, 0x0,
    0x0, 0x0, 0x1f, 0xfe, 0x0, 0x0, 0x0, 0x0,
    0x7f, 0xf8, 0x0, 0x0, 0x0, 0x1, 0xff, 0xe0,
    0x0, 0x0, 0x0, 0x7, 0xff, 0x80, 0x0, 0x0,
    0x0, 0x1f, 0xfe, 0x0, 0x0, 0x0, 0x0, 0x7f,
    0xf8, 0x0, 0x0, 0x0, 0x1, 0xff, 0xe0, 0x0,
    0x0,

    /* U+002C "," */
    0x3, 0xf8, 0x1, 0xff, 0xc0, 0x7f, 0xfc, 0x1f,
    0xff, 0xc7, 0xff, 0xfc, 0xff, 0xff, 0xbf, 0xff,
    0xff, 0xff, 0xff, 0xff, 0xff, 0xff, 0xff, 0xff,
    0xff, 0xff, 0xff, 0xff, 0xf7, 0xff, 0xfe, 0xff,
    0xff, 0x8f, 0xff, 0xf0, 0xff, 0xfe, 0xf, 0xff,
    0x80, 0xff, 0xf0, 0x1f, 0xfc, 0x3, 0xff, 0x80,
    0xff, 0xf0, 0x1f, 0xfc, 0x3, 0xff, 0x80, 0x7f,
    0xe0, 0x1f, 0xfc, 0x3, 0xff, 0x80, 0x7f, 0xe0,
    0x1f, 0xfc, 0x3, 0xff, 0x0, 0x7f, 0xe0, 0xf,
    0xfc, 0x3, 0xff, 0x0, 0x7f, 0xe0, 0x0,

    /* U+002D "-" */
    0xff, 0xff, 0xff, 0xff, 0xff, 0xff, 0xff, 0xff,
    0xff, 0xff, 0xff, 0xff, 0xff, 0xff, 0xff, 0xff,
    0xff, 0xff, 0xff, 0xff, 0xff, 0xff, 0xff, 0xff,
    0xff, 0xff, 0xff, 0xff, 0xff, 0xff, 0xff, 0xff,
    0xff, 0xff, 0xff, 0xff, 0xff, 0xff, 0xff, 0xff,
    0xf0,

    /* U+002E "." */
    0x3, 0xf8, 0x1, 0xff, 0xc0, 0x7f, 0xfc, 0x1f,
    0xff, 0xc7, 0xff, 0xfc, 0xff, 0xff, 0xbf, 0xff,
    0xff, 0xff, 0xff, 0xff, 0xff, 0xff, 0xff, 0xff,
    0xff, 0xff, 0xff, 0xff, 0xff, 0xff, 0xfe, 0xff,
    0xff, 0x9f, 0xff, 0xf1, 0xff, 0xfc, 0x1f, 0xff,
    0x1, 0xff, 0xc0, 0xf, 0xe0, 0x0,

    /* U+002F "/" */
    0x0, 0x0, 0x0, 0x1, 0xff, 0xf8, 0x0, 0x0,
    0x0, 0xf, 0xff, 0xc0, 0x0, 0x0, 0x0, 0x7f,
    0xfc, 0x0, 0x0, 0x0, 0x7, 0xff, 0xe0, 0x0,
    0x0, 0x0, 0x3f, 0xfe, 0x0, 0x0, 0x0, 0x1,
    0xff, 0xf0, 0x0, 0x0, 0x0, 0x1f, 0xff, 0x80,
    0x0, 0x0, 0x0, 0xff, 0xf8, 0x0, 0x0, 0x0,
    0x7, 0xff, 0xc0, 0x0, 0x0, 0x0, 0x7f, 0xfe,
    0x0, 0x0, 0x0, 0x3, 0xff, 0xe0, 0x0, 0x0,
    0x0, 0x1f, 0xff, 0x0, 0x0, 0x0, 0x1, 0xff,
    0xf8, 0x0, 0x0, 0x0, 0xf, 0xff, 0x80, 0x0,
    0x0, 0x0, 0x7f, 0xfc, 0x0, 0x0, 0x0, 0x7,
    0xff, 0xe0, 0x0, 0x0, 0x0, 0x3f, 0xfe, 0x0,
    0x0, 0x0, 0x1, 0xff, 0xf0, 0x0, 0x0, 0x0,
    0x1f, 0xff, 0x80, 0x0, 0x0, 0x0, 0xff, 0xf8,
    0x0, 0x0, 0x0, 0x7, 0xff, 0xc0, 0x0, 0x0,
    0x0, 0x7f, 0xfe, 0x0, 0x0, 0x0, 0x3, 0xff,
    0xe0, 0x0, 0x0, 0x0, 0x1f, 0xff, 0x0, 0x0,
    0x0, 0x1, 0xff, 0xf8, 0x0, 0x0, 0x0, 0xf,
    0xff, 0x80, 0x0, 0x0, 0x0, 0xff, 0xfc, 0x0,
    0x0, 0x0, 0x7, 0xff, 0xe0, 0x0, 0x0, 0x0,
    0x3f, 0xfe, 0x0, 0x0, 0x0, 0x3, 0xff, 0xf0,
    0x0, 0x0, 0x0, 0x1f, 0xff, 0x0, 0x0, 0x0,
    0x0, 0xff, 0xf8, 0x0, 0x0, 0x0, 0xf, 0xff,
    0xc0, 0x0, 0x0, 0x0, 0x7f, 0xfc, 0x0, 0x0,
    0x0, 0x3, 0xff, 0xe0, 0x0, 0x0, 0x0, 0x3f,
    0xff, 0x0, 0x0, 0x0, 0x1, 0xff, 0xf0, 0x0,
    0x0, 0x0, 0xf, 0xff, 0x80, 0x0, 0x0, 0x0,
    0xff, 0xfc, 0x0, 0x0, 0x0, 0x7, 0xff, 0xc0,
    0x0, 0x0, 0x0, 0x3f, 0xfe, 0x0, 0x0, 0x0,
    0x3, 0xff, 0xf0, 0x0, 0x0, 0x0, 0x1f, 0xff,
    0x0, 0x0, 0x0, 0x0, 0xff, 0xf8, 0x0, 0x0,
    0x0, 0xf, 0xff, 0xc0, 0x0, 0x0, 0x0, 0x7f,
    0xfc, 0x0, 0x0, 0x0, 0x3, 0xff, 0xe0, 0x0,
    0x0, 0x0, 0x3f, 0xff, 0x0, 0x0, 0x0, 0x1,
    0xff, 0xf0, 0x0, 0x0, 0x0, 0xf, 0xff, 0x80,
    0x0, 0x0, 0x0, 0xff, 0xfc, 0x0, 0x0, 0x0,
    0x7, 0xff, 0xc0, 0x0, 0x0, 0x0, 0x7f, 0xfe,
    0x0, 0x0, 0x0, 0x3, 0xff, 0xf0, 0x0, 0x0,
    0x0, 0x1f, 0xff, 0x0, 0x0, 0x0, 0x1, 0xff,
    0xf8, 0x0, 0x0, 0x0, 0xf, 0xff, 0x80, 0x0,
    0x0, 0x0, 0x7f, 0xfc, 0x0, 0x0, 0x0, 0x7,
    0xff, 0xe0, 0x0, 0x0, 0x0, 0x3f, 0xfe, 0x0,
    0x0, 0x0, 0x1, 0xff, 0xf0, 0x0, 0x0, 0x0,
    0x1f, 0xff, 0x80, 0x0, 0x0, 0x0, 0xff, 0xf8,
    0x0, 0x0, 0x0, 0x7, 0xff, 0xc0, 0x0, 0x0,
    0x0, 0x7f, 0xfe, 0x0, 0x0, 0x0, 0x3, 0xff,
    0xe0, 0x0, 0x0, 0x0, 0x1f, 0xff, 0x0, 0x0,
    0x0, 0x1, 0xff, 0xf8, 0x0, 0x0, 0x0, 0xf,
    0xff, 0x80, 0x0, 0x0, 0x0, 0x7f, 0xfc, 0x0,
    0x0, 0x0, 0x7, 0xff, 0xe0, 0x0, 0x0, 0x0,
    0x3f, 0xfe, 0x0, 0x0, 0x0, 0x1, 0xff, 0xf0,
    0x0, 0x0, 0x0, 0x1f, 0xff, 0x80, 0x0, 0x0,
    0x0, 0xff, 0xf8, 0x0, 0x0, 0x0, 0x7, 0xff,
    0xc0, 0x0, 0x0, 0x0, 0x7f, 0xfe, 0x0, 0x0,
    0x0, 0x3, 0xff, 0xe0, 0x0, 0x0, 0x0, 0x3f,
    0xff, 0x0, 0x0, 0x0, 0x1, 0xff, 0xf8, 0x0,
    0x0, 0x0, 0xf, 0xff, 0x80, 0x0, 0x0, 0x0,
    0xff, 0xfc, 0x0, 0x0, 0x0, 0x7, 0xff, 0xc0,
    0x0, 0x0, 0x0, 0x3f, 0xfe, 0x0, 0x0, 0x0,
    0x3, 0xff, 0xf0, 0x0, 0x0, 0x0, 0x1f, 0xff,
    0x0, 0x0, 0x0, 0x0, 0xff, 0xf8, 0x0, 0x0,
    0x0, 0xf, 0xff, 0xc0, 0x0, 0x0, 0x0, 0x7f,
    0xfc, 0x0, 0x0, 0x0, 0x3, 0xff, 0xe0, 0x0,
    0x0, 0x0, 0x3f, 0xff, 0x0, 0x0, 0x0, 0x1,
    0xff, 0xf0, 0x0, 0x0, 0x0, 0x0,

    /* U+0030 "0" */
    0x0, 0x0, 0x1, 0xff, 0xc0, 0x0, 0x0, 0x0,
    0x0, 0xf, 0xff, 0xfe, 0x0, 0x0, 0x0, 0x0,
    0x1f, 0xff, 0xff, 0xc0, 0x0, 0x0, 0x0, 0x3f,
    0xff, 0xff, 0xf8, 0x0, 0x0, 0x0, 0x7f, 0xff,
    0xff, 0xff, 0x0, 0x0, 0x0, 0x7f, 0xff, 0xff,
    0xff, 0xc0, 0x0, 0x0, 0x7f, 0xff, 0xff, 0xff,
    0xf0, 0x0, 0x0, 0x7f, 0xff, 0xff, 0xff, 0xfc,
    0x0, 0x0, 0x7f, 0xff, 0xff, 0xff, 0xff, 0x0,
    0x0, 0x7f, 0xff, 0xff, 0xff, 0xff, 0xc0, 0x0,
    0x7f, 0xff, 0xff, 0xff, 0xff, 0xf0, 0x0, 0x7f,
    0xff, 0xff, 0xff, 0xff, 0xfc, 0x0, 0x3f, 0xff,
    0xff, 0xff, 0xff, 0xfe, 0x0, 0x3f, 0xff, 0xfc,
    0x7, 0xff, 0xff, 0x80, 0x3f, 0xff, 0xf8, 0x0,
    0xff, 0xff, 0xe0, 0x1f, 0xff, 0xf0, 0x0, 0x1f,
    0xff, 0xf0, 0x1f, 0xff, 0xf0, 0x0, 0x7, 0xff,
    0xf8, 0xf, 0xff, 0xf0, 0x0, 0x1, 0xff, 0xfe,
    0x7, 0xff, 0xf8, 0x0, 0x0, 0xff, 0xff, 0x7,
    0xff, 0xf8, 0x0, 0x0, 0x3f, 0xff, 0xc3, 0xff,
    0xfc, 0x0, 0x0, 0x1f, 0xff, 0xe1, 0xff, 0xfc,
    0x0, 0x0, 0x7, 0xff, 0xf1, 0xff, 0xfe, 0x0,
    0x0, 0x3, 0xff, 0xfc, 0xff, 0xfe, 0x0, 0x0,
    0x0, 0xff, 0xfe, 0x7f, 0xff, 0x0, 0x0, 0x0,
    0x7f, 0xff, 0x3f, 0xff, 0x80, 0x0, 0x0, 0x3f,
    0xff, 0x9f, 0xff, 0xc0, 0x0, 0x0, 0x1f, 0xff,
    0xdf, 0xff, 0xc0, 0x0, 0x0, 0xf, 0xff, 0xff,
    0xff, 0xe0, 0x0, 0x0, 0x3, 0xff, 0xff, 0xff,
    0xf0, 0x0, 0x0, 0x1, 0xff, 0xff, 0xff, 0xf8,
    0x0, 0x0, 0x0, 0xff, 0xff, 0xff, 0xfc, 0x0,
    0x0, 0x0, 0x7f, 0xff, 0xff, 0xfe, 0x0, 0x0,
    0x0, 0x3f, 0xff, 0xff, 0xff, 0x0, 0x0, 0x0,
    0x1f, 0xff, 0xff, 0xff, 0x80, 0x0, 0x0, 0xf,
    0xff, 0xff, 0xff, 0xc0, 0x0, 0x0, 0x7, 0xff,
    0xff, 0xff, 0xe0, 0x0, 0x0, 0x3, 0xff, 0xff,
    0xff, 0xf0, 0x0, 0x0, 0x1, 0xff, 0xff, 0xff,
    0xf8, 0x0, 0x0, 0x0, 0xff, 0xff, 0xff, 0xfc,
    0x0, 0x0, 0x0, 0x7f, 0xff, 0xff, 0xfe, 0x0,
    0x0, 0x0, 0x3f, 0xff, 0xff, 0xff, 0x0, 0x0,
    0x0, 0x1f, 0xff, 0xff, 0xff, 0x80, 0x0, 0x0,
    0x1f, 0xff, 0xef, 0xff, 0xe0, 0x0, 0x0, 0xf,
    0xff, 0xe7, 0xff, 0xf0, 0x0, 0x0, 0x7, 0xff,
    0xf3, 0xff, 0xf8, 0x0, 0x0, 0x3, 0xff, 0xf9,
    0xff, 0xfc, 0x0, 0x0, 0x1, 0xff, 0xfc, 0xff,
    0xff, 0x0, 0x0, 0x1, 0xff, 0xfe, 0x3f, 0xff,
    0x80, 0x0, 0x0, 0xff, 0xfe, 0x1f, 0xff, 0xc0,
    0x0, 0x0, 0xff, 0xff, 0xf, 0xff, 0xf0, 0x0,
    0x0, 0x7f, 0xff, 0x83, 0xff, 0xfc, 0x0, 0x0,
    0x7f, 0xff, 0x81, 0xff, 0xfe, 0x0, 0x0, 0x3f,
    0xff, 0xc0, 0xff, 0xff, 0x80, 0x0, 0x3f, 0xff,
    0xe0, 0x3f, 0xff, 0xe0, 0x0, 0x3f, 0xff, 0xe0,
    0x1f, 0xff, 0xfc, 0x0, 0x7f, 0xff, 0xf0, 0x7,
    0xff, 0xff, 0x80, 0xff, 0xff, 0xf0, 0x1, 0xff,
    0xff, 0xff, 0xff, 0xff, 0xf0, 0x0, 0xff, 0xff,
    0xff, 0xff, 0xff, 0xf8, 0x0, 0x3f, 0xff, 0xff,
    0xff, 0xff, 0xf8, 0x0, 0xf, 0xff, 0xff, 0xff,
    0xff, 0xf8, 0x0, 0x3, 0xff, 0xff, 0xff, 0xff,
    0xf8, 0x0, 0x0, 0xff, 0xff, 0xff, 0xff, 0xf8,
    0x0, 0x0, 0x3f, 0xff, 0xff, 0xff, 0xf8, 0x0,
    0x0, 0xf, 0xff, 0xff, 0xff, 0xf8, 0x0, 0x0,
    0x3, 0xff, 0xff, 0xff, 0xf8, 0x0, 0x0, 0x0,
    0x7f, 0xff, 0xff, 0xf0, 0x0, 0x0, 0x0, 0xf,
    0xff, 0xff, 0xe0, 0x0, 0x0, 0x0, 0x1, 0xff,
    0xff, 0xc0, 0x0, 0x0, 0x0, 0x0, 0xf, 0xfe,
    0x0, 0x0, 0x0,

    /* U+0031 "1" */
    0xff, 0xff, 0xff, 0xff, 0xff, 0xff, 0xff, 0xff,
    0xff, 0xff, 0xff, 0xff, 0xff, 0xff, 0xff, 0xff,
    0xff, 0xff, 0xff, 0xff, 0xff, 0xff, 0xff, 0xff,
    0xff, 0xff, 0xff, 0xff, 0xff, 0xff, 0xff, 0xff,
    0xff, 0xff, 0xff, 0xff, 0xff, 0xff, 0xff, 0xff,
    0xff, 0xff, 0xff, 0xf0, 0x0, 0x3f, 0xff, 0x80,
    0x1, 0xff, 0xfc, 0x0, 0xf, 0xff, 0xe0, 0x0,
    0x7f, 0xff, 0x0, 0x3, 0xff, 0xf8, 0x0, 0x1f,
    0xff, 0xc0, 0x0, 0xff, 0xfe, 0x0, 0x7, 0xff,
    0xf0, 0x0, 0x3f, 0xff, 0x80, 0x1, 0xff, 0xfc,
    0x0, 0xf, 0xff, 0xe0, 0x0, 0x7f, 0xff, 0x0,
    0x3, 0xff, 0xf8, 0x0, 0x1f, 0xff, 0xc0, 0x0,
    0xff, 0xfe, 0x0, 0x7, 0xff, 0xf0, 0x0, 0x3f,
    0xff, 0x80, 0x1, 0xff, 0xfc, 0x0, 0xf, 0xff,
    0xe0, 0x0, 0x7f, 0xff, 0x0, 0x3, 0xff, 0xf8,
    0x0, 0x1f, 0xff, 0xc0, 0x0, 0xff, 0xfe, 0x0,
    0x7, 0xff, 0xf0, 0x0, 0x3f, 0xff, 0x80, 0x1,
    0xff, 0xfc, 0x0, 0xf, 0xff, 0xe0, 0x0, 0x7f,
    0xff, 0x0, 0x3, 0xff, 0xf8, 0x0, 0x1f, 0xff,
    0xc0, 0x0, 0xff, 0xfe, 0x0, 0x7, 0xff, 0xf0,
    0x0, 0x3f, 0xff, 0x80, 0x1, 0xff, 0xfc, 0x0,
    0xf, 0xff, 0xe0, 0x0, 0x7f, 0xff, 0x0, 0x3,
    0xff, 0xf8, 0x0, 0x1f, 0xff, 0xc0, 0x0, 0xff,
    0xfe, 0x0, 0x7, 0xff, 0xf0, 0x0, 0x3f, 0xff,
    0x80, 0x1, 0xff, 0xfc, 0x0, 0xf, 0xff, 0xe0,
    0x0, 0x7f, 0xff, 0x0, 0x3, 0xff, 0xf8, 0x0,
    0x1f, 0xff, 0xc0, 0x0, 0xff, 0xfe, 0x0, 0x7,
    0xff, 0xf0, 0x0, 0x3f, 0xff, 0x80, 0x1, 0xff,
    0xfc, 0x0, 0xf, 0xff, 0xe0, 0x0, 0x7f, 0xff,
    0x0, 0x3, 0xff, 0xf8, 0x0, 0x1f, 0xff, 0xc0,
    0x0, 0xff, 0xfe, 0x0, 0x7, 0xff, 0xf0,

    /* U+0032 "2" */
    0x0, 0x0, 0xf, 0xff, 0x0, 0x0, 0x0, 0x0,
    0x7, 0xff, 0xff, 0xe0, 0x0, 0x0, 0x0, 0xff,
    0xff, 0xff, 0xe0, 0x0, 0x0, 0xf, 0xff, 0xff,
    0xff, 0xe0, 0x0, 0x0, 0xff, 0xff, 0xff, 0xff,
    0xe0, 0x0, 0x7, 0xff, 0xff, 0xff, 0xff, 0xc0,
    0x0, 0x7f, 0xff, 0xff, 0xff, 0xff, 0x80, 0x3,
    0xff, 0xff, 0xff, 0xff, 0xff, 0x0, 0x1f, 0xff,
    0xff, 0xff, 0xff, 0xfe, 0x0, 0xff, 0xff, 0xff,
    0xff, 0xff, 0xfc, 0x7, 0xff, 0xff, 0xff, 0xff,
    0xff, 0xf8, 0x1f, 0xff, 0xff, 0xff, 0xff, 0xff,
    0xe0, 0xff, 0xff, 0xff, 0xff, 0xff, 0xff, 0xc0,
    0xff, 0xff, 0xe0, 0xf, 0xff, 0xff, 0x1, 0xff,
    0xfc, 0x0, 0xf, 0xff, 0xfc, 0x1, 0xff, 0xc0,
    0x0, 0xf, 0xff, 0xf8, 0x3, 0xfc, 0x0, 0x0,
    0x1f, 0xff, 0xe0, 0x3, 0xe0, 0x0, 0x0, 0x7f,
    0xff, 0x80, 0x7, 0x0, 0x0, 0x0, 0xff, 0xfe,
    0x0, 0x4, 0x0, 0x0, 0x3, 0xff, 0xf8, 0x0,
    0x0, 0x0, 0x0, 0xf, 0xff, 0xe0, 0x0, 0x0,
    0x0, 0x0, 0x3f, 0xff, 0x80, 0x0, 0x0, 0x0,
    0x0, 0xff, 0xfe, 0x0, 0x0, 0x0, 0x0, 0x3,
    0xff, 0xf8, 0x0, 0x0, 0x0, 0x0, 0xf, 0xff,
    0xe0, 0x0, 0x0, 0x0, 0x0, 0x7f, 0xff, 0x0,
    0x0, 0x0, 0x0, 0x1, 0xff, 0xfc, 0x0, 0x0,
    0x0, 0x0, 0xf, 0xff, 0xf0, 0x0, 0x0, 0x0,
    0x0, 0x3f, 0xff, 0xc0, 0x0, 0x0, 0x0, 0x1,
    0xff, 0xfe, 0x0, 0x0, 0x0, 0x0, 0xf, 0xff,
    0xf8, 0x0, 0x0, 0x0, 0x0, 0x7f, 0xff, 0xc0,
    0x0, 0x0, 0x0, 0x3, 0xff, 0xff, 0x0, 0x0,
    0x0, 0x0, 0x1f, 0xff, 0xf8, 0x0, 0x0, 0x0,
    0x0, 0xff, 0xff, 0xc0, 0x0, 0x0, 0x0, 0x7,
    0xff, 0xfe, 0x0, 0x0, 0x0, 0x0, 0x3f, 0xff,
    0xf8, 0x0, 0x0, 0x0, 0x1, 0xff, 0xff, 0xc0,
    0x0, 0x0, 0x0, 0xf, 0xff, 0xfe, 0x0, 0x0,
    0x0, 0x0, 0x7f, 0xff, 0xf0, 0x0, 0x0, 0x0,
    0x3, 0xff, 0xff, 0x80, 0x0, 0x0, 0x0, 0x1f,
    0xff, 0xfc, 0x0, 0x0, 0x0, 0x0, 0xff, 0xff,
    0xe0, 0x0, 0x0, 0x0, 0x7, 0xff, 0xff, 0x0,
    0x0, 0x0, 0x0, 0x3f, 0xff, 0xf8, 0x0, 0x0,
    0x0, 0x1, 0xff, 0xff, 0xc0, 0x0, 0x0, 0x0,
    0xf, 0xff, 0xfe, 0x0, 0x0, 0x0, 0x0, 0x7f,
    0xff, 0xf0, 0x0, 0x0, 0x0, 0x3, 0xff, 0xff,
    0x80, 0x0, 0x0, 0x0, 0x1f, 0xff, 0xfc, 0x0,
    0x0, 0x0, 0x0, 0xff, 0xff, 0xe0, 0x0, 0x0,
    0x0, 0x7, 0xff, 0xff, 0x0, 0x0, 0x0, 0x0,
    0x7f, 0xff, 0xf8, 0x0, 0x0, 0x0, 0x3, 0xff,
    0xff, 0x80, 0x0, 0x0, 0x0, 0x1f, 0xff, 0xfc,
    0x0, 0x0, 0x0, 0x0, 0xff, 0xff, 0xe0, 0x0,
    0x0, 0x0, 0x7, 0xff, 0xff, 0xff, 0xff, 0xff,
    0xfc, 0x3f, 0xff, 0xff, 0xff, 0xff, 0xff, 0xf1,
    0xff, 0xff, 0xff, 0xff, 0xff, 0xff, 0xc7, 0xff,
    0xff, 0xff, 0xff, 0xff, 0xff, 0x1f, 0xff, 0xff,
    0xff, 0xff, 0xff, 0xfc, 0x7f, 0xff, 0xff, 0xff,
    0xff, 0xff, 0xf1, 0xff, 0xff, 0xff, 0xff, 0xff,
    0xff, 0xc7, 0xff, 0xff, 0xff, 0xff, 0xff, 0xff,
    0x1f, 0xff, 0xff, 0xff, 0xff, 0xff, 0xfc, 0x7f,
    0xff, 0xff, 0xff, 0xff, 0xff, 0xf1, 0xff, 0xff,
    0xff, 0xff, 0xff, 0xff, 0xc7, 0xff, 0xff, 0xff,
    0xff, 0xff, 0xff, 0x1f, 0xff, 0xff, 0xff, 0xff,
    0xff, 0xfc,

    /* U+0033 "3" */
    0x1f, 0xff, 0xff, 0xff, 0xff, 0xff, 0xc0, 0xff,
    0xff, 0xff, 0xff, 0xff, 0xfe, 0x7, 0xff, 0xff,
    0xff, 0xff, 0xff, 0xf0, 0x3f, 0xff, 0xff, 0xff,
    0xff, 0xff, 0x81, 0xff, 0xff, 0xff, 0xff, 0xff,
    0xfc, 0xf, 0xff, 0xff, 0xff, 0xff, 0xff, 0xe0,
    0x7f, 0xff, 0xff, 0xff, 0xff, 0xff, 0x3, 0xff,
    0xff, 0xff, 0xff, 0xff, 0xf8, 0x1f, 0xff, 0xff,
    0xff, 0xff, 0xff, 0xc0, 0xff, 0xff, 0xff, 0xff,
    0xff, 0xfe, 0x7, 0xff, 0xff, 0xff, 0xff, 0xff,
    0xe0, 0x3f, 0xff, 0xff, 0xff, 0xff, 0xff, 0x0,
    0x0, 0x0, 0x0, 0xf, 0xff, 0xf0, 0x0, 0x0,
    0x0, 0x0, 0xff, 0xff, 0x0, 0x0, 0x0, 0x0,
    0xf, 0xff, 0xf0, 0x0, 0x0, 0x0, 0x0, 0xff,
    0xff, 0x0, 0x0, 0x0, 0x0, 0xf, 0xff, 0xf0,
    0x0, 0x0, 0x0, 0x0, 0x7f, 0xff, 0x80, 0x0,
    0x0, 0x0, 0x7, 0xff, 0xf8, 0x0, 0x0, 0x0,
    0x0, 0x7f, 0xff, 0x80, 0x0, 0x0, 0x0, 0x7,
    0xff, 0xf8, 0x0, 0x0, 0x0, 0x0, 0x7f, 0xff,
    0x80, 0x0, 0x0, 0x0, 0x7, 0xff, 0xf8, 0x0,
    0x0, 0x0, 0x0, 0x7f, 0xff, 0xc0, 0x0, 0x0,
    0x0, 0x7, 0xff, 0xfc, 0x0, 0x0, 0x0, 0x0,
    0x3f, 0xff, 0xc0, 0x0, 0x0, 0x0, 0x3, 0xff,
    0xfc, 0x0, 0x0, 0x0, 0x0, 0x3f, 0xff, 0xc0,
    0x0, 0x0, 0x0, 0x3, 0xff, 0xff, 0xe0, 0x0,
    0x0, 0x0, 0x1f, 0xff, 0xff, 0xe0, 0x0, 0x0,
    0x0, 0xff, 0xff, 0xff, 0xc0, 0x0, 0x0, 0x7,
    0xff, 0xff, 0xff, 0x0, 0x0, 0x0, 0x3f, 0xff,
    0xff, 0xfe, 0x0, 0x0, 0x1, 0xff, 0xff, 0xff,
    0xf8, 0x0, 0x0, 0xf, 0xff, 0xff, 0xff, 0xe0,
    0x0, 0x0, 0x7f, 0xff, 0xff, 0xff, 0x0, 0x0,
    0x3, 0xff, 0xff, 0xff, 0xfc, 0x0, 0x0, 0x1f,
    0xff, 0xff, 0xff, 0xf0, 0x0, 0x0, 0xff, 0xff,
    0xff, 0xff, 0x80, 0x0, 0x0, 0x0, 0x3f, 0xff,
    0xfe, 0x0, 0x0, 0x0, 0x0, 0x3f, 0xff, 0xf0,
    0x0, 0x0, 0x0, 0x0, 0xff, 0xff, 0x80, 0x0,
    0x0, 0x0, 0x3, 0xff, 0xfe, 0x0, 0x0, 0x0,
    0x0, 0xf, 0xff, 0xf0, 0x0, 0x0, 0x0, 0x0,
    0x7f, 0xff, 0x80, 0x0, 0x0, 0x0, 0x1, 0xff,
    0xfc, 0x0, 0x0, 0x0, 0x0, 0xf, 0xff, 0xe0,
    0x0, 0x0, 0x0, 0x0, 0x7f, 0xff, 0x0, 0x0,
    0x0, 0x0, 0x3, 0xff, 0xf8, 0x0, 0x0, 0x0,
    0x0, 0x1f, 0xff, 0xc1, 0x80, 0x0, 0x0, 0x1,
    0xff, 0xfe, 0xe, 0x0, 0x0, 0x0, 0xf, 0xff,
    0xf0, 0xfc, 0x0, 0x0, 0x0, 0xff, 0xff, 0x7,
    0xf8, 0x0, 0x0, 0xf, 0xff, 0xf8, 0x7f, 0xf8,
    0x0, 0x1, 0xff, 0xff, 0xc3, 0xff, 0xfc, 0x0,
    0x7f, 0xff, 0xfc, 0x3f, 0xff, 0xff, 0xff, 0xff,
    0xff, 0xe1, 0xff, 0xff, 0xff, 0xff, 0xff, 0xfe,
    0x1f, 0xff, 0xff, 0xff, 0xff, 0xff, 0xf0, 0xff,
    0xff, 0xff, 0xff, 0xff, 0xff, 0xf, 0xff, 0xff,
    0xff, 0xff, 0xff, 0xf0, 0x7f, 0xff, 0xff, 0xff,
    0xff, 0xff, 0x1, 0xff, 0xff, 0xff, 0xff, 0xff,
    0xf0, 0x7, 0xff, 0xff, 0xff, 0xff, 0xff, 0x0,
    0xf, 0xff, 0xff, 0xff, 0xff, 0xe0, 0x0, 0x1f,
    0xff, 0xff, 0xff, 0xfe, 0x0, 0x0, 0x1f, 0xff,
    0xff, 0xff, 0xc0, 0x0, 0x0, 0xf, 0xff, 0xff,
    0xf0, 0x0, 0x0, 0x0, 0x3, 0xff, 0xf8, 0x0,
    0x0, 0x0,

    /* U+0034 "4" */
    0x0, 0x0, 0x0, 0x0, 0xff, 0xff, 0x80, 0x0,
    0x0, 0x0, 0x0, 0x1, 0xff, 0xfe, 0x0, 0x0,
    0x0, 0x0, 0x0, 0x7, 0xff, 0xf8, 0x0, 0x0,
    0x0, 0x0, 0x0, 0x1f, 0xff, 0xe0, 0x0, 0x0,
    0x0, 0x0, 0x0, 0x7f, 0xff, 0xc0, 0x0, 0x0,
    0x0, 0x0, 0x0, 0xff, 0xff, 0x0, 0x0, 0x0,
    0x0, 0x0, 0x3, 0xff, 0xfc, 0x0, 0x0, 0x0,
    0x0, 0x0, 0xf, 0xff, 0xf8, 0x0, 0x0, 0x0,
    0x0, 0x0, 0x3f, 0xff, 0xe0, 0x0, 0x0, 0x0,
    0x0, 0x0, 0x7f, 0xff, 0x80, 0x0, 0x0, 0x0,
    0x0, 0x1, 0xff, 0xfe, 0x0, 0x0, 0x0, 0x0,
    0x0, 0x7, 0xff, 0xfc, 0x0, 0x0, 0x0, 0x0,
    0x0, 0x1f, 0xff, 0xf0, 0x0, 0x0, 0x0, 0x0,
    0x0, 0x3f, 0xff, 0xc0, 0x0, 0x0, 0x0, 0x0,
    0x0, 0xff, 0xff, 0x0, 0x0, 0x0, 0x0, 0x0,
    0x3, 0xff, 0xfe, 0x0, 0x0, 0x0, 0x0, 0x0,
    0xf, 0xff, 0xf8, 0x0, 0x0, 0x0, 0x0, 0x0,
    0x1f, 0xff, 0xe0, 0x0, 0x0, 0x0, 0x0, 0x0,
    0x7f, 0xff, 0xc0, 0x0, 0x0, 0x0, 0x0, 0x1,
    0xff, 0xff, 0x0, 0x0, 0x0, 0x0, 0x0, 0x7,
    0xff, 0xfc, 0x0, 0x0, 0x0, 0x0, 0x0, 0xf,
    0xff, 0xf0, 0x0, 0x0, 0x0, 0x0, 0x0, 0x3f,
    0xff, 0xe0, 0x0, 0x0, 0x0, 0x0, 0x0, 0xff,
    0xff, 0x80, 0x0, 0x0, 0x0, 0x0, 0x3, 0xff,
    0xfe, 0x0, 0x0, 0x0, 0x0, 0x0, 0x7, 0xff,
    0xf8, 0x0, 0x0, 0x0, 0x0, 0x0, 0x1f, 0xff,
    0xf0, 0x0, 0x0, 0x0, 0x0, 0x0, 0x7f, 0xff,
    0xc0, 0x0, 0x0, 0x0, 0x0, 0x1, 0xff, 0xff,
    0x0, 0x7f, 0xff, 0x0, 0x0, 0x3, 0xff, 0xfe,
    0x0, 0xff, 0xfe, 0x0, 0x0, 0xf, 0xff, 0xf8,
    0x1, 0xff, 0xfc, 0x0, 0x0, 0x3f, 0xff, 0xe0,
    0x3, 0xff, 0xf8, 0x0, 0x0, 0xff, 0xff, 0x80,
    0x7, 0xff, 0xf0, 0x0, 0x1, 0xff, 0xff, 0x0,
    0xf, 0xff, 0xe0, 0x0, 0x7, 0xff, 0xfc, 0x0,
    0x1f, 0xff, 0xc0, 0x0, 0x1f, 0xff, 0xf0, 0x0,
    0x3f, 0xff, 0x80, 0x0, 0x3f, 0xff, 0xc0, 0x0,
    0x7f, 0xff, 0x0, 0x0, 0xff, 0xff, 0x80, 0x0,
    0xff, 0xfe, 0x0, 0x3, 0xff, 0xfe, 0x0, 0x1,
    0xff, 0xfc, 0x0, 0xf, 0xff, 0xf8, 0x0, 0x3,
    0xff, 0xf8, 0x0, 0x1f, 0xff, 0xf0, 0x0, 0x7,
    0xff, 0xf0, 0x0, 0x7f, 0xff, 0xff, 0xff, 0xff,
    0xff, 0xff, 0xfd, 0xff, 0xff, 0xff, 0xff, 0xff,
    0xff, 0xff, 0xff, 0xff, 0xff, 0xff, 0xff, 0xff,
    0xff, 0xff, 0xff, 0xff, 0xff, 0xff, 0xff, 0xff,
    0xff, 0xff, 0xff, 0xff, 0xff, 0xff, 0xff, 0xff,
    0xff, 0xff, 0xff, 0xff, 0xff, 0xff, 0xff, 0xff,
    0xff, 0xff, 0xff, 0xff, 0xff, 0xff, 0xff, 0xff,
    0xff, 0xff, 0xff, 0xff, 0xff, 0xff, 0xff, 0xff,
    0xff, 0xff, 0xff, 0xff, 0xff, 0xff, 0xff, 0xff,
    0xff, 0xff, 0xff, 0xff, 0xff, 0xff, 0xff, 0xff,
    0xff, 0xff, 0xff, 0xff, 0xff, 0xff, 0xff, 0xff,
    0xff, 0xff, 0xff, 0xff, 0xff, 0xff, 0xff, 0xff,
    0xff, 0xff, 0xff, 0xff, 0xff, 0xff, 0xff, 0xff,
    0xff, 0xc0, 0x0, 0x0, 0x0, 0x1, 0xff, 0xfc,
    0x0, 0x0, 0x0, 0x0, 0x0, 0x3, 0xff, 0xf8,
    0x0, 0x0, 0x0, 0x0, 0x0, 0x7, 0xff, 0xf0,
    0x0, 0x0, 0x0, 0x0, 0x0, 0xf, 0xff, 0xe0,
    0x0, 0x0, 0x0, 0x0, 0x0, 0x1f, 0xff, 0xc0,
    0x0, 0x0, 0x0, 0x0, 0x0, 0x3f, 0xff, 0x80,
    0x0, 0x0, 0x0, 0x0, 0x0, 0x7f, 0xff, 0x0,
    0x0, 0x0, 0x0, 0x0, 0x0, 0xff, 0xfe, 0x0,
    0x0, 0x0, 0x0, 0x0, 0x1, 0xff, 0xfc, 0x0,
    0x0, 0x0, 0x0, 0x0, 0x3, 0xff, 0xf8, 0x0,
    0x0, 0x0, 0x0, 0x0, 0x7, 0xff, 0xf0, 0x0,
    0x0, 0x0, 0x0, 0x0, 0xf, 0xff, 0xe0, 0x0,
    0x0, 0x0, 0x0, 0x0, 0x1f, 0xff, 0xc0, 0x0,
    0x0, 0x0, 0x0, 0x0, 0x3f, 0xff, 0x80, 0x0,
    0x0, 0x0, 0x0, 0x0, 0x7f, 0xff, 0x0, 0x0,

    /* U+0035 "5" */
    0x0, 0x7f, 0xff, 0xff, 0xff, 0xff, 0xc0, 0x3,
    0xff, 0xff, 0xff, 0xff, 0xff, 0x0, 0xf, 0xff,
    0xff, 0xff, 0xff, 0xfc, 0x0, 0x3f, 0xff, 0xff,
    0xff, 0xff, 0xf0, 0x0, 0xff, 0xff, 0xff, 0xff,
    0xff, 0xc0, 0x3, 0xff, 0xff, 0xff, 0xff, 0xff,
    0x0, 0xf, 0xff, 0xff, 0xff, 0xff, 0xfc, 0x0,
    0x3f, 0xff, 0xff, 0xff, 0xff, 0xf0, 0x0, 0xff,
    0xff, 0xff, 0xff, 0xff, 0xc0, 0x3, 0xff, 0xff,
    0xff, 0xff, 0xff, 0x0, 0xf, 0xff, 0xff, 0xff,
    0xff, 0xfc, 0x0, 0x3f, 0xff, 0xff, 0xff, 0xff,
    0xf0, 0x1, 0xff, 0xfc, 0x0, 0x0, 0x0, 0x0,
    0x7, 0xff, 0xf0, 0x0, 0x0, 0x0, 0x0, 0x1f,
    0xff, 0x80, 0x0, 0x0, 0x0, 0x0, 0x7f, 0xfe,
    0x0, 0x0, 0x0, 0x0, 0x1, 0xff, 0xf8, 0x0,
    0x0, 0x0, 0x0, 0x7, 0xff, 0xe0, 0x0, 0x0,
    0x0, 0x0, 0x1f, 0xff, 0x80, 0x0, 0x0, 0x0,
    0x0, 0x7f, 0xfe, 0x0, 0x0, 0x0, 0x0, 0x1,
    0xff, 0xf8, 0x0, 0x0, 0x0, 0x0, 0x7, 0xff,
    0xe0, 0x0, 0x0, 0x0, 0x0, 0x1f, 0xff, 0x80,
    0x0, 0x0, 0x0, 0x0, 0xff, 0xfe, 0x0, 0x0,
    0x0, 0x0, 0x3, 0xff, 0xf8, 0x0, 0x0, 0x0,
    0x0, 0xf, 0xff, 0xe0, 0x0, 0x0, 0x0, 0x0,
    0x3f, 0xff, 0xff, 0xfc, 0x0, 0x0, 0x0, 0xff,
    0xff, 0xff, 0xff, 0x80, 0x0, 0x3, 0xff, 0xff,
    0xff, 0xff, 0xc0, 0x0, 0xf, 0xff, 0xff, 0xff,
    0xff, 0xc0, 0x0, 0x3f, 0xff, 0xff, 0xff, 0xff,
    0xc0, 0x0, 0xff, 0xff, 0xff, 0xff, 0xff, 0x80,
    0x3, 0xff, 0xff, 0xff, 0xff, 0xff, 0x0, 0xf,
    0xff, 0xff, 0xff, 0xff, 0xfe, 0x0, 0x7f, 0xff,
    0xff, 0xff, 0xff, 0xfc, 0x1, 0xff, 0xff, 0xff,
    0xff, 0xff, 0xf8, 0x7, 0xff, 0xff, 0xff, 0xff,
    0xff, 0xe0, 0x1f, 0xff, 0xff, 0xff, 0xff, 0xff,
    0xc0, 0x0, 0x0, 0x0, 0x7f, 0xff, 0xff, 0x0,
    0x0, 0x0, 0x0, 0x1f, 0xff, 0xfe, 0x0, 0x0,
    0x0, 0x0, 0x1f, 0xff, 0xf8, 0x0, 0x0, 0x0,
    0x0, 0x3f, 0xff, 0xe0, 0x0, 0x0, 0x0, 0x0,
    0x7f, 0xff, 0xc0, 0x0, 0x0, 0x0, 0x1, 0xff,
    0xff, 0x0, 0x0, 0x0, 0x0, 0x3, 0xff, 0xfc,
    0x0, 0x0, 0x0, 0x0, 0xf, 0xff, 0xf0, 0x0,
    0x0, 0x0, 0x0, 0x3f, 0xff, 0xc0, 0x0, 0x0,
    0x0, 0x0, 0xff, 0xff, 0x0, 0x0, 0x0, 0x0,
    0x3, 0xff, 0xfc, 0x0, 0x0, 0x0, 0x0, 0xf,
    0xff, 0xf0, 0x20, 0x0, 0x0, 0x0, 0x7f, 0xff,
    0xc1, 0xe0, 0x0, 0x0, 0x1, 0xff, 0xff, 0x7,
    0xe0, 0x0, 0x0, 0xf, 0xff, 0xf8, 0x3f, 0xe0,
    0x0, 0x0, 0x7f, 0xff, 0xe0, 0xff, 0xf0, 0x0,
    0x7, 0xff, 0xff, 0x87, 0xff, 0xfc, 0x0, 0xff,
    0xff, 0xfc, 0x1f, 0xff, 0xff, 0xff, 0xff, 0xff,
    0xf0, 0xff, 0xff, 0xff, 0xff, 0xff, 0xff, 0x83,
    0xff, 0xff, 0xff, 0xff, 0xff, 0xfe, 0x1f, 0xff,
    0xff, 0xff, 0xff, 0xff, 0xf0, 0x7f, 0xff, 0xff,
    0xff, 0xff, 0xff, 0x83, 0xff, 0xff, 0xff, 0xff,
    0xff, 0xfc, 0x7, 0xff, 0xff, 0xff, 0xff, 0xff,
    0xe0, 0x7, 0xff, 0xff, 0xff, 0xff, 0xff, 0x0,
    0x7, 0xff, 0xff, 0xff, 0xff, 0xf0, 0x0, 0x7,
    0xff, 0xff, 0xff, 0xff, 0x80, 0x0, 0x3, 0xff,
    0xff, 0xff, 0xf8, 0x0, 0x0, 0x1, 0xff, 0xff,
    0xff, 0x0, 0x0, 0x0, 0x0, 0x3f, 0xff, 0x80,
    0x0, 0x0,

    /* U+0036 "6" */
    0x0, 0x0, 0x0, 0xf, 0xff, 0x80, 0x0, 0x0,
    0x0, 0x3, 0xff, 0xff, 0xf0, 0x0, 0x0, 0x0,
    0x3f, 0xff, 0xff, 0xfc, 0x0, 0x0, 0x1, 0xff,
    0xff, 0xff, 0xfe, 0x0, 0x0, 0xf, 0xff, 0xff,
    0xff, 0xff, 0x0, 0x0, 0x7f, 0xff, 0xff, 0xff,
    0xfe, 0x0, 0x1, 0xff, 0xff, 0xff, 0xff, 0xfc,
    0x0, 0x7, 0xff, 0xff, 0xff, 0xff, 0xf0, 0x0,
    0x3f, 0xff, 0xff, 0xff, 0xff, 0xe0, 0x0, 0xff,
    0xff, 0xff, 0xff, 0xff, 0x80, 0x1, 0xff, 0xff,
    0xff, 0xff, 0xff, 0x0, 0x7, 0xff, 0xff, 0xff,
    0xff, 0xfc, 0x0, 0x1f, 0xff, 0xff, 0xff, 0xff,
    0xf8, 0x0, 0x7f, 0xff, 0xff, 0x0, 0x1f, 0xe0,
    0x0, 0xff, 0xff, 0xf0, 0x0, 0x7, 0xc0, 0x3,
    0xff, 0xff, 0x80, 0x0, 0x1, 0x0, 0xf, 0xff,
    0xfc, 0x0, 0x0, 0x0, 0x0, 0x1f, 0xff, 0xf0,
    0x0, 0x0, 0x0, 0x0, 0x7f, 0xff, 0xc0, 0x0,
    0x0, 0x0, 0x0, 0xff, 0xff, 0x0, 0x0, 0x0,
    0x0, 0x1, 0xff, 0xfc, 0x0, 0x0, 0x0, 0x0,
    0x7, 0xff, 0xf8, 0x0, 0x0, 0x0, 0x0, 0xf,
    0xff, 0xe0, 0x0, 0x0, 0x0, 0x0, 0x1f, 0xff,
    0xc0, 0x0, 0x0, 0x0, 0x0, 0x7f, 0xff, 0x0,
    0x0, 0x0, 0x0, 0x0, 0xff, 0xfe, 0x0, 0x0,
    0x0, 0x0, 0x1, 0xff, 0xfc, 0x0, 0xff, 0xe0,
    0x0, 0x3, 0xff, 0xf8, 0xf, 0xff, 0xfc, 0x0,
    0x7, 0xff, 0xe0, 0xff, 0xff, 0xfe, 0x0, 0x1f,
    0xff, 0xc3, 0xff, 0xff, 0xff, 0x0, 0x3f, 0xff,
    0x9f, 0xff, 0xff, 0xff, 0x80, 0x7f, 0xff, 0x7f,
    0xff, 0xff, 0xff, 0x80, 0xff, 0xff, 0xff, 0xff,
    0xff, 0xff, 0x81, 0xff, 0xff, 0xff, 0xff, 0xff,
    0xff, 0x83, 0xff, 0xff, 0xff, 0xff, 0xff, 0xff,
    0x87, 0xff, 0xff, 0xff, 0xff, 0xff, 0xff, 0xf,
    0xff, 0xff, 0xff, 0xff, 0xff, 0xff, 0x1f, 0xff,
    0xff, 0xff, 0xff, 0xff, 0xff, 0x3f, 0xff, 0xff,
    0xc0, 0x3f, 0xff, 0xfe, 0x7f, 0xff, 0xfe, 0x0,
    0xf, 0xff, 0xfe, 0xff, 0xff, 0xf0, 0x0, 0x7,
    0xff, 0xfd, 0xff, 0xff, 0xc0, 0x0, 0x7, 0xff,
    0xfb, 0xff, 0xff, 0x0, 0x0, 0xf, 0xff, 0xff,
    0xff, 0xfe, 0x0, 0x0, 0xf, 0xff, 0xf7, 0xff,
    0xf8, 0x0, 0x0, 0x1f, 0xff, 0xef, 0xff, 0xf0,
    0x0, 0x0, 0x1f, 0xff, 0xdf, 0xff, 0xe0, 0x0,
    0x0, 0x3f, 0xff, 0xbf, 0xff, 0xc0, 0x0, 0x0,
    0x7f, 0xff, 0x7f, 0xff, 0x80, 0x0, 0x0, 0xff,
    0xfe, 0x7f, 0xff, 0x0, 0x0, 0x1, 0xff, 0xfc,
    0xff, 0xfe, 0x0, 0x0, 0x3, 0xff, 0xf9, 0xff,
    0xfc, 0x0, 0x0, 0xf, 0xff, 0xf1, 0xff, 0xfc,
    0x0, 0x0, 0x1f, 0xff, 0xc3, 0xff, 0xf8, 0x0,
    0x0, 0x7f, 0xff, 0x87, 0xff, 0xf8, 0x0, 0x0,
    0xff, 0xff, 0x7, 0xff, 0xf8, 0x0, 0x3, 0xff,
    0xfe, 0xf, 0xff, 0xfc, 0x0, 0x1f, 0xff, 0xf8,
    0xf, 0xff, 0xfe, 0x0, 0xff, 0xff, 0xf0, 0xf,
    0xff, 0xff, 0xff, 0xff, 0xff, 0xc0, 0x1f, 0xff,
    0xff, 0xff, 0xff, 0xff, 0x80, 0x1f, 0xff, 0xff,
    0xff, 0xff, 0xfe, 0x0, 0x1f, 0xff, 0xff, 0xff,
    0xff, 0xf8, 0x0, 0x1f, 0xff, 0xff, 0xff, 0xff,
    0xe0, 0x0, 0x1f, 0xff, 0xff, 0xff, 0xff, 0x80,
    0x0, 0x1f, 0xff, 0xff, 0xff, 0xfe, 0x0, 0x0,
    0xf, 0xff, 0xff, 0xff, 0xf8, 0x0, 0x0, 0x7,
    0xff, 0xff, 0xff, 0xc0, 0x0, 0x0, 0x3, 0xff,
    0xff, 0xfe, 0x0, 0x0, 0x0, 0x1, 0xff, 0xff,
    0xe0, 0x0, 0x0, 0x0, 0x0, 0x3f, 0xfc, 0x0,
    0x0, 0x0,

    /* U+0037 "7" */
    0xff, 0xff, 0xff, 0xff, 0xff, 0xff, 0xff, 0xff,
    0xff, 0xff, 0xff, 0xff, 0xff, 0xff, 0xff, 0xff,
    0xff, 0xff, 0xff, 0xff, 0xff, 0xff, 0xff, 0xff,
    0xff, 0xff, 0xff, 0xff, 0xff, 0xff, 0xff, 0xff,
    0xff, 0xff, 0xff, 0xff, 0xff, 0xff, 0xff, 0xff,
    0xff, 0xff, 0xff, 0xff, 0xff, 0xff, 0xff, 0xff,
    0xff, 0xff, 0xff, 0xff, 0xff, 0xff, 0xff, 0xff,
    0xff, 0xff, 0xff, 0xff, 0xff, 0xff, 0xff, 0xff,
    0xff, 0xff, 0xff, 0xff, 0xff, 0xff, 0xff, 0xff,
    0xff, 0xff, 0xff, 0xff, 0xff, 0xff, 0xff, 0xff,
    0xff, 0xff, 0xff, 0xff, 0xff, 0xff, 0xff, 0xfb,
    0xff, 0xf0, 0x0, 0x0, 0x3f, 0xff, 0xef, 0xff,
    0xc0, 0x0, 0x0, 0xff, 0xff, 0x3f, 0xff, 0x0,
    0x0, 0x7, 0xff, 0xfc, 0xff, 0xfc, 0x0, 0x0,
    0x1f, 0xff, 0xe3, 0xff, 0xf0, 0x0, 0x0, 0xff,
    0xff, 0x8f, 0xff, 0xc0, 0x0, 0x3, 0xff, 0xfc,
    0x3f, 0xff, 0x0, 0x0, 0x1f, 0xff, 0xf0, 0xff,
    0xfc, 0x0, 0x0, 0x7f, 0xff, 0xc3, 0xff, 0xf0,
    0x0, 0x3, 0xff, 0xfe, 0xf, 0xff, 0xc0, 0x0,
    0xf, 0xff, 0xf8, 0x3f, 0xff, 0x0, 0x0, 0x3f,
    0xff, 0xc0, 0x0, 0x0, 0x0, 0x1, 0xff, 0xff,
    0x0, 0x0, 0x0, 0x0, 0x7, 0xff, 0xf8, 0x0,
    0x0, 0x0, 0x0, 0x3f, 0xff, 0xe0, 0x0, 0x0,
    0x0, 0x0, 0xff, 0xff, 0x80, 0x0, 0x0, 0x0,
    0x7, 0xff, 0xfc, 0x0, 0x0, 0x0, 0x0, 0x1f,
    0xff, 0xf0, 0x0, 0x0, 0x0, 0x0, 0x7f, 0xff,
    0x80, 0x0, 0x0, 0x0, 0x3, 0xff, 0xfe, 0x0,
    0x0, 0x0, 0x0, 0xf, 0xff, 0xf0, 0x0, 0x0,
    0x0, 0x0, 0x7f, 0xff, 0xc0, 0x0, 0x0, 0x0,
    0x1, 0xff, 0xff, 0x0, 0x0, 0x0, 0x0, 0xf,
    0xff, 0xf8, 0x0, 0x0, 0x0, 0x0, 0x3f, 0xff,
    0xe0, 0x0, 0x0, 0x0, 0x1, 0xff, 0xff, 0x0,
    0x0, 0x0, 0x0, 0x7, 0xff, 0xfc, 0x0, 0x0,
    0x0, 0x0, 0x1f, 0xff, 0xe0, 0x0, 0x0, 0x0,
    0x0, 0xff, 0xff, 0x80, 0x0, 0x0, 0x0, 0x3,
    0xff, 0xfe, 0x0, 0x0, 0x0, 0x0, 0x1f, 0xff,
    0xf0, 0x0, 0x0, 0x0, 0x0, 0x7f, 0xff, 0xc0,
    0x0, 0x0, 0x0, 0x3, 0xff, 0xfe, 0x0, 0x0,
    0x0, 0x0, 0xf, 0xff, 0xf8, 0x0, 0x0, 0x0,
    0x0, 0x3f, 0xff, 0xc0, 0x0, 0x0, 0x0, 0x1,
    0xff, 0xff, 0x0, 0x0, 0x0, 0x0, 0x7, 0xff,
    0xfc, 0x0, 0x0, 0x0, 0x0, 0x3f, 0xff, 0xe0,
    0x0, 0x0, 0x0, 0x0, 0xff, 0xff, 0x80, 0x0,
    0x0, 0x0, 0x7, 0xff, 0xfc, 0x0, 0x0, 0x0,
    0x0, 0x1f, 0xff, 0xf0, 0x0, 0x0, 0x0, 0x0,
    0xff, 0xff, 0x80, 0x0, 0x0, 0x0, 0x3, 0xff,
    0xfe, 0x0, 0x0, 0x0, 0x0, 0xf, 0xff, 0xf0,
    0x0, 0x0, 0x0, 0x0, 0x7f, 0xff, 0xc0, 0x0,
    0x0, 0x0, 0x1, 0xff, 0xff, 0x0, 0x0, 0x0,
    0x0, 0xf, 0xff, 0xf8, 0x0, 0x0, 0x0, 0x0,
    0x3f, 0xff, 0xe0, 0x0, 0x0, 0x0, 0x1, 0xff,
    0xff, 0x0, 0x0, 0x0, 0x0, 0x7, 0xff, 0xfc,
    0x0, 0x0, 0x0, 0x0, 0x1f, 0xff, 0xe0, 0x0,
    0x0, 0x0, 0x0, 0xff, 0xff, 0x80, 0x0, 0x0,
    0x0, 0x3, 0xff, 0xfe, 0x0, 0x0, 0x0, 0x0,
    0x1f, 0xff, 0xf0, 0x0, 0x0, 0x0, 0x0, 0x7f,
    0xff, 0xc0, 0x0, 0x0, 0x0, 0x3, 0xff, 0xfe,
    0x0, 0x0, 0x0,

    /* U+0038 "8" */
    0x0, 0x0, 0x3, 0xff, 0xe0, 0x0, 0x0, 0x0,
    0x0, 0x1f, 0xff, 0xff, 0x0, 0x0, 0x0, 0x0,
    0x7f, 0xff, 0xff, 0xf0, 0x0, 0x0, 0x0, 0xff,
    0xff, 0xff, 0xfe, 0x0, 0x0, 0x1, 0xff, 0xff,
    0xff, 0xff, 0xc0, 0x0, 0x1, 0xff, 0xff, 0xff,
    0xff, 0xf0, 0x0, 0x3, 0xff, 0xff, 0xff, 0xff,
    0xfe, 0x0, 0x3, 0xff, 0xff, 0xff, 0xff, 0xff,
    0x80, 0x1, 0xff, 0xff, 0xff, 0xff, 0xff, 0xc0,
    0x1, 0xff, 0xff, 0xff, 0xff, 0xff, 0xf0, 0x1,
    0xff, 0xff, 0xff, 0xff, 0xff, 0xfc, 0x0, 0xff,
    0xff, 0xff, 0xff, 0xff, 0xfe, 0x0, 0xff, 0xff,
    0xf0, 0xf, 0xff, 0xff, 0x80, 0x7f, 0xff, 0xe0,
    0x0, 0xff, 0xff, 0xc0, 0x3f, 0xff, 0xc0, 0x0,
    0x1f, 0xff, 0xe0, 0x3f, 0xff, 0xc0, 0x0, 0x7,
    0xff, 0xf8, 0x1f, 0xff, 0xe0, 0x0, 0x3, 0xff,
    0xfc, 0xf, 0xff, 0xe0, 0x0, 0x0, 0xff, 0xfe,
    0x7, 0xff, 0xf0, 0x0, 0x0, 0x7f, 0xff, 0x3,
    0xff, 0xf8, 0x0, 0x0, 0x3f, 0xff, 0x81, 0xff,
    0xfc, 0x0, 0x0, 0x1f, 0xff, 0xc0, 0xff, 0xfe,
    0x0, 0x0, 0xf, 0xff, 0xe0, 0x7f, 0xff, 0x0,
    0x0, 0x7, 0xff, 0xf0, 0x1f, 0xff, 0xc0, 0x0,
    0x7, 0xff, 0xf0, 0xf, 0xff, 0xf0, 0x0, 0x7,
    0xff, 0xf8, 0x7, 0xff, 0xf8, 0x0, 0x7, 0xff,
    0xfc, 0x1, 0xff, 0xff, 0x0, 0x7, 0xff, 0xfc,
    0x0, 0xff, 0xff, 0xf0, 0x1f, 0xff, 0xfe, 0x0,
    0x3f, 0xff, 0xff, 0xff, 0xff, 0xfe, 0x0, 0xf,
    0xff, 0xff, 0xff, 0xff, 0xfe, 0x0, 0x3, 0xff,
    0xff, 0xff, 0xff, 0xfe, 0x0, 0x0, 0xff, 0xff,
    0xff, 0xff, 0xfe, 0x0, 0x0, 0x3f, 0xff, 0xff,
    0xff, 0xfe, 0x0, 0x0, 0x3f, 0xff, 0xff, 0xff,
    0xff, 0x80, 0x0, 0x7f, 0xff, 0xff, 0xff, 0xff,
    0xf0, 0x0, 0x7f, 0xff, 0xff, 0xff, 0xff, 0xfc,
    0x0, 0x7f, 0xff, 0xff, 0xff, 0xff, 0xff, 0x0,
    0x7f, 0xff, 0xff, 0xff, 0xff, 0xff, 0xc0, 0x7f,
    0xff, 0xff, 0xff, 0xff, 0xff, 0xf0, 0x3f, 0xff,
    0xf8, 0x0, 0x7f, 0xff, 0xf8, 0x3f, 0xff, 0xf0,
    0x0, 0x7, 0xff, 0xfe, 0x3f, 0xff, 0xf0, 0x0,
    0x1, 0xff, 0xff, 0x9f, 0xff, 0xf0, 0x0, 0x0,
    0x7f, 0xff, 0xcf, 0xff, 0xf0, 0x0, 0x0, 0x1f,
    0xff, 0xef, 0xff, 0xf8, 0x0, 0x0, 0xf, 0xff,
    0xff, 0xff, 0xf8, 0x0, 0x0, 0x3, 0xff, 0xff,
    0xff, 0xfc, 0x0, 0x0, 0x1, 0xff, 0xff, 0xff,
    0xfe, 0x0, 0x0, 0x0, 0xff, 0xff, 0xff, 0xff,
    0x0, 0x0, 0x0, 0x7f, 0xff, 0xff, 0xff, 0x80,
    0x0, 0x0, 0x3f, 0xff, 0xff, 0xff, 0xc0, 0x0,
    0x0, 0x1f, 0xff, 0xff, 0xff, 0xf0, 0x0, 0x0,
    0x1f, 0xff, 0xff, 0xff, 0xf8, 0x0, 0x0, 0xf,
    0xff, 0xff, 0xff, 0xfe, 0x0, 0x0, 0xf, 0xff,
    0xf9, 0xff, 0xff, 0x0, 0x0, 0x7, 0xff, 0xfc,
    0xff, 0xff, 0xc0, 0x0, 0xf, 0xff, 0xfe, 0x7f,
    0xff, 0xf8, 0x0, 0xf, 0xff, 0xfe, 0x1f, 0xff,
    0xff, 0x80, 0x3f, 0xff, 0xff, 0xf, 0xff, 0xff,
    0xff, 0xff, 0xff, 0xff, 0x3, 0xff, 0xff, 0xff,
    0xff, 0xff, 0xff, 0x80, 0xff, 0xff, 0xff, 0xff,
    0xff, 0xff, 0x80, 0x3f, 0xff, 0xff, 0xff, 0xff,
    0xff, 0x80, 0xf, 0xff, 0xff, 0xff, 0xff, 0xff,
    0x80, 0x3, 0xff, 0xff, 0xff, 0xff, 0xff, 0x80,
    0x0, 0xff, 0xff, 0xff, 0xff, 0xff, 0x80, 0x0,
    0x1f, 0xff, 0xff, 0xff, 0xff, 0x0, 0x0, 0x7,
    0xff, 0xff, 0xff, 0xff, 0x0, 0x0, 0x0, 0x7f,
    0xff, 0xff, 0xfc, 0x0, 0x0, 0x0, 0x7, 0xff,
    0xff, 0xf0, 0x0, 0x0, 0x0, 0x0, 0x1f, 0xff,
    0x0, 0x0, 0x0,

    /* U+0039 "9" */
    0x0, 0x0, 0xf, 0xff, 0x0, 0x0, 0x0, 0x0,
    0x0, 0xff, 0xff, 0xf0, 0x0, 0x0, 0x0, 0x7,
    0xff, 0xff, 0xfe, 0x0, 0x0, 0x0, 0x1f, 0xff,
    0xff, 0xff, 0x80, 0x0, 0x0, 0x3f, 0xff, 0xff,
    0xff, 0xe0, 0x0, 0x0, 0xff, 0xff, 0xff, 0xff,
    0xf0, 0x0, 0x1, 0xff, 0xff, 0xff, 0xff, 0xfc,
    0x0, 0x3, 0xff, 0xff, 0xff, 0xff, 0xfe, 0x0,
    0x7, 0xff, 0xff, 0xff, 0xff, 0xff, 0x0, 0xf,
    0xff, 0xff, 0xff, 0xff, 0xff, 0x80, 0xf, 0xff,
    0xff, 0xff, 0xff, 0xff, 0x80, 0x1f, 0xff, 0xff,
    0xff, 0xff, 0xff, 0xc0, 0x3f, 0xff, 0xfc, 0x1,
    0xff, 0xff, 0xe0, 0x3f, 0xff, 0xf0, 0x0, 0x7f,
    0xff, 0xe0, 0x7f, 0xff, 0xc0, 0x0, 0x1f, 0xff,
    0xf0, 0x7f, 0xff, 0x80, 0x0, 0xf, 0xff, 0xf0,
    0x7f, 0xff, 0x80, 0x0, 0x7, 0xff, 0xf8, 0x7f,
    0xff, 0x0, 0x0, 0x7, 0xff, 0xf8, 0xff, 0xff,
    0x0, 0x0, 0x3, 0xff, 0xfc, 0xff, 0xfe, 0x0,
    0x0, 0x3, 0xff, 0xfc, 0xff, 0xfe, 0x0, 0x0,
    0x3, 0xff, 0xfc, 0xff, 0xfe, 0x0, 0x0, 0x3,
    0xff, 0xfe, 0xff, 0xfe, 0x0, 0x0, 0x3, 0xff,
    0xfe, 0xff, 0xfe, 0x0, 0x0, 0x3, 0xff, 0xfe,
    0xff, 0xfe, 0x0, 0x0, 0x3, 0xff, 0xfe, 0xff,
    0xff, 0x0, 0x0, 0x3, 0xff, 0xfe, 0xff, 0xff,
    0x0, 0x0, 0x7, 0xff, 0xff, 0xff, 0xff, 0x80,
    0x0, 0x7, 0xff, 0xff, 0x7f, 0xff, 0x80, 0x0,
    0xf, 0xff, 0xff, 0x7f, 0xff, 0xc0, 0x0, 0x1f,
    0xff, 0xff, 0x7f, 0xff, 0xf0, 0x0, 0x7f, 0xff,
    0xff, 0x3f, 0xff, 0xfe, 0x1, 0xff, 0xff, 0xff,
    0x3f, 0xff, 0xff, 0xff, 0xff, 0xff, 0xff, 0x1f,
    0xff, 0xff, 0xff, 0xff, 0xff, 0xff, 0x1f, 0xff,
    0xff, 0xff, 0xff, 0xff, 0xff, 0xf, 0xff, 0xff,
    0xff, 0xff, 0xff, 0xff, 0x7, 0xff, 0xff, 0xff,
    0xff, 0xff, 0xff, 0x3, 0xff, 0xff, 0xff, 0xff,
    0xff, 0xff, 0x1, 0xff, 0xff, 0xff, 0xfe, 0xff,
    0xff, 0x0, 0xff, 0xff, 0xff, 0xfc, 0xff, 0xff,
    0x0, 0x3f, 0xff, 0xff, 0xf8, 0xff, 0xff, 0x0,
    0xf, 0xff, 0xff, 0xe0, 0xff, 0xfe, 0x0, 0x3,
    0xff, 0xff, 0x81, 0xff, 0xfe, 0x0, 0x0, 0x3f,
    0xf8, 0x1, 0xff, 0xfe, 0x0, 0x0, 0x0, 0x0,
    0x1, 0xff, 0xfe, 0x0, 0x0, 0x0, 0x0, 0x1,
    0xff, 0xfe, 0x0, 0x0, 0x0, 0x0, 0x3, 0xff,
    0xfc, 0x0, 0x0, 0x0, 0x0, 0x3, 0xff, 0xfc,
    0x0, 0x0, 0x0, 0x0, 0x7, 0xff, 0xfc, 0x0,
    0x0, 0x0, 0x0, 0x7, 0xff, 0xf8, 0x0, 0x0,
    0x0, 0x0, 0xf, 0xff, 0xf8, 0x0, 0x0, 0x0,
    0x0, 0x1f, 0xff, 0xf0, 0x0, 0x0, 0x0, 0x0,
    0x3f, 0xff, 0xf0, 0x0, 0x0, 0x0, 0x0, 0x7f,
    0xff, 0xf0, 0x0, 0x80, 0x0, 0x1, 0xff, 0xff,
    0xe0, 0x1, 0xf0, 0x0, 0x7, 0xff, 0xff, 0xc0,
    0x1, 0xfe, 0x0, 0x3f, 0xff, 0xff, 0xc0, 0x3,
    0xff, 0xff, 0xff, 0xff, 0xff, 0x80, 0x3, 0xff,
    0xff, 0xff, 0xff, 0xff, 0x0, 0x7, 0xff, 0xff,
    0xff, 0xff, 0xfe, 0x0, 0x7, 0xff, 0xff, 0xff,
    0xff, 0xfc, 0x0, 0xf, 0xff, 0xff, 0xff, 0xff,
    0xf8, 0x0, 0xf, 0xff, 0xff, 0xff, 0xff, 0xf0,
    0x0, 0x1f, 0xff, 0xff, 0xff, 0xff, 0xe0, 0x0,
    0x1f, 0xff, 0xff, 0xff, 0xff, 0x80, 0x0, 0x1f,
    0xff, 0xff, 0xff, 0xff, 0x0, 0x0, 0x7, 0xff,
    0xff, 0xff, 0xfc, 0x0, 0x0, 0x1, 0xff, 0xff,
    0xff, 0xf0, 0x0, 0x0, 0x0, 0x3f, 0xff, 0xff,
    0x80, 0x0, 0x0, 0x0, 0x3, 0xff, 0xf0, 0x0,
    0x0, 0x0,

    /* U+003A ":" */
    0x3, 0xf8, 0x1, 0xff, 0xc0, 0x7f, 0xfc, 0x1f,
    0xff, 0xc7, 0xff, 0xfc, 0xff, 0xff, 0xbf, 0xff,
    0xff, 0xff, 0xff, 0xff, 0xff, 0xff, 0xff, 0xff,
    0xff, 0xff, 0xff, 0xff, 0xff, 0xff, 0xfe, 0xff,
    0xff, 0x9f, 0xff, 0xf1, 0xff, 0xfc, 0x1f, 0xff,
    0x1, 0xff, 0xc0, 0xf, 0xe0, 0x0, 0x0, 0x0,
    0x0, 0x0, 0x0, 0x0, 0x0, 0x0, 0x0, 0x0,
    0x0, 0x0, 0x0, 0x0, 0x0, 0x0, 0x0, 0x0,
    0x0, 0x0, 0x0, 0x0, 0x0, 0x0, 0x0, 0x0,
    0x0, 0x0, 0x0, 0x0, 0x0, 0x0, 0x0, 0x0,
    0x0, 0x0, 0x0, 0x1, 0xfc, 0x0, 0xff, 0xe0,
    0x3f, 0xfe, 0xf, 0xff, 0xe3, 0xff, 0xfe, 0x7f,
    0xff, 0xdf, 0xff, 0xff, 0xff, 0xff, 0xff, 0xff,
    0xff, 0xff, 0xff, 0xff, 0xff, 0xff, 0xff, 0xff,
    0xff, 0xff, 0x7f, 0xff, 0xcf, 0xff, 0xf8, 0xff,
    0xfe, 0xf, 0xff, 0x80, 0xff, 0xe0, 0x7, 0xf0,
    0x0,

    /* U+003B ";" */
    0x3, 0xf8, 0x1, 0xff, 0xc0, 0x7f, 0xfc, 0x1f,
    0xff, 0xc7, 0xff, 0xfc, 0xff, 0xff, 0xbf, 0xff,
    0xff, 0xff, 0xff, 0xff, 0xff, 0xff, 0xff, 0xff,
    0xff, 0xff, 0xff, 0xff, 0xff, 0xff, 0xfe, 0xff,
    0xff, 0x9f, 0xff, 0xf1, 0xff, 0xfc, 0x1f, 0xff,
    0x1, 0xff, 0xc0, 0xf, 0xe0, 0x0, 0x0, 0x0,
    0x0, 0x0, 0x0, 0x0, 0x0, 0x0, 0x0, 0x0,
    0x0, 0x0, 0x0, 0x0, 0x0, 0x0, 0x0, 0x0,
    0x0, 0x0, 0x0, 0x0, 0x0, 0x0, 0x0, 0x0,
    0x0, 0x0, 0x0, 0x0, 0x0, 0x0, 0x0, 0x0,
    0x0, 0x0, 0x0, 0x1, 0xfc, 0x0, 0xff, 0xe0,
    0x3f, 0xfe, 0xf, 0xff, 0xe3, 0xff, 0xfe, 0x7f,
    0xff, 0xdf, 0xff, 0xff, 0xff, 0xff, 0xff, 0xff,
    0xff, 0xff, 0xff, 0xff, 0xff, 0xff, 0xff, 0xfb,
    0xff, 0xff, 0x7f, 0xff, 0xc7, 0xff, 0xf8, 0x7f,
    0xff, 0x7, 0xff, 0xc0, 0x7f, 0xf8, 0xf, 0xfe,
    0x1, 0xff, 0xc0, 0x7f, 0xf8, 0xf, 0xfe, 0x1,
    0xff, 0xc0, 0x3f, 0xf0, 0xf, 0xfe, 0x1, 0xff,
    0xc0, 0x3f, 0xf0, 0xf, 0xfe, 0x1, 0xff, 0x80,
    0x3f, 0xf0, 0x7, 0xfe, 0x1, 0xff, 0x80, 0x3f,
    0xf0, 0x0,

    /* U+003C "<" */
    0x0, 0x0, 0x0, 0x0, 0x0, 0x4, 0x0, 0x0,
    0x0, 0x0, 0x0, 0xf0, 0x0, 0x0, 0x0, 0x0,
    0x1f, 0xc0, 0x0, 0x0, 0x0, 0x1, 0xff, 0x0,
    0x0, 0x0, 0x0, 0x3f, 0xfc, 0x0, 0x0, 0x0,
    0x3, 0xff, 0xf0, 0x0, 0x0, 0x0, 0x7f, 0xff,
    0xc0, 0x0, 0x0, 0xf, 0xff, 0xff, 0x0, 0x0,
    0x0, 0xff, 0xff, 0xfc, 0x0, 0x0, 0x1f, 0xff,
    0xff, 0xf0, 0x0, 0x1, 0xff, 0xff, 0xff, 0xc0,
    0x0, 0x3f, 0xff, 0xff, 0xff, 0x0, 0x3, 0xff,
    0xff, 0xff, 0xf8, 0x0, 0x7f, 0xff, 0xff, 0xff,
    0x0, 0xf, 0xff, 0xff, 0xff, 0xf0, 0x0, 0xff,
    0xff, 0xff, 0xfe, 0x0, 0x1f, 0xff, 0xff, 0xff,
    0xc0, 0x1, 0xff, 0xff, 0xff, 0xf8, 0x0, 0xf,
    0xff, 0xff, 0xff, 0x80, 0x0, 0x3f, 0xff, 0xff,
    0xf0, 0x0, 0x0, 0xff, 0xff, 0xfe, 0x0, 0x0,
    0x3, 0xff, 0xff, 0xe0, 0x0, 0x0, 0xf, 0xff,
    0xfc, 0x0, 0x0, 0x0, 0x3f, 0xff, 0x80, 0x0,
    0x0, 0x0, 0xff, 0xfe, 0x0, 0x0, 0x0, 0x3,
    0xff, 0xff, 0x0, 0x0, 0x0, 0xf, 0xff, 0xff,
    0x0, 0x0, 0x0, 0x3f, 0xff, 0xff, 0x80, 0x0,
    0x0, 0xff, 0xff, 0xff, 0xc0, 0x0, 0x3, 0xff,
    0xff, 0xff, 0xe0, 0x0, 0xf, 0xff, 0xff, 0xff,
    0xe0, 0x0, 0x7, 0xff, 0xff, 0xff, 0xf0, 0x0,
    0x3, 0xff, 0xff, 0xff, 0xf8, 0x0, 0x3, 0xff,
    0xff, 0xff, 0xf8, 0x0, 0x1, 0xff, 0xff, 0xff,
    0xfc, 0x0, 0x1, 0xff, 0xff, 0xff, 0xfe, 0x0,
    0x0, 0xff, 0xff, 0xff, 0xfc, 0x0, 0x0, 0xff,
    0xff, 0xff, 0xf0, 0x0, 0x0, 0x7f, 0xff, 0xff,
    0xc0, 0x0, 0x0, 0x3f, 0xff, 0xff, 0x0, 0x0,
    0x0, 0x3f, 0xff, 0xfc, 0x0, 0x0, 0x0, 0x1f,
    0xff, 0xf0, 0x0, 0x0, 0x0, 0x1f, 0xff, 0xc0,
    0x0, 0x0, 0x0, 0xf, 0xff, 0x0, 0x0, 0x0,
    0x0, 0x7, 0xfc, 0x0, 0x0, 0x0, 0x0, 0x7,
    0xf0, 0x0, 0x0, 0x0, 0x0, 0x3, 0xc0, 0x0,
    0x0, 0x0, 0x0, 0x3,

    /* U+003D "=" */
    0xff, 0xff, 0xff, 0xff, 0xff, 0xff, 0xff, 0xff,
    0xff, 0xff, 0xff, 0xff, 0xff, 0xff, 0xff, 0xff,
    0xff, 0xff, 0xff, 0xff, 0xff, 0xff, 0xff, 0xff,
    0xff, 0xff, 0xff, 0xff, 0xff, 0xff, 0xff, 0xff,
    0xff, 0xff, 0xff, 0xff, 0xff, 0xff, 0xff, 0xff,
    0xff, 0xff, 0xff, 0xff, 0xff, 0xff, 0xff, 0xff,
    0xff, 0xff, 0xff, 0xff, 0xff, 0xff, 0xff, 0xff,
    0xff, 0xff, 0xff, 0xff, 0xff, 0xff, 0xff, 0xff,
    0xff, 0xff, 0xff, 0xff, 0xff, 0x0, 0x0, 0x0,
    0x0, 0x0, 0x0, 0x0, 0x0, 0x0, 0x0, 0x0,
    0x0, 0x0, 0x0, 0x0, 0x0, 0x0, 0x0, 0x0,
    0x0, 0x0, 0x0, 0x0, 0x0, 0x0, 0x0, 0x0,
    0x0, 0x0, 0x0, 0x0, 0x0, 0x0, 0x0, 0x0,
    0x0, 0x0, 0x0, 0x0, 0x0, 0x0, 0x0, 0x0,
    0x0, 0x0, 0x0, 0x0, 0x0, 0x0, 0x0, 0x0,
    0x0, 0x0, 0x0, 0x0, 0x0, 0x0, 0x0, 0x0,
    0x0, 0x0, 0x0, 0x0, 0x0, 0x0, 0x0, 0x0,
    0x0, 0x0, 0xff, 0xff, 0xff, 0xff, 0xff, 0xff,
    0xff, 0xff, 0xff, 0xff, 0xff, 0xff, 0xff, 0xff,
    0xff, 0xff, 0xff, 0xff, 0xff, 0xff, 0xff, 0xff,
    0xff, 0xff, 0xff, 0xff, 0xff, 0xff, 0xff, 0xff,
    0xff, 0xff, 0xff, 0xff, 0xff, 0xff, 0xff, 0xff,
    0xff, 0xff, 0xff, 0xff, 0xff, 0xff, 0xff, 0xff,
    0xff, 0xff, 0xff, 0xff, 0xff, 0xff, 0xff, 0xff,
    0xff, 0xff, 0xff, 0xff, 0xff, 0xff, 0xff, 0xff,
    0xff, 0xff, 0xff, 0xff, 0xff, 0xff, 0xff,

    /* U+003E ">" */
    0x80, 0x0, 0x0, 0x0, 0x0, 0x3, 0xc0, 0x0,
    0x0, 0x0, 0x0, 0xf, 0xc0, 0x0, 0x0, 0x0,
    0x0, 0x3f, 0xe0, 0x0, 0x0, 0x0, 0x0, 0xff,
    0xe0, 0x0, 0x0, 0x0, 0x3, 0xff, 0xf0, 0x0,
    0x0, 0x0, 0xf, 0xff, 0xf0, 0x0, 0x0, 0x0,
    0x3f, 0xff, 0xf8, 0x0, 0x0, 0x0, 0xff, 0xff,
    0xfc, 0x0, 0x0, 0x3, 0xff, 0xff, 0xfc, 0x0,
    0x0, 0xf, 0xff, 0xff, 0xfe, 0x0, 0x0, 0x3f,
    0xff, 0xff, 0xfe, 0x0, 0x0, 0x7f, 0xff, 0xff,
    0xff, 0x0, 0x0, 0x7f, 0xff, 0xff, 0xff, 0x80,
    0x0, 0x3f, 0xff, 0xff, 0xff, 0x80, 0x0, 0x1f,
    0xff, 0xff, 0xff, 0xc0, 0x0, 0x1f, 0xff, 0xff,
    0xff, 0xc0, 0x0, 0xf, 0xff, 0xff, 0xff, 0xe0,
    0x0, 0x7, 0xff, 0xff, 0xff, 0xc0, 0x0, 0x3,
    0xff, 0xff, 0xff, 0x0, 0x0, 0x3, 0xff, 0xff,
    0xfc, 0x0, 0x0, 0x1, 0xff, 0xff, 0xf0, 0x0,
    0x0, 0x0, 0xff, 0xff, 0xc0, 0x0, 0x0, 0x0,
    0xff, 0xff, 0x0, 0x0, 0x0, 0x1, 0xff, 0xfc,
    0x0, 0x0, 0x0, 0x3f, 0xff, 0xf0, 0x0, 0x0,
    0x7, 0xff, 0xff, 0xc0, 0x0, 0x0, 0xff, 0xff,
    0xff, 0x0, 0x0, 0xf, 0xff, 0xff, 0xfc, 0x0,
    0x1, 0xff, 0xff, 0xff, 0xf0, 0x0, 0x3f, 0xff,
    0xff, 0xff, 0x80, 0x3, 0xff, 0xff, 0xff, 0xf8,
    0x0, 0x7f, 0xff, 0xff, 0xff, 0x0, 0xf, 0xff,
    0xff, 0xff, 0xe0, 0x1, 0xff, 0xff, 0xff, 0xfe,
    0x0, 0x1f, 0xff, 0xff, 0xff, 0xc0, 0x0, 0xff,
    0xff, 0xff, 0xfc, 0x0, 0x3, 0xff, 0xff, 0xff,
    0x80, 0x0, 0xf, 0xff, 0xff, 0xf0, 0x0, 0x0,
    0x3f, 0xff, 0xff, 0x0, 0x0, 0x0, 0xff, 0xff,
    0xe0, 0x0, 0x0, 0x3, 0xff, 0xfe, 0x0, 0x0,
    0x0, 0xf, 0xff, 0xc0, 0x0, 0x0, 0x0, 0x3f,
    0xf8, 0x0, 0x0, 0x0, 0x0, 0xff, 0x80, 0x0,
    0x0, 0x0, 0x3, 0xf0, 0x0, 0x0, 0x0, 0x0,
    0xf, 0x0, 0x0, 0x0, 0x0, 0x0, 0x20, 0x0,
    0x0, 0x0, 0x0, 0x0,

    /* U+003F "?" */
    0x0, 0x0, 0xf, 0xff, 0x80, 0x0, 0x0, 0x0,
    0x3f, 0xff, 0xff, 0x80, 0x0, 0x0, 0x3f, 0xff,
    0xff, 0xfc, 0x0, 0x0, 0x1f, 0xff, 0xff, 0xff,
    0xe0, 0x0, 0xf, 0xff, 0xff, 0xff, 0xff, 0x0,
    0x3, 0xff, 0xff, 0xff, 0xff, 0xf0, 0x1, 0xff,
    0xff, 0xff, 0xff, 0xff, 0x0, 0x7f, 0xff, 0xff,
    0xff, 0xff, 0xf0, 0x1f, 0xff, 0xff, 0xff, 0xff,
    0xff, 0x7, 0xff, 0xff, 0xff, 0xff, 0xff, 0xf1,
    0xff, 0xff, 0xff, 0xff, 0xff, 0xfe, 0x3f, 0xff,
    0xff, 0xff, 0xff, 0xff, 0xef, 0xff, 0xff, 0x80,
    0x3f, 0xff, 0xfc, 0x7f, 0xff, 0x80, 0x1, 0xff,
    0xff, 0x83, 0xff, 0xe0, 0x0, 0x1f, 0xff, 0xf8,
    0x3f, 0xf0, 0x0, 0x1, 0xff, 0xff, 0x1, 0xfc,
    0x0, 0x0, 0x1f, 0xff, 0xe0, 0x1f, 0x0, 0x0,
    0x1, 0xff, 0xfc, 0x0, 0xc0, 0x0, 0x0, 0x3f,
    0xff, 0x80, 0x0, 0x0, 0x0, 0x7, 0xff, 0xf0,
    0x0, 0x0, 0x0, 0x0, 0xff, 0xfe, 0x0, 0x0,
    0x0, 0x0, 0x1f, 0xff, 0xc0, 0x0, 0x0, 0x0,
    0x3, 0xff, 0xf8, 0x0, 0x0, 0x0, 0x0, 0xff,
    0xfe, 0x0, 0x0, 0x0, 0x0, 0x1f, 0xff, 0xc0,
    0x0, 0x0, 0x0, 0x7, 0xff, 0xf8, 0x0, 0x0,
    0x0, 0x1, 0xff, 0xfe, 0x0, 0x0, 0x0, 0x0,
    0x7f, 0xff, 0xc0, 0x0, 0x0, 0x0, 0x1f, 0xff,
    0xf0, 0x0, 0x0, 0x0, 0x7, 0xff, 0xfe, 0x0,
    0x0, 0x0, 0x1, 0xff, 0xff, 0x80, 0x0, 0x0,
    0x0, 0x7f, 0xff, 0xe0, 0x0, 0x0, 0x0, 0x1f,
    0xff, 0xf8, 0x0, 0x0, 0x0, 0x7, 0xff, 0xfe,
    0x0, 0x0, 0x0, 0x1, 0xff, 0xff, 0x80, 0x0,
    0x0, 0x0, 0x7f, 0xff, 0xe0, 0x0, 0x0, 0x0,
    0xf, 0xff, 0xf8, 0x0, 0x0, 0x0, 0x3, 0xff,
    0xfe, 0x0, 0x0, 0x0, 0x0, 0x7f, 0xff, 0x80,
    0x0, 0x0, 0x0, 0x1f, 0xff, 0xe0, 0x0, 0x0,
    0x0, 0x3, 0xff, 0xfc, 0x0, 0x0, 0x0, 0x0,
    0xff, 0xff, 0x0, 0x0, 0x0, 0x0, 0x1f, 0xff,
    0xe0, 0x0, 0x0, 0x0, 0x3, 0xff, 0xf8, 0x0,
    0x0, 0x0, 0x0, 0x7f, 0xff, 0x0, 0x0, 0x0,
    0x0, 0xf, 0xff, 0xe0, 0x0, 0x0, 0x0, 0x0,
    0x0, 0x0, 0x0, 0x0, 0x0, 0x0, 0x0, 0x0,
    0x0, 0x0, 0x0, 0x0, 0x0, 0x0, 0x0, 0x0,
    0x0, 0x0, 0x0, 0x0, 0x0, 0x0, 0x0, 0x0,
    0x0, 0x0, 0x0, 0x0, 0x0, 0x0, 0x0, 0x0,
    0x0, 0x0, 0x0, 0x0, 0x0, 0x0, 0x0, 0x0,
    0x0, 0x0, 0x0, 0x0, 0x0, 0xfc, 0x0, 0x0,
    0x0, 0x0, 0x0, 0x7f, 0xe0, 0x0, 0x0, 0x0,
    0x0, 0x3f, 0xff, 0x0, 0x0, 0x0, 0x0, 0x7,
    0xff, 0xe0, 0x0, 0x0, 0x0, 0x1, 0xff, 0xfe,
    0x0, 0x0, 0x0, 0x0, 0x7f, 0xff, 0xe0, 0x0,
    0x0, 0x0, 0xf, 0xff, 0xfc, 0x0, 0x0, 0x0,
    0x1, 0xff, 0xff, 0x80, 0x0, 0x0, 0x0, 0x3f,
    0xff, 0xf0, 0x0, 0x0, 0x0, 0x7, 0xff, 0xfe,
    0x0, 0x0, 0x0, 0x0, 0xff, 0xff, 0xc0, 0x0,
    0x0, 0x0, 0xf, 0xff, 0xf0, 0x0, 0x0, 0x0,
    0x1, 0xff, 0xfe, 0x0, 0x0, 0x0, 0x0, 0x1f,
    0xff, 0x80, 0x0, 0x0, 0x0, 0x1, 0xff, 0xe0,
    0x0, 0x0, 0x0, 0x0, 0x1f, 0xf8, 0x0, 0x0,
    0x0, 0x0, 0x0, 0xfc, 0x0, 0x0, 0x0,

    /* U+0040 "@" */
    0x0, 0x0, 0x0, 0x0, 0x1, 0xff, 0xfc, 0x0,
    0x0, 0x0, 0x0, 0x0, 0x0, 0x0, 0x0, 0x7,
    0xff, 0xff, 0xff, 0x0, 0x0, 0x0, 0x0, 0x0,
    0x0, 0x0, 0x3, 0xff, 0xff, 0xff, 0xfe, 0x0,
    0x0, 0x0, 0x0, 0x0, 0x0, 0x1, 0xff, 0xff,
    0xff, 0xff, 0xfc, 0x0, 0x0, 0x0, 0x0, 0x0,
    0x0, 0x7f, 0xff, 0xff, 0xff, 0xff, 0xf0, 0x0,
    0x0, 0x0, 0x0, 0x0, 0x1f, 0xff, 0xff, 0xff,
    0xff, 0xff, 0xc0, 0x0, 0x0, 0x0, 0x0, 0x7,
    0xff, 0xff, 0xff, 0xff, 0xff, 0xff, 0x0, 0x0,
    0x0, 0x0, 0x1, 0xff, 0xff, 0xff, 0xff, 0xff,
    0xff, 0xfc, 0x0, 0x0, 0x0, 0x0, 0x3f, 0xff,
    0xff, 0xff, 0xff, 0xff, 0xff, 0xe0, 0x0, 0x0,
    0x0, 0xf, 0xff, 0xff, 0xf0, 0x0, 0x7f, 0xff,
    0xff, 0x80, 0x0, 0x0, 0x1, 0xff, 0xff, 0xe0,
    0x0, 0x0, 0x3f, 0xff, 0xfc, 0x0, 0x0, 0x0,
    0x3f, 0xff, 0xf0, 0x0, 0x0, 0x0, 0x7f, 0xff,
    0xe0, 0x0, 0x0, 0x7, 0xff, 0xfc, 0x0, 0x0,
    0x0, 0x0, 0xff, 0xff, 0x0, 0x0, 0x0, 0xff,
    0xff, 0x0, 0x0, 0x0, 0x0, 0x3, 0xff, 0xf8,
    0x0, 0x0, 0x1f, 0xff, 0xc0, 0x0, 0x0, 0x0,
    0x0, 0x1f, 0xff, 0xc0, 0x0, 0x3, 0xff, 0xf8,
    0x0, 0x0, 0x0, 0x0, 0x0, 0x7f, 0xfe, 0x0,
    0x0, 0x7f, 0xff, 0x0, 0x0, 0x0, 0x0, 0x0,
    0x3, 0xff, 0xf0, 0x0, 0x7, 0xff, 0xc0, 0x0,
    0x0, 0x0, 0x0, 0x0, 0x1f, 0xff, 0x0, 0x0,
    0xff, 0xf8, 0x0, 0x0, 0x0, 0x0, 0x0, 0x0,
    0xff, 0xf8, 0x0, 0x1f, 0xff, 0x0, 0x0, 0x0,
    0x0, 0x0, 0x0, 0x7, 0xff, 0xc0, 0x3, 0xff,
    0xe0, 0x0, 0x0, 0x0, 0x0, 0x0, 0x0, 0x3f,
    0xfc, 0x0, 0x3f, 0xfe, 0x0, 0x0, 0x3f, 0xf0,
    0x0, 0x0, 0x1, 0xff, 0xe0, 0x7, 0xff, 0xc0,
    0x0, 0x1f, 0xff, 0xe0, 0x3f, 0xfe, 0xf, 0xfe,
    0x0, 0x7f, 0xf8, 0x0, 0x7, 0xff, 0xff, 0x83,
    0xff, 0xe0, 0x7f, 0xf0, 0xf, 0xff, 0x0, 0x1,
    0xff, 0xff, 0xfe, 0x3f, 0xfe, 0x7, 0xff, 0x0,
    0xff, 0xf0, 0x0, 0x3f, 0xff, 0xff, 0xf3, 0xff,
    0xe0, 0x3f, 0xf8, 0x1f, 0xfe, 0x0, 0xf, 0xff,
    0xff, 0xff, 0xbf, 0xfe, 0x3, 0xff, 0x81, 0xff,
    0xe0, 0x1, 0xff, 0xff, 0xff, 0xff, 0xff, 0xe0,
    0x1f, 0xfc, 0x1f, 0xfc, 0x0, 0x1f, 0xff, 0xff,
    0xff, 0xff, 0xfe, 0x1, 0xff, 0xc3, 0xff, 0xc0,
    0x3, 0xff, 0xff, 0xff, 0xff, 0xff, 0xe0, 0xf,
    0xfc, 0x3f, 0xf8, 0x0, 0x7f, 0xff, 0xff, 0xff,
    0xff, 0xfe, 0x0, 0xff, 0xe3, 0xff, 0x80, 0xf,
    0xff, 0xff, 0xff, 0xff, 0xff, 0xe0, 0xf, 0xfe,
    0x7f, 0xf8, 0x0, 0xff, 0xff, 0xc0, 0x3f, 0xff,
    0xfe, 0x0, 0x7f, 0xe7, 0xff, 0x0, 0x1f, 0xff,
    0xf0, 0x0, 0xff, 0xff, 0xe0, 0x7, 0xfe, 0x7f,
    0xf0, 0x1, 0xff, 0xfc, 0x0, 0x3, 0xff, 0xfe,
    0x0, 0x7f, 0xe7, 0xff, 0x0, 0x1f, 0xff, 0x80,
    0x0, 0x1f, 0xff, 0xe0, 0x7, 0xff, 0x7f, 0xf0,
    0x3, 0xff, 0xf0, 0x0, 0x0, 0xff, 0xfe, 0x0,
    0x3f, 0xff, 0xff, 0x0, 0x3f, 0xff, 0x0, 0x0,
    0xf, 0xff, 0xe0, 0x3, 0xff, 0xff, 0xe0, 0x3,
    0xff, 0xe0, 0x0, 0x0, 0x7f, 0xfe, 0x0, 0x3f,
    0xff, 0xfe, 0x0, 0x7f, 0xfe, 0x0, 0x0, 0x7,
    0xff, 0xe0, 0x3, 0xff, 0xff, 0xe0, 0x7, 0xff,
    0xe0, 0x0, 0x0, 0x7f, 0xfe, 0x0, 0x3f, 0xff,
    0xfe, 0x0, 0x7f, 0xfc, 0x0, 0x0, 0x3, 0xff,
    0xe0, 0x3, 0xff, 0xff, 0xe0, 0x7, 0xff, 0xc0,
    0x0, 0x0, 0x3f, 0xfe, 0x0, 0x3f, 0xff, 0xfe,
    0x0, 0x7f, 0xfc, 0x0, 0x0, 0x3, 0xff, 0xe0,
    0x3, 0xff, 0xff, 0xe0, 0x7, 0xff, 0xc0, 0x0,
    0x0, 0x3f, 0xfe, 0x0, 0x3f, 0xff, 0xfe, 0x0,
    0x7f, 0xfc, 0x0, 0x0, 0x3, 0xff, 0xe0, 0x3,
    0xff, 0xff, 0xe0, 0x7, 0xff, 0xc0, 0x0, 0x0,
    0x3f, 0xfe, 0x0, 0x3f, 0xff, 0xfe, 0x0, 0x7f,
    0xfc, 0x0, 0x0, 0x3, 0xff, 0xe0, 0x3, 0xff,
    0xff, 0xe0, 0x7, 0xff, 0xc0, 0x0, 0x0, 0x3f,
    0xfe, 0x0, 0x3f, 0xff, 0xfe, 0x0, 0x7f, 0xfe,
    0x0, 0x0, 0x7, 0xff, 0xe0, 0x3, 0xfe, 0xff,
    0xe0, 0x7, 0xff, 0xe0, 0x0, 0x0, 0x7f, 0xfe,
    0x0, 0x7f, 0xef, 0xff, 0x0, 0x3f, 0xfe, 0x0,
    0x0, 0x7, 0xff, 0xe0, 0x7, 0xfe, 0x7f, 0xf0,
    0x3, 0xff, 0xf0, 0x0, 0x0, 0xff, 0xfe, 0x0,
    0x7f, 0xe7, 0xff, 0x0, 0x3f, 0xff, 0x80, 0x0,
    0x1f, 0xff, 0xe0, 0x7, 0xfe, 0x7f, 0xf0, 0x1,
    0xff, 0xf8, 0x0, 0x1, 0xff, 0xfe, 0x0, 0xff,
    0xc7, 0xff, 0x0, 0x1f, 0xff, 0xe0, 0x0, 0x3f,
    0xff, 0xe0, 0xf, 0xfc, 0x7f, 0xf8, 0x1, 0xff,
    0xff, 0x0, 0xf, 0xff, 0xff, 0x1, 0xff, 0xc3,
    0xff, 0x80, 0xf, 0xff, 0xfc, 0x3, 0xff, 0xff,
    0xf0, 0x1f, 0xf8, 0x3f, 0xf8, 0x0, 0xff, 0xff,
    0xff, 0xff, 0xff, 0xff, 0x87, 0xff, 0x83, 0xff,
    0xc0, 0x7, 0xff, 0xff, 0xff, 0xff, 0xff, 0xff,
    0xff, 0xf0, 0x1f, 0xfc, 0x0, 0x3f, 0xff, 0xff,
    0xff, 0xff, 0xff, 0xff, 0xff, 0x1, 0xff, 0xe0,
    0x1, 0xff, 0xff, 0xff, 0xff, 0xff, 0xff, 0xff,
    0xe0, 0x1f, 0xfe, 0x0, 0xf, 0xff, 0xff, 0xff,
    0xcf, 0xff, 0xff, 0xfc, 0x0, 0xff, 0xf0, 0x0,
    0x7f, 0xff, 0xff, 0xf8, 0xff, 0xff, 0xff, 0x80,
    0xf, 0xff, 0x0, 0x3, 0xff, 0xff, 0xff, 0x7,
    0xff, 0xff, 0xf0, 0x0, 0x7f, 0xf8, 0x0, 0x1f,
    0xff, 0xff, 0xe0, 0x3f, 0xff, 0xfe, 0x0, 0x7,
    0xff, 0xc0, 0x0, 0x7f, 0xff, 0xfc, 0x1, 0xff,
    0xff, 0xc0, 0x0, 0x3f, 0xfc, 0x0, 0x1, 0xff,
    0xfe, 0x0, 0x7, 0xff, 0xf0, 0x0, 0x1, 0xff,
    0xe0, 0x0, 0x3, 0xff, 0x0, 0x0, 0xf, 0xf8,
    0x0, 0x0, 0x1f, 0xff, 0x0, 0x0, 0x0, 0x0,
    0x0, 0x0, 0x0, 0x0, 0x0, 0x0, 0xff, 0xf8,
    0x0, 0x0, 0x0, 0x0, 0x0, 0x0, 0x0, 0x0,
    0x0, 0x7, 0xff, 0xc0, 0x0, 0x0, 0x0, 0x0,
    0x0, 0x0, 0x0, 0x0, 0x0, 0x7f, 0xfe, 0x0,
    0x0, 0x0, 0x0, 0x0, 0x0, 0x0, 0x0, 0x0,
    0x3, 0xff, 0xf8, 0x0, 0x0, 0x0, 0x0, 0x0,
    0x0, 0x0, 0x0, 0x0, 0x1f, 0xff, 0xc0, 0x0,
    0x0, 0x0, 0x0, 0x0, 0x0, 0x0, 0x0, 0x0,
    0xff, 0xff, 0x0, 0x0, 0x0, 0x0, 0x0, 0x0,
    0x0, 0x0, 0x0, 0x7, 0xff, 0xfc, 0x0, 0x0,
    0x0, 0x1, 0xc0, 0x0, 0x0, 0x0, 0x0, 0x3f,
    0xff, 0xf0, 0x0, 0x0, 0x0, 0x7c, 0x0, 0x0,
    0x0, 0x0, 0x1, 0xff, 0xff, 0xe0, 0x0, 0x0,
    0x7f, 0xc0, 0x0, 0x0, 0x0, 0x0, 0xf, 0xff,
    0xff, 0xf0, 0x0, 0x7f, 0xfe, 0x0, 0x0, 0x0,
    0x0, 0x0, 0x3f, 0xff, 0xff, 0xff, 0xff, 0xff,
    0xe0, 0x0, 0x0, 0x0, 0x0, 0x1, 0xff, 0xff,
    0xff, 0xff, 0xff, 0xff, 0x0, 0x0, 0x0, 0x0,
    0x0, 0x7, 0xff, 0xff, 0xff, 0xff, 0xff, 0xf0,
    0x0, 0x0, 0x0, 0x0, 0x0, 0x1f, 0xff, 0xff,
    0xff, 0xff, 0xff, 0x0, 0x0, 0x0, 0x0, 0x0,
    0x0, 0x7f, 0xff, 0xff, 0xff, 0xff, 0xf8, 0x0,
    0x0, 0x0, 0x0, 0x0, 0x1, 0xff, 0xff, 0xff,
    0xff, 0xfc, 0x0, 0x0, 0x0, 0x0, 0x0, 0x0,
    0x3, 0xff, 0xff, 0xff, 0xfe, 0x0, 0x0, 0x0,
    0x0, 0x0, 0x0, 0x0, 0x7, 0xff, 0xff, 0xff,
    0x0, 0x0, 0x0, 0x0, 0x0, 0x0, 0x0, 0x0,
    0x1, 0xff, 0xfc, 0x0, 0x0, 0x0, 0x0, 0x0,

    /* U+0041 "A" */
    0x0, 0x0, 0x0, 0x3, 0xff, 0xf8, 0x0, 0x0,
    0x0, 0x0, 0x0, 0x0, 0x0, 0x3f, 0xff, 0xc0,
    0x0, 0x0, 0x0, 0x0, 0x0, 0x0, 0x7, 0xff,
    0xfc, 0x0, 0x0, 0x0, 0x0, 0x0, 0x0, 0x0,
    0x7f, 0xff, 0xe0, 0x0, 0x0, 0x0, 0x0, 0x0,
    0x0, 0xf, 0xff, 0xfe, 0x0, 0x0, 0x0, 0x0,
    0x0, 0x0, 0x0, 0xff, 0xff, 0xf0, 0x0, 0x0,
    0x0, 0x0, 0x0, 0x0, 0x1f, 0xff, 0xff, 0x0,
    0x0, 0x0, 0x0, 0x0, 0x0, 0x1, 0xff, 0xff,
    0xf8, 0x0, 0x0, 0x0, 0x0, 0x0, 0x0, 0x1f,
    0xff, 0xff, 0x80, 0x0, 0x0, 0x0, 0x0, 0x0,
    0x3, 0xff, 0xff, 0xf8, 0x0, 0x0, 0x0, 0x0,
    0x0, 0x0, 0x3f, 0xff, 0xff, 0xc0, 0x0, 0x0,
    0x0, 0x0, 0x0, 0x7, 0xff, 0xff, 0xfc, 0x0,
    0x0, 0x0, 0x0, 0x0, 0x0, 0x7f, 0xff, 0xff,
    0xe0, 0x0, 0x0, 0x0, 0x0, 0x0, 0xf, 0xff,
    0xff, 0xfe, 0x0, 0x0, 0x0, 0x0, 0x0, 0x0,
    0xff, 0xff, 0xff, 0xf0, 0x0, 0x0, 0x0, 0x0,
    0x0, 0x1f, 0xff, 0xff, 0xff, 0x0, 0x0, 0x0,
    0x0, 0x0, 0x1, 0xff, 0xfb, 0xff, 0xf8, 0x0,
    0x0, 0x0, 0x0, 0x0, 0x1f, 0xff, 0xbf, 0xff,
    0x80, 0x0, 0x0, 0x0, 0x0, 0x3, 0xff, 0xf9,
    0xff, 0xf8, 0x0, 0x0, 0x0, 0x0, 0x0, 0x3f,
    0xff, 0x1f, 0xff, 0xc0, 0x0, 0x0, 0x0, 0x0,
    0x7, 0xff, 0xf0, 0xff, 0xfc, 0x0, 0x0, 0x0,
    0x0, 0x0, 0x7f, 0xfe, 0xf, 0xff, 0xe0, 0x0,
    0x0, 0x0, 0x0, 0xf, 0xff, 0xe0, 0xff, 0xfe,
    0x0, 0x0, 0x0, 0x0, 0x0, 0xff, 0xfe, 0x7,
    0xff, 0xf0, 0x0, 0x0, 0x0, 0x0, 0xf, 0xff,
    0xc0, 0x7f, 0xff, 0x0, 0x0, 0x0, 0x0, 0x1,
    0xff, 0xfc, 0x3, 0xff, 0xf8, 0x0, 0x0, 0x0,
    0x0, 0x1f, 0xff, 0x80, 0x3f, 0xff, 0x80, 0x0,
    0x0, 0x0, 0x3, 0xff, 0xf8, 0x3, 0xff, 0xf8,
    0x0, 0x0, 0x0, 0x0, 0x3f, 0xff, 0x80, 0x1f,
    0xff, 0xc0, 0x0, 0x0, 0x0, 0x7, 0xff, 0xf0,
    0x1, 0xff, 0xfc, 0x0, 0x0, 0x0, 0x0, 0x7f,
    0xff, 0x0, 0xf, 0xff, 0xe0, 0x0, 0x0, 0x0,
    0xf, 0xff, 0xe0, 0x0, 0xff, 0xfe, 0x0, 0x0,
    0x0, 0x0, 0xff, 0xfe, 0x0, 0xf, 0xff, 0xf0,
    0x0, 0x0, 0x0, 0xf, 0xff, 0xc0, 0x0, 0x7f,
    0xff, 0x0, 0x0, 0x0, 0x1, 0xff, 0xfc, 0x0,
    0x7, 0xff, 0xf0, 0x0, 0x0, 0x0, 0x1f, 0xff,
    0xc0, 0x0, 0x3f, 0xff, 0x80, 0x0, 0x0, 0x3,
    0xff, 0xf8, 0x0, 0x3, 0xff, 0xf8, 0x0, 0x0,
    0x0, 0x3f, 0xff, 0x80, 0x0, 0x3f, 0xff, 0xc0,
    0x0, 0x0, 0x7, 0xff, 0xf0, 0x0, 0x1, 0xff,
    0xfc, 0x0, 0x0, 0x0, 0x7f, 0xff, 0x0, 0x0,
    0x1f, 0xff, 0xe0, 0x0, 0x0, 0xf, 0xff, 0xf0,
    0x0, 0x0, 0xff, 0xfe, 0x0, 0x0, 0x0, 0xff,
    0xfe, 0x0, 0x0, 0xf, 0xff, 0xf0, 0x0, 0x0,
    0xf, 0xff, 0xff, 0xff, 0xff, 0xff, 0xff, 0x0,
    0x0, 0x1, 0xff, 0xff, 0xff, 0xff, 0xff, 0xff,
    0xf0, 0x0, 0x0, 0x1f, 0xff, 0xff, 0xff, 0xff,
    0xff, 0xff, 0x80, 0x0, 0x3, 0xff, 0xff, 0xff,
    0xff, 0xff, 0xff, 0xf8, 0x0, 0x0, 0x3f, 0xff,
    0xff, 0xff, 0xff, 0xff, 0xff, 0xc0, 0x0, 0x7,
    0xff, 0xff, 0xff, 0xff, 0xff, 0xff, 0xfc, 0x0,
    0x0, 0x7f, 0xff, 0xff, 0xff, 0xff, 0xff, 0xff,
    0xe0, 0x0, 0xf, 0xff, 0xff, 0xff, 0xff, 0xff,
    0xff, 0xfe, 0x0, 0x0, 0xff, 0xff, 0xff, 0xff,
    0xff, 0xff, 0xff, 0xf0, 0x0, 0xf, 0xff, 0xff,
    0xff, 0xff, 0xff, 0xff, 0xff, 0x0, 0x1, 0xff,
    0xff, 0xff, 0xff, 0xff, 0xff, 0xff, 0xf0, 0x0,
    0x1f, 0xff, 0xff, 0xff, 0xff, 0xff, 0xff, 0xff,
    0x80, 0x3, 0xff, 0xfc, 0x0, 0x0, 0x0, 0x7,
    0xff, 0xf8, 0x0, 0x3f, 0xff, 0x80, 0x0, 0x0,
    0x0, 0x3f, 0xff, 0xc0, 0x7, 0xff, 0xf8, 0x0,
    0x0, 0x0, 0x3, 0xff, 0xfc, 0x0, 0x7f, 0xff,
    0x80, 0x0, 0x0, 0x0, 0x1f, 0xff, 0xe0, 0x7,
    0xff, 0xf0, 0x0, 0x0, 0x0, 0x1, 0xff, 0xfe,
    0x0, 0xff, 0xff, 0x0, 0x0, 0x0, 0x0, 0x1f,
    0xff, 0xf0, 0xf, 0xff, 0xe0, 0x0, 0x0, 0x0,
    0x0, 0xff, 0xff, 0x1, 0xff, 0xfe, 0x0, 0x0,
    0x0, 0x0, 0xf, 0xff, 0xf0, 0x1f, 0xff, 0xe0,
    0x0, 0x0, 0x0, 0x0, 0x7f, 0xff, 0x83, 0xff,
    0xfc, 0x0, 0x0, 0x0, 0x0, 0x7, 0xff, 0xf8,
    0x3f, 0xff, 0xc0, 0x0, 0x0, 0x0, 0x0, 0x3f,
    0xff, 0xc7, 0xff, 0xf8, 0x0, 0x0, 0x0, 0x0,
    0x3, 0xff, 0xfc, 0x7f, 0xff, 0x80, 0x0, 0x0,
    0x0, 0x0, 0x3f, 0xff, 0xe7, 0xff, 0xf8, 0x0,
    0x0, 0x0, 0x0, 0x1, 0xff, 0xfe, 0xff, 0xff,
    0x0, 0x0, 0x0, 0x0, 0x0, 0x1f, 0xff, 0xf0,

    /* U+0042 "B" */
    0xff, 0xff, 0xff, 0xff, 0xff, 0x0, 0x0, 0x7,
    0xff, 0xff, 0xff, 0xff, 0xff, 0xc0, 0x0, 0x3f,
    0xff, 0xff, 0xff, 0xff, 0xff, 0xc0, 0x1, 0xff,
    0xff, 0xff, 0xff, 0xff, 0xff, 0x80, 0xf, 0xff,
    0xff, 0xff, 0xff, 0xff, 0xfe, 0x0, 0x7f, 0xff,
    0xff, 0xff, 0xff, 0xff, 0xf8, 0x3, 0xff, 0xff,
    0xff, 0xff, 0xff, 0xff, 0xf0, 0x1f, 0xff, 0xff,
    0xff, 0xff, 0xff, 0xff, 0x80, 0xff, 0xff, 0xff,
    0xff, 0xff, 0xff, 0xfe, 0x7, 0xff, 0xff, 0xff,
    0xff, 0xff, 0xff, 0xf8, 0x3f, 0xff, 0xff, 0xff,
    0xff, 0xff, 0xff, 0xc1, 0xff, 0xff, 0xff, 0xff,
    0xff, 0xff, 0xff, 0xf, 0xff, 0xe0, 0x0, 0x0,
    0xff, 0xff, 0xf8, 0x7f, 0xff, 0x0, 0x0, 0x0,
    0xff, 0xff, 0xe3, 0xff, 0xf8, 0x0, 0x0, 0x1,
    0xff, 0xff, 0x1f, 0xff, 0xc0, 0x0, 0x0, 0x7,
    0xff, 0xf8, 0xff, 0xfe, 0x0, 0x0, 0x0, 0x3f,
    0xff, 0xc7, 0xff, 0xf0, 0x0, 0x0, 0x0, 0xff,
    0xfe, 0x3f, 0xff, 0x80, 0x0, 0x0, 0x7, 0xff,
    0xf1, 0xff, 0xfc, 0x0, 0x0, 0x0, 0x3f, 0xff,
    0x8f, 0xff, 0xe0, 0x0, 0x0, 0x1, 0xff, 0xfc,
    0x7f, 0xff, 0x0, 0x0, 0x0, 0xf, 0xff, 0xe3,
    0xff, 0xf8, 0x0, 0x0, 0x0, 0x7f, 0xfe, 0x1f,
    0xff, 0xc0, 0x0, 0x0, 0x7, 0xff, 0xf0, 0xff,
    0xfe, 0x0, 0x0, 0x0, 0x3f, 0xff, 0x87, 0xff,
    0xf0, 0x0, 0x0, 0x3, 0xff, 0xf8, 0x3f, 0xff,
    0x80, 0x0, 0x0, 0x7f, 0xff, 0xc1, 0xff, 0xfc,
    0x0, 0x0, 0x1f, 0xff, 0xfc, 0xf, 0xff, 0xff,
    0xff, 0xff, 0xff, 0xff, 0xc0, 0x7f, 0xff, 0xff,
    0xff, 0xff, 0xff, 0xfc, 0x3, 0xff, 0xff, 0xff,
    0xff, 0xff, 0xff, 0xc0, 0x1f, 0xff, 0xff, 0xff,
    0xff, 0xff, 0xfc, 0x0, 0xff, 0xff, 0xff, 0xff,
    0xff, 0xff, 0xc0, 0x7, 0xff, 0xff, 0xff, 0xff,
    0xff, 0xff, 0x80, 0x3f, 0xff, 0xff, 0xff, 0xff,
    0xff, 0xff, 0x1, 0xff, 0xff, 0xff, 0xff, 0xff,
    0xff, 0xfc, 0xf, 0xff, 0xff, 0xff, 0xff, 0xff,
    0xff, 0xf0, 0x7f, 0xff, 0xff, 0xff, 0xff, 0xff,
    0xff, 0xc3, 0xff, 0xff, 0xff, 0xff, 0xff, 0xff,
    0xff, 0x1f, 0xff, 0xff, 0xff, 0xff, 0xff, 0xff,
    0xf8, 0xff, 0xfe, 0x0, 0x0, 0x1, 0xff, 0xff,
    0xe7, 0xff, 0xf0, 0x0, 0x0, 0x1, 0xff, 0xff,
    0xbf, 0xff, 0x80, 0x0, 0x0, 0x7, 0xff, 0xfd,
    0xff, 0xfc, 0x0, 0x0, 0x0, 0xf, 0xff, 0xef,
    0xff, 0xe0, 0x0, 0x0, 0x0, 0x7f, 0xff, 0x7f,
    0xff, 0x0, 0x0, 0x0, 0x1, 0xff, 0xff, 0xff,
    0xf8, 0x0, 0x0, 0x0, 0xf, 0xff, 0xff, 0xff,
    0xc0, 0x0, 0x0, 0x0, 0x7f, 0xff, 0xff, 0xfe,
    0x0, 0x0, 0x0, 0x3, 0xff, 0xff, 0xff, 0xf0,
    0x0, 0x0, 0x0, 0x1f, 0xff, 0xff, 0xff, 0x80,
    0x0, 0x0, 0x0, 0xff, 0xff, 0xff, 0xfc, 0x0,
    0x0, 0x0, 0xf, 0xff, 0xff, 0xff, 0xe0, 0x0,
    0x0, 0x0, 0x7f, 0xff, 0xff, 0xff, 0x0, 0x0,
    0x0, 0x7, 0xff, 0xff, 0xff, 0xf8, 0x0, 0x0,
    0x0, 0xff, 0xff, 0xdf, 0xff, 0xc0, 0x0, 0x0,
    0x3f, 0xff, 0xfe, 0xff, 0xff, 0xff, 0xff, 0xff,
    0xff, 0xff, 0xf7, 0xff, 0xff, 0xff, 0xff, 0xff,
    0xff, 0xff, 0x3f, 0xff, 0xff, 0xff, 0xff, 0xff,
    0xff, 0xf9, 0xff, 0xff, 0xff, 0xff, 0xff, 0xff,
    0xff, 0x8f, 0xff, 0xff, 0xff, 0xff, 0xff, 0xff,
    0xf8, 0x7f, 0xff, 0xff, 0xff, 0xff, 0xff, 0xff,
    0x83, 0xff, 0xff, 0xff, 0xff, 0xff, 0xff, 0xf8,
    0x1f, 0xff, 0xff, 0xff, 0xff, 0xff, 0xff, 0x80,
    0xff, 0xff, 0xff, 0xff, 0xff, 0xff, 0xf0, 0x7,
    0xff, 0xff, 0xff, 0xff, 0xff, 0xfe, 0x0, 0x3f,
    0xff, 0xff, 0xff, 0xff, 0xff, 0x80, 0x1, 0xff,
    0xff, 0xff, 0xff, 0xff, 0x80, 0x0, 0x0,

    /* U+0043 "C" */
    0x0, 0x0, 0x0, 0x7, 0xff, 0xe0, 0x0, 0x0,
    0x0, 0x0, 0x0, 0xff, 0xff, 0xfc, 0x0, 0x0,
    0x0, 0x0, 0xf, 0xff, 0xff, 0xff, 0x0, 0x0,
    0x0, 0x0, 0x7f, 0xff, 0xff, 0xff, 0xc0, 0x0,
    0x0, 0x3, 0xff, 0xff, 0xff, 0xff, 0xe0, 0x0,
    0x0, 0x1f, 0xff, 0xff, 0xff, 0xff, 0xe0, 0x0,
    0x0, 0xff, 0xff, 0xff, 0xff, 0xff, 0xf0, 0x0,
    0x3, 0xff, 0xff, 0xff, 0xff, 0xff, 0xf0, 0x0,
    0xf, 0xff, 0xff, 0xff, 0xff, 0xff, 0xf0, 0x0,
    0x3f, 0xff, 0xff, 0xff, 0xff, 0xff, 0xf0, 0x0,
    0xff, 0xff, 0xff, 0xff, 0xff, 0xff, 0xf0, 0x3,
    0xff, 0xff, 0xff, 0xff, 0xff, 0xff, 0xf0, 0xf,
    0xff, 0xff, 0xff, 0xff, 0xff, 0xff, 0xe0, 0x3f,
    0xff, 0xff, 0xe0, 0xf, 0xff, 0xff, 0x0, 0xff,
    0xff, 0xfc, 0x0, 0x3, 0xff, 0xfc, 0x1, 0xff,
    0xff, 0xe0, 0x0, 0x0, 0xff, 0xf0, 0x7, 0xff,
    0xff, 0x0, 0x0, 0x0, 0xff, 0xc0, 0x1f, 0xff,
    0xfc, 0x0, 0x0, 0x0, 0x7f, 0x0, 0x3f, 0xff,
    0xf0, 0x0, 0x0, 0x0, 0x7c, 0x0, 0xff, 0xff,
    0xc0, 0x0, 0x0, 0x0, 0x70, 0x1, 0xff, 0xff,
    0x0, 0x0, 0x0, 0x0, 0x40, 0x7, 0xff, 0xfc,
    0x0, 0x0, 0x0, 0x0, 0x0, 0xf, 0xff, 0xf0,
    0x0, 0x0, 0x0, 0x0, 0x0, 0x1f, 0xff, 0xe0,
    0x0, 0x0, 0x0, 0x0, 0x0, 0x7f, 0xff, 0x80,
    0x0, 0x0, 0x0, 0x0, 0x0, 0xff, 0xff, 0x0,
    0x0, 0x0, 0x0, 0x0, 0x1, 0xff, 0xfc, 0x0,
    0x0, 0x0, 0x0, 0x0, 0x3, 0xff, 0xf8, 0x0,
    0x0, 0x0, 0x0, 0x0, 0xf, 0xff, 0xf0, 0x0,
    0x0, 0x0, 0x0, 0x0, 0x1f, 0xff, 0xe0, 0x0,
    0x0, 0x0, 0x0, 0x0, 0x3f, 0xff, 0x80, 0x0,
    0x0, 0x0, 0x0, 0x0, 0x7f, 0xff, 0x0, 0x0,
    0x0, 0x0, 0x0, 0x0, 0xff, 0xfe, 0x0, 0x0,
    0x0, 0x0, 0x0, 0x1, 0xff, 0xfc, 0x0, 0x0,
    0x0, 0x0, 0x0, 0x3, 0xff, 0xf8, 0x0, 0x0,
    0x0, 0x0, 0x0, 0x7, 0xff, 0xf0, 0x0, 0x0,
    0x0, 0x0, 0x0, 0xf, 0xff, 0xe0, 0x0, 0x0,
    0x0, 0x0, 0x0, 0x1f, 0xff, 0xc0, 0x0, 0x0,
    0x0, 0x0, 0x0, 0x3f, 0xff, 0x80, 0x0, 0x0,
    0x0, 0x0, 0x0, 0x7f, 0xff, 0x0, 0x0, 0x0,
    0x0, 0x0, 0x0, 0xff, 0xff, 0x0, 0x0, 0x0,
    0x0, 0x0, 0x0, 0xff, 0xfe, 0x0, 0x0, 0x0,
    0x0, 0x0, 0x1, 0xff, 0xfc, 0x0, 0x0, 0x0,
    0x0, 0x0, 0x3, 0xff, 0xf8, 0x0, 0x0, 0x0,
    0x0, 0x0, 0x7, 0xff, 0xf8, 0x0, 0x0, 0x0,
    0x0, 0x0, 0xf, 0xff, 0xf0, 0x0, 0x0, 0x0,
    0x0, 0x0, 0xf, 0xff, 0xf0, 0x0, 0x0, 0x0,
    0x0, 0x0, 0x1f, 0xff, 0xe0, 0x0, 0x0, 0x0,
    0x0, 0x0, 0x3f, 0xff, 0xe0, 0x0, 0x0, 0x0,
    0x0, 0x0, 0x3f, 0xff, 0xe0, 0x0, 0x0, 0x0,
    0x8, 0x0, 0x7f, 0xff, 0xe0, 0x0, 0x0, 0x0,
    0x38, 0x0, 0x7f, 0xff, 0xe0, 0x0, 0x0, 0x0,
    0xf8, 0x0, 0xff, 0xff, 0xe0, 0x0, 0x0, 0x3,
    0xf8, 0x0, 0xff, 0xff, 0xe0, 0x0, 0x0, 0x1f,
    0xf8, 0x0, 0xff, 0xff, 0xf0, 0x0, 0x0, 0x7f,
    0xf8, 0x1, 0xff, 0xff, 0xf8, 0x0, 0x3, 0xff,
    0xfc, 0x1, 0xff, 0xff, 0xfe, 0x0, 0x7f, 0xff,
    0xfc, 0x1, 0xff, 0xff, 0xff, 0xff, 0xff, 0xff,
    0xfc, 0x1, 0xff, 0xff, 0xff, 0xff, 0xff, 0xff,
    0xf8, 0x1, 0xff, 0xff, 0xff, 0xff, 0xff, 0xff,
    0xe0, 0x1, 0xff, 0xff, 0xff, 0xff, 0xff, 0xff,
    0x80, 0x1, 0xff, 0xff, 0xff, 0xff, 0xff, 0xfe,
    0x0, 0x1, 0xff, 0xff, 0xff, 0xff, 0xff, 0xf8,
    0x0, 0x1, 0xff, 0xff, 0xff, 0xff, 0xff, 0xe0,
    0x0, 0x0, 0xff, 0xff, 0xff, 0xff, 0xff, 0x0,
    0x0, 0x0, 0xff, 0xff, 0xff, 0xff, 0xfc, 0x0,
    0x0, 0x0, 0x7f, 0xff, 0xff, 0xff, 0xe0, 0x0,
    0x0, 0x0, 0x1f, 0xff, 0xff, 0xfe, 0x0, 0x0,
    0x0, 0x0, 0x7, 0xff, 0xff, 0xe0, 0x0, 0x0,
    0x0, 0x0, 0x0, 0x7f, 0xfc, 0x0, 0x0, 0x0,

    /* U+0044 "D" */
    0xff, 0xff, 0xff, 0xff, 0xf8, 0x0, 0x0, 0x0,
    0x1f, 0xff, 0xff, 0xff, 0xff, 0xf8, 0x0, 0x0,
    0x3, 0xff, 0xff, 0xff, 0xff, 0xff, 0xe0, 0x0,
    0x0, 0x7f, 0xff, 0xff, 0xff, 0xff, 0xff, 0x80,
    0x0, 0xf, 0xff, 0xff, 0xff, 0xff, 0xff, 0xfc,
    0x0, 0x1, 0xff, 0xff, 0xff, 0xff, 0xff, 0xff,
    0xe0, 0x0, 0x3f, 0xff, 0xff, 0xff, 0xff, 0xff,
    0xfe, 0x0, 0x7, 0xff, 0xff, 0xff, 0xff, 0xff,
    0xff, 0xf0, 0x0, 0xff, 0xff, 0xff, 0xff, 0xff,
    0xff, 0xff, 0x0, 0x1f, 0xff, 0xff, 0xff, 0xff,
    0xff, 0xff, 0xf0, 0x3, 0xff, 0xff, 0xff, 0xff,
    0xff, 0xff, 0xff, 0x0, 0x7f, 0xff, 0xff, 0xff,
    0xff, 0xff, 0xff, 0xf0, 0xf, 0xff, 0xff, 0xff,
    0xff, 0xff, 0xff, 0xff, 0x1, 0xff, 0xfc, 0x0,
    0x0, 0x3f, 0xff, 0xff, 0xf0, 0x3f, 0xff, 0x80,
    0x0, 0x0, 0x7f, 0xff, 0xfe, 0x7, 0xff, 0xf0,
    0x0, 0x0, 0x3, 0xff, 0xff, 0xe0, 0xff, 0xfe,
    0x0, 0x0, 0x0, 0x1f, 0xff, 0xfe, 0x1f, 0xff,
    0xc0, 0x0, 0x0, 0x1, 0xff, 0xff, 0xc3, 0xff,
    0xf8, 0x0, 0x0, 0x0, 0xf, 0xff, 0xfc, 0x7f,
    0xff, 0x0, 0x0, 0x0, 0x0, 0xff, 0xff, 0x8f,
    0xff, 0xe0, 0x0, 0x0, 0x0, 0xf, 0xff, 0xf9,
    0xff, 0xfc, 0x0, 0x0, 0x0, 0x1, 0xff, 0xff,
    0x3f, 0xff, 0x80, 0x0, 0x0, 0x0, 0x1f, 0xff,
    0xe7, 0xff, 0xf0, 0x0, 0x0, 0x0, 0x1, 0xff,
    0xfe, 0xff, 0xfe, 0x0, 0x0, 0x0, 0x0, 0x3f,
    0xff, 0xdf, 0xff, 0xc0, 0x0, 0x0, 0x0, 0x7,
    0xff, 0xfb, 0xff, 0xf8, 0x0, 0x0, 0x0, 0x0,
    0x7f, 0xff, 0x7f, 0xff, 0x0, 0x0, 0x0, 0x0,
    0xf, 0xff, 0xef, 0xff, 0xe0, 0x0, 0x0, 0x0,
    0x1, 0xff, 0xff, 0xff, 0xfc, 0x0, 0x0, 0x0,
    0x0, 0x1f, 0xff, 0xff, 0xff, 0x80, 0x0, 0x0,
    0x0, 0x3, 0xff, 0xff, 0xff, 0xf0, 0x0, 0x0,
    0x0, 0x0, 0x7f, 0xff, 0xff, 0xfe, 0x0, 0x0,
    0x0, 0x0, 0xf, 0xff, 0xff, 0xff, 0xc0, 0x0,
    0x0, 0x0, 0x1, 0xff, 0xff, 0xff, 0xf8, 0x0,
    0x0, 0x0, 0x0, 0x3f, 0xff, 0xff, 0xff, 0x0,
    0x0, 0x0, 0x0, 0x7, 0xff, 0xff, 0xff, 0xe0,
    0x0, 0x0, 0x0, 0x0, 0xff, 0xff, 0xff, 0xfc,
    0x0, 0x0, 0x0, 0x0, 0x1f, 0xff, 0xff, 0xff,
    0x80, 0x0, 0x0, 0x0, 0x3, 0xff, 0xff, 0xff,
    0xf0, 0x0, 0x0, 0x0, 0x0, 0xff, 0xff, 0xff,
    0xfe, 0x0, 0x0, 0x0, 0x0, 0x1f, 0xff, 0xdf,
    0xff, 0xc0, 0x0, 0x0, 0x0, 0x3, 0xff, 0xfb,
    0xff, 0xf8, 0x0, 0x0, 0x0, 0x0, 0xff, 0xff,
    0x7f, 0xff, 0x0, 0x0, 0x0, 0x0, 0x1f, 0xff,
    0xef, 0xff, 0xe0, 0x0, 0x0, 0x0, 0x3, 0xff,
    0xfd, 0xff, 0xfc, 0x0, 0x0, 0x0, 0x0, 0xff,
    0xff, 0x3f, 0xff, 0x80, 0x0, 0x0, 0x0, 0x3f,
    0xff, 0xe7, 0xff, 0xf0, 0x0, 0x0, 0x0, 0x7,
    0xff, 0xfc, 0xff, 0xfe, 0x0, 0x0, 0x0, 0x1,
    0xff, 0xff, 0x1f, 0xff, 0xc0, 0x0, 0x0, 0x0,
    0x7f, 0xff, 0xe3, 0xff, 0xf8, 0x0, 0x0, 0x0,
    0x3f, 0xff, 0xf8, 0x7f, 0xff, 0x0, 0x0, 0x0,
    0xf, 0xff, 0xff, 0xf, 0xff, 0xe0, 0x0, 0x0,
    0x7, 0xff, 0xff, 0xc1, 0xff, 0xfc, 0x0, 0x0,
    0x3, 0xff, 0xff, 0xf0, 0x3f, 0xff, 0x80, 0x0,
    0x7, 0xff, 0xff, 0xfe, 0x7, 0xff, 0xff, 0xff,
    0xff, 0xff, 0xff, 0xff, 0x80, 0xff, 0xff, 0xff,
    0xff, 0xff, 0xff, 0xff, 0xe0, 0x1f, 0xff, 0xff,
    0xff, 0xff, 0xff, 0xff, 0xf8, 0x3, 0xff, 0xff,
    0xff, 0xff, 0xff, 0xff, 0xfe, 0x0, 0x7f, 0xff,
    0xff, 0xff, 0xff, 0xff, 0xff, 0x80, 0xf, 0xff,
    0xff, 0xff, 0xff, 0xff, 0xff, 0xe0, 0x1, 0xff,
    0xff, 0xff, 0xff, 0xff, 0xff, 0xf0, 0x0, 0x3f,
    0xff, 0xff, 0xff, 0xff, 0xff, 0xfc, 0x0, 0x7,
    0xff, 0xff, 0xff, 0xff, 0xff, 0xfe, 0x0, 0x0,
    0xff, 0xff, 0xff, 0xff, 0xff, 0xff, 0x0, 0x0,
    0x1f, 0xff, 0xff, 0xff, 0xff, 0xff, 0x80, 0x0,
    0x3, 0xff, 0xff, 0xff, 0xff, 0xff, 0x0, 0x0,
    0x0, 0x7f, 0xff, 0xff, 0xff, 0xfc, 0x0, 0x0,
    0x0, 0x0,

    /* U+0045 "E" */
    0xff, 0xff, 0xff, 0xff, 0xff, 0xff, 0xef, 0xff,
    0xff, 0xff, 0xff, 0xff, 0xfe, 0xff, 0xff, 0xff,
    0xff, 0xff, 0xff, 0xef, 0xff, 0xff, 0xff, 0xff,
    0xff, 0xfe, 0xff, 0xff, 0xff, 0xff, 0xff, 0xff,
    0xef, 0xff, 0xff, 0xff, 0xff, 0xff, 0xfe, 0xff,
    0xff, 0xff, 0xff, 0xff, 0xff, 0xef, 0xff, 0xff,
    0xff, 0xff, 0xff, 0xfe, 0xff, 0xff, 0xff, 0xff,
    0xff, 0xff, 0xef, 0xff, 0xff, 0xff, 0xff, 0xff,
    0xfe, 0xff, 0xff, 0xff, 0xff, 0xff, 0xff, 0xef,
    0xff, 0xff, 0xff, 0xff, 0xff, 0xfe, 0xff, 0xfe,
    0x0, 0x0, 0x0, 0x0, 0xf, 0xff, 0xe0, 0x0,
    0x0, 0x0, 0x0, 0xff, 0xfe, 0x0, 0x0, 0x0,
    0x0, 0xf, 0xff, 0xe0, 0x0, 0x0, 0x0, 0x0,
    0xff, 0xfe, 0x0, 0x0, 0x0, 0x0, 0xf, 0xff,
    0xe0, 0x0, 0x0, 0x0, 0x0, 0xff, 0xfe, 0x0,
    0x0, 0x0, 0x0, 0xf, 0xff, 0xe0, 0x0, 0x0,
    0x0, 0x0, 0xff, 0xfe, 0x0, 0x0, 0x0, 0x0,
    0xf, 0xff, 0xe0, 0x0, 0x0, 0x0, 0x0, 0xff,
    0xfe, 0x0, 0x0, 0x0, 0x0, 0xf, 0xff, 0xe0,
    0x0, 0x0, 0x0, 0x0, 0xff, 0xfe, 0x0, 0x0,
    0x0, 0x0, 0xf, 0xff, 0xe0, 0x0, 0x0, 0x0,
    0x0, 0xff, 0xfe, 0x0, 0x0, 0x0, 0x0, 0xf,
    0xff, 0xe0, 0x0, 0x0, 0x0, 0x0, 0xff, 0xff,
    0xff, 0xff, 0xff, 0xfe, 0xf, 0xff, 0xff, 0xff,
    0xff, 0xff, 0xe0, 0xff, 0xff, 0xff, 0xff, 0xff,
    0xfe, 0xf, 0xff, 0xff, 0xff, 0xff, 0xff, 0xe0,
    0xff, 0xff, 0xff, 0xff, 0xff, 0xfe, 0xf, 0xff,
    0xff, 0xff, 0xff, 0xff, 0xe0, 0xff, 0xff, 0xff,
    0xff, 0xff, 0xfe, 0xf, 0xff, 0xff, 0xff, 0xff,
    0xff, 0xe0, 0xff, 0xff, 0xff, 0xff, 0xff, 0xfe,
    0xf, 0xff, 0xff, 0xff, 0xff, 0xff, 0xe0, 0xff,
    0xff, 0xff, 0xff, 0xff, 0xfe, 0xf, 0xff, 0xff,
    0xff, 0xff, 0xff, 0xe0, 0xff, 0xfe, 0x0, 0x0,
    0x0, 0x0, 0xf, 0xff, 0xe0, 0x0, 0x0, 0x0,
    0x0, 0xff, 0xfe, 0x0, 0x0, 0x0, 0x0, 0xf,
    0xff, 0xe0, 0x0, 0x0, 0x0, 0x0, 0xff, 0xfe,
    0x0, 0x0, 0x0, 0x0, 0xf, 0xff, 0xe0, 0x0,
    0x0, 0x0, 0x0, 0xff, 0xfe, 0x0, 0x0, 0x0,
    0x0, 0xf, 0xff, 0xe0, 0x0, 0x0, 0x0, 0x0,
    0xff, 0xfe, 0x0, 0x0, 0x0, 0x0, 0xf, 0xff,
    0xe0, 0x0, 0x0, 0x0, 0x0, 0xff, 0xfe, 0x0,
    0x0, 0x0, 0x0, 0xf, 0xff, 0xe0, 0x0, 0x0,
    0x0, 0x0, 0xff, 0xfe, 0x0, 0x0, 0x0, 0x0,
    0xf, 0xff, 0xe0, 0x0, 0x0, 0x0, 0x0, 0xff,
    0xfe, 0x0, 0x0, 0x0, 0x0, 0xf, 0xff, 0xe0,
    0x0, 0x0, 0x0, 0x0, 0xff, 0xff, 0xff, 0xff,
    0xff, 0xff, 0xff, 0xff, 0xff, 0xff, 0xff, 0xff,
    0xff, 0xff, 0xff, 0xff, 0xff, 0xff, 0xff, 0xff,
    0xff, 0xff, 0xff, 0xff, 0xff, 0xff, 0xff, 0xff,
    0xff, 0xff, 0xff, 0xff, 0xff, 0xff, 0xff, 0xff,
    0xff, 0xff, 0xff, 0xff, 0xff, 0xff, 0xff, 0xff,
    0xff, 0xff, 0xff, 0xff, 0xff, 0xff, 0xff, 0xff,
    0xff, 0xff, 0xff, 0xff, 0xff, 0xff, 0xff, 0xff,
    0xff, 0xff, 0xff, 0xff, 0xff, 0xff, 0xff, 0xff,
    0xff, 0xff, 0xff, 0xff, 0xff, 0xff, 0xff, 0xff,
    0xff, 0xff,

    /* U+0046 "F" */
    0xff, 0xff, 0xff, 0xff, 0xff, 0xff, 0xff, 0xff,
    0xff, 0xff, 0xff, 0xff, 0xff, 0xff, 0xff, 0xff,
    0xff, 0xff, 0xff, 0xff, 0xff, 0xff, 0xff, 0xff,
    0xff, 0xff, 0xff, 0xff, 0xff, 0xff, 0xff, 0xff,
    0xff, 0xff, 0xff, 0xff, 0xff, 0xff, 0xff, 0xff,
    0xff, 0xff, 0xff, 0xff, 0xff, 0xff, 0xff, 0xff,
    0xff, 0xff, 0xff, 0xff, 0xff, 0xff, 0xff, 0xff,
    0xff, 0xff, 0xff, 0xff, 0xff, 0xff, 0xff, 0xff,
    0xff, 0xff, 0xff, 0xff, 0xff, 0xff, 0xff, 0xff,
    0xff, 0xff, 0xff, 0xff, 0xff, 0xff, 0xe0, 0x0,
    0x0, 0x0, 0x1, 0xff, 0xfc, 0x0, 0x0, 0x0,
    0x0, 0x3f, 0xff, 0x80, 0x0, 0x0, 0x0, 0x7,
    0xff, 0xf0, 0x0, 0x0, 0x0, 0x0, 0xff, 0xfe,
    0x0, 0x0, 0x0, 0x0, 0x1f, 0xff, 0xc0, 0x0,
    0x0, 0x0, 0x3, 0xff, 0xf8, 0x0, 0x0, 0x0,
    0x0, 0x7f, 0xff, 0x0, 0x0, 0x0, 0x0, 0xf,
    0xff, 0xe0, 0x0, 0x0, 0x0, 0x1, 0xff, 0xfc,
    0x0, 0x0, 0x0, 0x0, 0x3f, 0xff, 0x80, 0x0,
    0x0, 0x0, 0x7, 0xff, 0xf0, 0x0, 0x0, 0x0,
    0x0, 0xff, 0xfe, 0x0, 0x0, 0x0, 0x0, 0x1f,
    0xff, 0xc0, 0x0, 0x0, 0x0, 0x3, 0xff, 0xf8,
    0x0, 0x0, 0x0, 0x0, 0x7f, 0xff, 0x0, 0x0,
    0x0, 0x0, 0xf, 0xff, 0xe0, 0x0, 0x0, 0x0,
    0x1, 0xff, 0xfc, 0x0, 0x0, 0x0, 0x0, 0x3f,
    0xff, 0x80, 0x0, 0x0, 0x0, 0x7, 0xff, 0xff,
    0xff, 0xff, 0xff, 0xf0, 0xff, 0xff, 0xff, 0xff,
    0xff, 0xfe, 0x1f, 0xff, 0xff, 0xff, 0xff, 0xff,
    0xc3, 0xff, 0xff, 0xff, 0xff, 0xff, 0xf8, 0x7f,
    0xff, 0xff, 0xff, 0xff, 0xff, 0xf, 0xff, 0xff,
    0xff, 0xff, 0xff, 0xe1, 0xff, 0xff, 0xff, 0xff,
    0xff, 0xfc, 0x3f, 0xff, 0xff, 0xff, 0xff, 0xff,
    0x87, 0xff, 0xff, 0xff, 0xff, 0xff, 0xf0, 0xff,
    0xff, 0xff, 0xff, 0xff, 0xfe, 0x1f, 0xff, 0xff,
    0xff, 0xff, 0xff, 0xc3, 0xff, 0xff, 0xff, 0xff,
    0xff, 0xf8, 0x7f, 0xff, 0x0, 0x0, 0x0, 0x0,
    0xf, 0xff, 0xe0, 0x0, 0x0, 0x0, 0x1, 0xff,
    0xfc, 0x0, 0x0, 0x0, 0x0, 0x3f, 0xff, 0x80,
    0x0, 0x0, 0x0, 0x7, 0xff, 0xf0, 0x0, 0x0,
    0x0, 0x0, 0xff, 0xfe, 0x0, 0x0, 0x0, 0x0,
    0x1f, 0xff, 0xc0, 0x0, 0x0, 0x0, 0x3, 0xff,
    0xf8, 0x0, 0x0, 0x0, 0x0, 0x7f, 0xff, 0x0,
    0x0, 0x0, 0x0, 0xf, 0xff, 0xe0, 0x0, 0x0,
    0x0, 0x1, 0xff, 0xfc, 0x0, 0x0, 0x0, 0x0,
    0x3f, 0xff, 0x80, 0x0, 0x0, 0x0, 0x7, 0xff,
    0xf0, 0x0, 0x0, 0x0, 0x0, 0xff, 0xfe, 0x0,
    0x0, 0x0, 0x0, 0x1f, 0xff, 0xc0, 0x0, 0x0,
    0x0, 0x3, 0xff, 0xf8, 0x0, 0x0, 0x0, 0x0,
    0x7f, 0xff, 0x0, 0x0, 0x0, 0x0, 0xf, 0xff,
    0xe0, 0x0, 0x0, 0x0, 0x1, 0xff, 0xfc, 0x0,
    0x0, 0x0, 0x0, 0x3f, 0xff, 0x80, 0x0, 0x0,
    0x0, 0x7, 0xff, 0xf0, 0x0, 0x0, 0x0, 0x0,
    0xff, 0xfe, 0x0, 0x0, 0x0, 0x0, 0x1f, 0xff,
    0xc0, 0x0, 0x0, 0x0, 0x3, 0xff, 0xf8, 0x0,
    0x0, 0x0, 0x0, 0x7f, 0xff, 0x0, 0x0, 0x0,
    0x0, 0x0,

    /* U+0047 "G" */
    0x0, 0x0, 0x0, 0x3, 0xff, 0xf0, 0x0, 0x0,
    0x0, 0x0, 0x0, 0x3f, 0xff, 0xff, 0xc0, 0x0,
    0x0, 0x0, 0x0, 0xff, 0xff, 0xff, 0xfc, 0x0,
    0x0, 0x0, 0x1, 0xff, 0xff, 0xff, 0xff, 0xc0,
    0x0, 0x0, 0x3, 0xff, 0xff, 0xff, 0xff, 0xf8,
    0x0, 0x0, 0x7, 0xff, 0xff, 0xff, 0xff, 0xfe,
    0x0, 0x0, 0x7, 0xff, 0xff, 0xff, 0xff, 0xff,
    0xc0, 0x0, 0xf, 0xff, 0xff, 0xff, 0xff, 0xff,
    0xf0, 0x0, 0xf, 0xff, 0xff, 0xff, 0xff, 0xff,
    0xfc, 0x0, 0xf, 0xff, 0xff, 0xff, 0xff, 0xff,
    0xff, 0x0, 0xf, 0xff, 0xff, 0xff, 0xff, 0xff,
    0xff, 0xc0, 0xf, 0xff, 0xff, 0xff, 0xff, 0xff,
    0xff, 0xf0, 0xf, 0xff, 0xff, 0xff, 0xff, 0xff,
    0xff, 0xf0, 0xf, 0xff, 0xff, 0xf8, 0x0, 0xff,
    0xff, 0xf0, 0xf, 0xff, 0xff, 0xe0, 0x0, 0xf,
    0xff, 0xf0, 0x7, 0xff, 0xff, 0x80, 0x0, 0x1,
    0xff, 0xf0, 0x7, 0xff, 0xff, 0x80, 0x0, 0x0,
    0x3f, 0xf0, 0x7, 0xff, 0xff, 0x0, 0x0, 0x0,
    0x7, 0xf0, 0x3, 0xff, 0xff, 0x0, 0x0, 0x0,
    0x1, 0xf0, 0x3, 0xff, 0xff, 0x0, 0x0, 0x0,
    0x0, 0x70, 0x1, 0xff, 0xff, 0x0, 0x0, 0x0,
    0x0, 0x10, 0x0, 0xff, 0xff, 0x0, 0x0, 0x0,
    0x0, 0x0, 0x0, 0xff, 0xff, 0x0, 0x0, 0x0,
    0x0, 0x0, 0x0, 0x7f, 0xff, 0x80, 0x0, 0x0,
    0x0, 0x0, 0x0, 0x7f, 0xff, 0x80, 0x0, 0x0,
    0x0, 0x0, 0x0, 0x3f, 0xff, 0xc0, 0x0, 0x0,
    0x0, 0x0, 0x0, 0x1f, 0xff, 0xc0, 0x0, 0x0,
    0x0, 0x0, 0x0, 0xf, 0xff, 0xe0, 0x0, 0x0,
    0x0, 0x0, 0x0, 0xf, 0xff, 0xf0, 0x0, 0x0,
    0x0, 0x0, 0x0, 0x7, 0xff, 0xf8, 0x0, 0x0,
    0x0, 0x0, 0x0, 0x3, 0xff, 0xf8, 0x0, 0x0,
    0x0, 0x0, 0x0, 0x1, 0xff, 0xfc, 0x0, 0x0,
    0x0, 0x0, 0x0, 0x0, 0xff, 0xfe, 0x0, 0x0,
    0x0, 0x0, 0x0, 0x0, 0x7f, 0xff, 0x0, 0x0,
    0x0, 0x0, 0x0, 0x0, 0x3f, 0xff, 0x80, 0x0,
    0x0, 0x0, 0xf, 0xff, 0xdf, 0xff, 0xc0, 0x0,
    0x0, 0x0, 0x7, 0xff, 0xef, 0xff, 0xe0, 0x0,
    0x0, 0x0, 0x3, 0xff, 0xf7, 0xff, 0xf0, 0x0,
    0x0, 0x0, 0x1, 0xff, 0xfb, 0xff, 0xf8, 0x0,
    0x0, 0x0, 0x0, 0xff, 0xfd, 0xff, 0xfc, 0x0,
    0x0, 0x0, 0x0, 0x7f, 0xfe, 0xff, 0xff, 0x0,
    0x0, 0x0, 0x0, 0x3f, 0xff, 0x3f, 0xff, 0x80,
    0x0, 0x0, 0x0, 0x1f, 0xff, 0x9f, 0xff, 0xc0,
    0x0, 0x0, 0x0, 0xf, 0xff, 0xcf, 0xff, 0xe0,
    0x0, 0x0, 0x0, 0x7, 0xff, 0xe7, 0xff, 0xf8,
    0x0, 0x0, 0x0, 0x3, 0xff, 0xf3, 0xff, 0xfc,
    0x0, 0x0, 0x0, 0x1, 0xff, 0xf8, 0xff, 0xff,
    0x0, 0x0, 0x0, 0x0, 0xff, 0xfc, 0x7f, 0xff,
    0xc0, 0x0, 0x0, 0x0, 0x7f, 0xfe, 0x1f, 0xff,
    0xe0, 0x0, 0x0, 0x0, 0x3f, 0xff, 0xf, 0xff,
    0xf8, 0x0, 0x0, 0x0, 0x1f, 0xff, 0x87, 0xff,
    0xfe, 0x0, 0x0, 0x0, 0xf, 0xff, 0xc1, 0xff,
    0xff, 0x80, 0x0, 0x0, 0x7, 0xff, 0xe0, 0xff,
    0xff, 0xe0, 0x0, 0x0, 0x3, 0xff, 0xf0, 0x3f,
    0xff, 0xfc, 0x0, 0x0, 0x1, 0xff, 0xf8, 0xf,
    0xff, 0xff, 0x0, 0x0, 0x1, 0xff, 0xfc, 0x7,
    0xff, 0xff, 0xf0, 0x0, 0x3, 0xff, 0xfe, 0x1,
    0xff, 0xff, 0xff, 0x0, 0x1f, 0xff, 0xff, 0x0,
    0x7f, 0xff, 0xff, 0xff, 0xff, 0xff, 0xff, 0x80,
    0x1f, 0xff, 0xff, 0xff, 0xff, 0xff, 0xff, 0xc0,
    0x7, 0xff, 0xff, 0xff, 0xff, 0xff, 0xff, 0xe0,
    0x1, 0xff, 0xff, 0xff, 0xff, 0xff, 0xff, 0xf0,
    0x0, 0x7f, 0xff, 0xff, 0xff, 0xff, 0xff, 0xf8,
    0x0, 0x1f, 0xff, 0xff, 0xff, 0xff, 0xff, 0xf8,
    0x0, 0x3, 0xff, 0xff, 0xff, 0xff, 0xff, 0xf0,
    0x0, 0x0, 0xff, 0xff, 0xff, 0xff, 0xff, 0xe0,
    0x0, 0x0, 0x1f, 0xff, 0xff, 0xff, 0xff, 0xc0,
    0x0, 0x0, 0x3, 0xff, 0xff, 0xff, 0xff, 0x80,
    0x0, 0x0, 0x0, 0x7f, 0xff, 0xff, 0xfe, 0x0,
    0x0, 0x0, 0x0, 0x7, 0xff, 0xff, 0xf8, 0x0,
    0x0, 0x0, 0x0, 0x0, 0x1f, 0xff, 0x80, 0x0,
    0x0,

    /* U+0048 "H" */
    0xff, 0xfe, 0x0, 0x0, 0x0, 0x3, 0xff, 0xff,
    0xff, 0xf0, 0x0, 0x0, 0x0, 0x1f, 0xff, 0xff,
    0xff, 0x80, 0x0, 0x0, 0x0, 0xff, 0xff, 0xff,
    0xfc, 0x0, 0x0, 0x0, 0x7, 0xff, 0xff, 0xff,
    0xe0, 0x0, 0x0, 0x0, 0x3f, 0xff, 0xff, 0xff,
    0x0, 0x0, 0x0, 0x1, 0xff, 0xff, 0xff, 0xf8,
    0x0, 0x0, 0x0, 0xf, 0xff, 0xff, 0xff, 0xc0,
    0x0, 0x0, 0x0, 0x7f, 0xff, 0xff, 0xfe, 0x0,
    0x0, 0x0, 0x3, 0xff, 0xff, 0xff, 0xf0, 0x0,
    0x0, 0x0, 0x1f, 0xff, 0xff, 0xff, 0x80, 0x0,
    0x0, 0x0, 0xff, 0xff, 0xff, 0xfc, 0x0, 0x0,
    0x0, 0x7, 0xff, 0xff, 0xff, 0xe0, 0x0, 0x0,
    0x0, 0x3f, 0xff, 0xff, 0xff, 0x0, 0x0, 0x0,
    0x1, 0xff, 0xff, 0xff, 0xf8, 0x0, 0x0, 0x0,
    0xf, 0xff, 0xff, 0xff, 0xc0, 0x0, 0x0, 0x0,
    0x7f, 0xff, 0xff, 0xfe, 0x0, 0x0, 0x0, 0x3,
    0xff, 0xff, 0xff, 0xf0, 0x0, 0x0, 0x0, 0x1f,
    0xff, 0xff, 0xff, 0x80, 0x0, 0x0, 0x0, 0xff,
    0xff, 0xff, 0xfc, 0x0, 0x0, 0x0, 0x7, 0xff,
    0xff, 0xff, 0xe0, 0x0, 0x0, 0x0, 0x3f, 0xff,
    0xff, 0xff, 0x0, 0x0, 0x0, 0x1, 0xff, 0xff,
    0xff, 0xf8, 0x0, 0x0, 0x0, 0xf, 0xff, 0xff,
    0xff, 0xc0, 0x0, 0x0, 0x0, 0x7f, 0xff, 0xff,
    0xfe, 0x0, 0x0, 0x0, 0x3, 0xff, 0xff, 0xff,
    0xf0, 0x0, 0x0, 0x0, 0x1f, 0xff, 0xff, 0xff,
    0x80, 0x0, 0x0, 0x0, 0xff, 0xff, 0xff, 0xff,
    0xff, 0xff, 0xff, 0xff, 0xff, 0xff, 0xff, 0xff,
    0xff, 0xff, 0xff, 0xff, 0xff, 0xff, 0xff, 0xff,
    0xff, 0xff, 0xff, 0xff, 0xff, 0xff, 0xff, 0xff,
    0xff, 0xff, 0xff, 0xff, 0xff, 0xff, 0xff, 0xff,
    0xff, 0xff, 0xff, 0xff, 0xff, 0xff, 0xff, 0xff,
    0xff, 0xff, 0xff, 0xff, 0xff, 0xff, 0xff, 0xff,
    0xff, 0xff, 0xff, 0xff, 0xff, 0xff, 0xff, 0xff,
    0xff, 0xff, 0xff, 0xff, 0xff, 0xff, 0xff, 0xff,
    0xff, 0xff, 0xff, 0xff, 0xff, 0xff, 0xff, 0xff,
    0xff, 0xff, 0xff, 0xff, 0xff, 0xff, 0xff, 0xff,
    0xff, 0xff, 0xff, 0xff, 0xff, 0xff, 0xff, 0xff,
    0xff, 0xff, 0xff, 0xff, 0xff, 0xff, 0xff, 0xff,
    0xff, 0xff, 0xfe, 0x0, 0x0, 0x0, 0x3, 0xff,
    0xff, 0xff, 0xf0, 0x0, 0x0, 0x0, 0x1f, 0xff,
    0xff, 0xff, 0x80, 0x0, 0x0, 0x0, 0xff, 0xff,
    0xff, 0xfc, 0x0, 0x0, 0x0, 0x7, 0xff, 0xff,
    0xff, 0xe0, 0x0, 0x0, 0x0, 0x3f, 0xff, 0xff,
    0xff, 0x0, 0x0, 0x0, 0x1, 0xff, 0xff, 0xff,
    0xf8, 0x0, 0x0, 0x0, 0xf, 0xff, 0xff, 0xff,
    0xc0, 0x0, 0x0, 0x0, 0x7f, 0xff, 0xff, 0xfe,
    0x0, 0x0, 0x0, 0x3, 0xff, 0xff, 0xff, 0xf0,
    0x0, 0x0, 0x0, 0x1f, 0xff, 0xff, 0xff, 0x80,
    0x0, 0x0, 0x0, 0xff, 0xff, 0xff, 0xfc, 0x0,
    0x0, 0x0, 0x7, 0xff, 0xff, 0xff, 0xe0, 0x0,
    0x0, 0x0, 0x3f, 0xff, 0xff, 0xff, 0x0, 0x0,
    0x0, 0x1, 0xff, 0xff, 0xff, 0xf8, 0x0, 0x0,
    0x0, 0xf, 0xff, 0xff, 0xff, 0xc0, 0x0, 0x0,
    0x0, 0x7f, 0xff, 0xff, 0xfe, 0x0, 0x0, 0x0,
    0x3, 0xff, 0xff, 0xff, 0xf0, 0x0, 0x0, 0x0,
    0x1f, 0xff, 0xff, 0xff, 0x80, 0x0, 0x0, 0x0,
    0xff, 0xff, 0xff, 0xfc, 0x0, 0x0, 0x0, 0x7,
    0xff, 0xff, 0xff, 0xe0, 0x0, 0x0, 0x0, 0x3f,
    0xff, 0xff, 0xff, 0x0, 0x0, 0x0, 0x1, 0xff,
    0xff, 0xff, 0xf8, 0x0, 0x0, 0x0, 0xf, 0xff,
    0xff, 0xff, 0xc0, 0x0, 0x0, 0x0, 0x7f, 0xff,
    0xff, 0xfe, 0x0, 0x0, 0x0, 0x3, 0xff, 0xff,
    0xff, 0xf0, 0x0, 0x0, 0x0, 0x1f, 0xff, 0xff,
    0xff, 0x80, 0x0, 0x0, 0x0, 0xff, 0xff, 0xff,
    0xfc, 0x0, 0x0, 0x0, 0x7, 0xff, 0xf0,

    /* U+0049 "I" */
    0xff, 0xff, 0xff, 0xff, 0xff, 0xff, 0xff, 0xff,
    0xff, 0xff, 0xff, 0xff, 0xff, 0xff, 0xff, 0xff,
    0xff, 0xff, 0xff, 0xff, 0xff, 0xff, 0xff, 0xff,
    0xff, 0xff, 0xff, 0xff, 0xff, 0xff, 0xff, 0xff,
    0xff, 0xff, 0xff, 0xff, 0xff, 0xff, 0xff, 0xff,
    0xff, 0xff, 0xff, 0xff, 0xff, 0xff, 0xff, 0xff,
    0xff, 0xff, 0xff, 0xff, 0xff, 0xff, 0xff, 0xff,
    0xff, 0xff, 0xff, 0xff, 0xff, 0xff, 0xff, 0xff,
    0xff, 0xff, 0xff, 0xff, 0xff, 0xff, 0xff, 0xff,
    0xff, 0xff, 0xff, 0xff, 0xff, 0xff, 0xff, 0xff,
    0xff, 0xff, 0xff, 0xff, 0xff, 0xff, 0xff, 0xff,
    0xff, 0xff, 0xff, 0xff, 0xff, 0xff, 0xff, 0xff,
    0xff, 0xff, 0xff, 0xff, 0xff, 0xff, 0xff, 0xff,
    0xff, 0xff, 0xff, 0xff, 0xff, 0xff, 0xff, 0xff,
    0xff, 0xff, 0xff, 0xff, 0xff, 0xff, 0xff, 0xff,
    0xff, 0xff, 0xff, 0xff, 0xff, 0xff, 0xff, 0xf0,

    /* U+004A "J" */
    0x1, 0xff, 0xff, 0xff, 0xff, 0xfc, 0x7, 0xff,
    0xff, 0xff, 0xff, 0xf0, 0x1f, 0xff, 0xff, 0xff,
    0xff, 0xc0, 0x7f, 0xff, 0xff, 0xff, 0xff, 0x1,
    0xff, 0xff, 0xff, 0xff, 0xfc, 0x7, 0xff, 0xff,
    0xff, 0xff, 0xf0, 0x1f, 0xff, 0xff, 0xff, 0xff,
    0xc0, 0x7f, 0xff, 0xff, 0xff, 0xff, 0x1, 0xff,
    0xff, 0xff, 0xff, 0xfc, 0x7, 0xff, 0xff, 0xff,
    0xff, 0xf0, 0x1f, 0xff, 0xff, 0xff, 0xff, 0xc0,
    0x7f, 0xff, 0xff, 0xff, 0xff, 0x0, 0x0, 0x0,
    0x1, 0xff, 0xfc, 0x0, 0x0, 0x0, 0x7, 0xff,
    0xf0, 0x0, 0x0, 0x0, 0x1f, 0xff, 0xc0, 0x0,
    0x0, 0x0, 0x7f, 0xff, 0x0, 0x0, 0x0, 0x1,
    0xff, 0xfc, 0x0, 0x0, 0x0, 0x7, 0xff, 0xf0,
    0x0, 0x0, 0x0, 0x1f, 0xff, 0xc0, 0x0, 0x0,
    0x0, 0x7f, 0xff, 0x0, 0x0, 0x0, 0x1, 0xff,
    0xfc, 0x0, 0x0, 0x0, 0x7, 0xff, 0xf0, 0x0,
    0x0, 0x0, 0x1f, 0xff, 0xc0, 0x0, 0x0, 0x0,
    0x7f, 0xff, 0x0, 0x0, 0x0, 0x1, 0xff, 0xfc,
    0x0, 0x0, 0x0, 0x7, 0xff, 0xf0, 0x0, 0x0,
    0x0, 0x1f, 0xff, 0xc0, 0x0, 0x0, 0x0, 0x7f,
    0xff, 0x0, 0x0, 0x0, 0x1, 0xff, 0xfc, 0x0,
    0x0, 0x0, 0x7, 0xff, 0xf0, 0x0, 0x0, 0x0,
    0x1f, 0xff, 0xc0, 0x0, 0x0, 0x0, 0x7f, 0xff,
    0x0, 0x0, 0x0, 0x1, 0xff, 0xfc, 0x0, 0x0,
    0x0, 0x7, 0xff, 0xf0, 0x0, 0x0, 0x0, 0x1f,
    0xff, 0xc0, 0x0, 0x0, 0x0, 0x7f, 0xff, 0x0,
    0x0, 0x0, 0x1, 0xff, 0xfc, 0x0, 0x0, 0x0,
    0x7, 0xff, 0xf0, 0x0, 0x0, 0x0, 0x1f, 0xff,
    0xc0, 0x0, 0x0, 0x0, 0x7f, 0xff, 0x0, 0x0,
    0x0, 0x1, 0xff, 0xfc, 0x0, 0x0, 0x0, 0x7,
    0xff, 0xf0, 0x0, 0x0, 0x0, 0x1f, 0xff, 0xc0,
    0x0, 0x0, 0x0, 0x7f, 0xff, 0x0, 0x0, 0x0,
    0x1, 0xff, 0xfc, 0x0, 0x0, 0x0, 0x7, 0xff,
    0xf0, 0x0, 0x0, 0x0, 0x1f, 0xff, 0xc0, 0x0,
    0x0, 0x0, 0x7f, 0xff, 0x0, 0x0, 0x0, 0x1,
    0xff, 0xfc, 0x3, 0x0, 0x0, 0xf, 0xff, 0xf0,
    0x1e, 0x0, 0x0, 0x3f, 0xff, 0xc0, 0x7c, 0x0,
    0x0, 0xff, 0xfe, 0x3, 0xf8, 0x0, 0x7, 0xff,
    0xf8, 0x1f, 0xf0, 0x0, 0x3f, 0xff, 0xe0, 0xff,
    0xf0, 0x1, 0xff, 0xff, 0x87, 0xff, 0xf0, 0x1f,
    0xff, 0xfc, 0x1f, 0xff, 0xff, 0xff, 0xff, 0xf0,
    0xff, 0xff, 0xff, 0xff, 0xff, 0x87, 0xff, 0xff,
    0xff, 0xff, 0xfe, 0x1f, 0xff, 0xff, 0xff, 0xff,
    0xf0, 0x3f, 0xff, 0xff, 0xff, 0xff, 0xc0, 0x7f,
    0xff, 0xff, 0xff, 0xfe, 0x0, 0xff, 0xff, 0xff,
    0xff, 0xf0, 0x1, 0xff, 0xff, 0xff, 0xff, 0x80,
    0x3, 0xff, 0xff, 0xff, 0xfc, 0x0, 0x3, 0xff,
    0xff, 0xff, 0xe0, 0x0, 0x3, 0xff, 0xff, 0xfe,
    0x0, 0x0, 0x3, 0xff, 0xff, 0xc0, 0x0, 0x0,
    0x0, 0x7f, 0xf8, 0x0, 0x0,

    /* U+004B "K" */
    0xff, 0xfe, 0x0, 0x0, 0x0, 0xf, 0xff, 0xfc,
    0xff, 0xfe, 0x0, 0x0, 0x0, 0x1f, 0xff, 0xf8,
    0xff, 0xfe, 0x0, 0x0, 0x0, 0x3f, 0xff, 0xf0,
    0xff, 0xfe, 0x0, 0x0, 0x0, 0x3f, 0xff, 0xe0,
    0xff, 0xfe, 0x0, 0x0, 0x0, 0x7f, 0xff, 0xc0,
    0xff, 0xfe, 0x0, 0x0, 0x0, 0xff, 0xff, 0x80,
    0xff, 0xfe, 0x0, 0x0, 0x1, 0xff, 0xff, 0x0,
    0xff, 0xfe, 0x0, 0x0, 0x3, 0xff, 0xfe, 0x0,
    0xff, 0xfe, 0x0, 0x0, 0x7, 0xff, 0xfc, 0x0,
    0xff, 0xfe, 0x0, 0x0, 0xf, 0xff, 0xf8, 0x0,
    0xff, 0xfe, 0x0, 0x0, 0x1f, 0xff, 0xf0, 0x0,
    0xff, 0xfe, 0x0, 0x0, 0x3f, 0xff, 0xe0, 0x0,
    0xff, 0xfe, 0x0, 0x0, 0x7f, 0xff, 0xc0, 0x0,
    0xff, 0xfe, 0x0, 0x0, 0xff, 0xff, 0xc0, 0x0,
    0xff, 0xfe, 0x0, 0x1, 0xff, 0xff, 0x80, 0x0,
    0xff, 0xfe, 0x0, 0x3, 0xff, 0xff, 0x0, 0x0,
    0xff, 0xfe, 0x0, 0x7, 0xff, 0xfe, 0x0, 0x0,
    0xff, 0xfe, 0x0, 0x7, 0xff, 0xfc, 0x0, 0x0,
    0xff, 0xfe, 0x0, 0xf, 0xff, 0xf8, 0x0, 0x0,
    0xff, 0xfe, 0x0, 0x1f, 0xff, 0xf0, 0x0, 0x0,
    0xff, 0xfe, 0x0, 0x3f, 0xff, 0xe0, 0x0, 0x0,
    0xff, 0xfe, 0x0, 0x7f, 0xff, 0xc0, 0x0, 0x0,
    0xff, 0xfe, 0x0, 0xff, 0xff, 0x80, 0x0, 0x0,
    0xff, 0xfe, 0x1, 0xff, 0xff, 0x0, 0x0, 0x0,
    0xff, 0xfe, 0x3, 0xff, 0xfe, 0x0, 0x0, 0x0,
    0xff, 0xfe, 0x7, 0xff, 0xfc, 0x0, 0x0, 0x0,
    0xff, 0xfe, 0xf, 0xff, 0xfc, 0x0, 0x0, 0x0,
    0xff, 0xfe, 0x1f, 0xff, 0xf8, 0x0, 0x0, 0x0,
    0xff, 0xfe, 0x3f, 0xff, 0xf0, 0x0, 0x0, 0x0,
    0xff, 0xfe, 0x7f, 0xff, 0xe0, 0x0, 0x0, 0x0,
    0xff, 0xfe, 0x7f, 0xff, 0xc0, 0x0, 0x0, 0x0,
    0xff, 0xfe, 0xff, 0xff, 0xe0, 0x0, 0x0, 0x0,
    0xff, 0xff, 0xff, 0xff, 0xf0, 0x0, 0x0, 0x0,
    0xff, 0xff, 0xff, 0xff, 0xf8, 0x0, 0x0, 0x0,
    0xff, 0xff, 0xff, 0xff, 0xfc, 0x0, 0x0, 0x0,
    0xff, 0xff, 0xff, 0xff, 0xfc, 0x0, 0x0, 0x0,
    0xff, 0xff, 0xff, 0xff, 0xfe, 0x0, 0x0, 0x0,
    0xff, 0xff, 0xff, 0xff, 0xff, 0x0, 0x0, 0x0,
    0xff, 0xff, 0xff, 0xff, 0xff, 0x80, 0x0, 0x0,
    0xff, 0xff, 0xff, 0xff, 0xff, 0x80, 0x0, 0x0,
    0xff, 0xff, 0xff, 0xff, 0xff, 0xc0, 0x0, 0x0,
    0xff, 0xff, 0xff, 0xff, 0xff, 0xe0, 0x0, 0x0,
    0xff, 0xff, 0xfe, 0x7f, 0xff, 0xf0, 0x0, 0x0,
    0xff, 0xff, 0xfc, 0x3f, 0xff, 0xf8, 0x0, 0x0,
    0xff, 0xff, 0xf8, 0x1f, 0xff, 0xf8, 0x0, 0x0,
    0xff, 0xff, 0xf0, 0x1f, 0xff, 0xfc, 0x0, 0x0,
    0xff, 0xff, 0xe0, 0xf, 0xff, 0xfe, 0x0, 0x0,
    0xff, 0xff, 0xc0, 0x7, 0xff, 0xff, 0x0, 0x0,
    0xff, 0xff, 0x80, 0x3, 0xff, 0xff, 0x0, 0x0,
    0xff, 0xff, 0x0, 0x1, 0xff, 0xff, 0x80, 0x0,
    0xff, 0xfe, 0x0, 0x1, 0xff, 0xff, 0xc0, 0x0,
    0xff, 0xfe, 0x0, 0x0, 0xff, 0xff, 0xe0, 0x0,
    0xff, 0xfe, 0x0, 0x0, 0x7f, 0xff, 0xf0, 0x0,
    0xff, 0xfe, 0x0, 0x0, 0x3f, 0xff, 0xf0, 0x0,
    0xff, 0xfe, 0x0, 0x0, 0x1f, 0xff, 0xf8, 0x0,
    0xff, 0xfe, 0x0, 0x0, 0x1f, 0xff, 0xfc, 0x0,
    0xff, 0xfe, 0x0, 0x0, 0xf, 0xff, 0xfe, 0x0,
    0xff, 0xfe, 0x0, 0x0, 0x7, 0xff, 0xfe, 0x0,
    0xff, 0xfe, 0x0, 0x0, 0x3, 0xff, 0xff, 0x0,
    0xff, 0xfe, 0x0, 0x0, 0x1, 0xff, 0xff, 0x80,
    0xff, 0xfe, 0x0, 0x0, 0x1, 0xff, 0xff, 0xc0,
    0xff, 0xfe, 0x0, 0x0, 0x0, 0xff, 0xff, 0xe0,
    0xff, 0xfe, 0x0, 0x0, 0x0, 0x7f, 0xff, 0xe0,
    0xff, 0xfe, 0x0, 0x0, 0x0, 0x3f, 0xff, 0xf0,
    0xff, 0xfe, 0x0, 0x0, 0x0, 0x1f, 0xff, 0xf8,
    0xff, 0xfe, 0x0, 0x0, 0x0, 0x1f, 0xff, 0xfc,
    0xff, 0xfe, 0x0, 0x0, 0x0, 0xf, 0xff, 0xfe,
    0xff, 0xfe, 0x0, 0x0, 0x0, 0x7, 0xff, 0xfe,

    /* U+004C "L" */
    0xff, 0xfe, 0x0, 0x0, 0x0, 0x0, 0x3f, 0xff,
    0x80, 0x0, 0x0, 0x0, 0xf, 0xff, 0xe0, 0x0,
    0x0, 0x0, 0x3, 0xff, 0xf8, 0x0, 0x0, 0x0,
    0x0, 0xff, 0xfe, 0x0, 0x0, 0x0, 0x0, 0x3f,
    0xff, 0x80, 0x0, 0x0, 0x0, 0xf, 0xff, 0xe0,
    0x0, 0x0, 0x0, 0x3, 0xff, 0xf8, 0x0, 0x0,
    0x0, 0x0, 0xff, 0xfe, 0x0, 0x0, 0x0, 0x0,
    0x3f, 0xff, 0x80, 0x0, 0x0, 0x0, 0xf, 0xff,
    0xe0, 0x0, 0x0, 0x0, 0x3, 0xff, 0xf8, 0x0,
    0x0, 0x0, 0x0, 0xff, 0xfe, 0x0, 0x0, 0x0,
    0x0, 0x3f, 0xff, 0x80, 0x0, 0x0, 0x0, 0xf,
    0xff, 0xe0, 0x0, 0x0, 0x0, 0x3, 0xff, 0xf8,
    0x0, 0x0, 0x0, 0x0, 0xff, 0xfe, 0x0, 0x0,
    0x0, 0x0, 0x3f, 0xff, 0x80, 0x0, 0x0, 0x0,
    0xf, 0xff, 0xe0, 0x0, 0x0, 0x0, 0x3, 0xff,
    0xf8, 0x0, 0x0, 0x0, 0x0, 0xff, 0xfe, 0x0,
    0x0, 0x0, 0x0, 0x3f, 0xff, 0x80, 0x0, 0x0,
    0x0, 0xf, 0xff, 0xe0, 0x0, 0x0, 0x0, 0x3,
    0xff, 0xf8, 0x0, 0x0, 0x0, 0x0, 0xff, 0xfe,
    0x0, 0x0, 0x0, 0x0, 0x3f, 0xff, 0x80, 0x0,
    0x0, 0x0, 0xf, 0xff, 0xe0, 0x0, 0x0, 0x0,
    0x3, 0xff, 0xf8, 0x0, 0x0, 0x0, 0x0, 0xff,
    0xfe, 0x0, 0x0, 0x0, 0x0, 0x3f, 0xff, 0x80,
    0x0, 0x0, 0x0, 0xf, 0xff, 0xe0, 0x0, 0x0,
    0x0, 0x3, 0xff, 0xf8, 0x0, 0x0, 0x0, 0x0,
    0xff, 0xfe, 0x0, 0x0, 0x0, 0x0, 0x3f, 0xff,
    0x80, 0x0, 0x0, 0x0, 0xf, 0xff, 0xe0, 0x0,
    0x0, 0x0, 0x3, 0xff, 0xf8, 0x0, 0x0, 0x0,
    0x0, 0xff, 0xfe, 0x0, 0x0, 0x0, 0x0, 0x3f,
    0xff, 0x80, 0x0, 0x0, 0x0, 0xf, 0xff, 0xe0,
    0x0, 0x0, 0x0, 0x3, 0xff, 0xf8, 0x0, 0x0,
    0x0, 0x0, 0xff, 0xfe, 0x0, 0x0, 0x0, 0x0,
    0x3f, 0xff, 0x80, 0x0, 0x0, 0x0, 0xf, 0xff,
    0xe0, 0x0, 0x0, 0x0, 0x3, 0xff, 0xf8, 0x0,
    0x0, 0x0, 0x0, 0xff, 0xfe, 0x0, 0x0, 0x0,
    0x0, 0x3f, 0xff, 0x80, 0x0, 0x0, 0x0, 0xf,
    0xff, 0xe0, 0x0, 0x0, 0x0, 0x3, 0xff, 0xf8,
    0x0, 0x0, 0x0, 0x0, 0xff, 0xfe, 0x0, 0x0,
    0x0, 0x0, 0x3f, 0xff, 0x80, 0x0, 0x0, 0x0,
    0xf, 0xff, 0xe0, 0x0, 0x0, 0x0, 0x3, 0xff,
    0xf8, 0x0, 0x0, 0x0, 0x0, 0xff, 0xfe, 0x0,
    0x0, 0x0, 0x0, 0x3f, 0xff, 0x80, 0x0, 0x0,
    0x0, 0xf, 0xff, 0xe0, 0x0, 0x0, 0x0, 0x3,
    0xff, 0xff, 0xff, 0xff, 0xff, 0xff, 0xff, 0xff,
    0xff, 0xff, 0xff, 0xff, 0xff, 0xff, 0xff, 0xff,
    0xff, 0xff, 0xff, 0xff, 0xff, 0xff, 0xff, 0xff,
    0xff, 0xff, 0xff, 0xff, 0xff, 0xff, 0xff, 0xff,
    0xff, 0xff, 0xff, 0xff, 0xff, 0xff, 0xff, 0xff,
    0xff, 0xff, 0xff, 0xff, 0xff, 0xff, 0xff, 0xff,
    0xff, 0xff, 0xff, 0xff, 0xff, 0xff, 0xff, 0xff,
    0xff, 0xff, 0xff, 0xff, 0xff, 0xff, 0xff, 0xff,
    0xff, 0xff, 0xff, 0xff, 0xff, 0xff, 0xff, 0xff,
    0xff, 0xff, 0xff, 0xff, 0xff, 0xff, 0xff, 0xff,
    0xff,

    /* U+004D "M" */
    0xff, 0xfc, 0x0, 0x0, 0x0, 0x0, 0x0, 0x3,
    0xff, 0xff, 0xff, 0xc0, 0x0, 0x0, 0x0, 0x0,
    0x0, 0x3f, 0xff, 0xff, 0xfe, 0x0, 0x0, 0x0,
    0x0, 0x0, 0x7, 0xff, 0xff, 0xff, 0xe0, 0x0,
    0x0, 0x0, 0x0, 0x0, 0x7f, 0xff, 0xff, 0xff,
    0x0, 0x0, 0x0, 0x0, 0x0, 0xf, 0xff, 0xff,
    0xff, 0xf0, 0x0, 0x0, 0x0, 0x0, 0x0, 0xff,
    0xff, 0xff, 0xff, 0x80, 0x0, 0x0, 0x0, 0x0,
    0x1f, 0xff, 0xff, 0xff, 0xfc, 0x0, 0x0, 0x0,
    0x0, 0x3, 0xff, 0xff, 0xff, 0xff, 0xc0, 0x0,
    0x0, 0x0, 0x0, 0x3f, 0xff, 0xff, 0xff, 0xfe,
    0x0, 0x0, 0x0, 0x0, 0x7, 0xff, 0xff, 0xff,
    0xff, 0xe0, 0x0, 0x0, 0x0, 0x0, 0x7f, 0xff,
    0xff, 0xff, 0xff, 0x0, 0x0, 0x0, 0x0, 0xf,
    0xff, 0xff, 0xff, 0xff, 0xf8, 0x0, 0x0, 0x0,
    0x0, 0xff, 0xff, 0xff, 0xff, 0xff, 0x80, 0x0,
    0x0, 0x0, 0x1f, 0xff, 0xff, 0xff, 0xff, 0xfc,
    0x0, 0x0, 0x0, 0x3, 0xff, 0xff, 0xff, 0xff,
    0xff, 0xc0, 0x0, 0x0, 0x0, 0x3f, 0xff, 0xff,
    0xff, 0xff, 0xfe, 0x0, 0x0, 0x0, 0x7, 0xff,
    0xff, 0xff, 0xff, 0xff, 0xf0, 0x0, 0x0, 0x0,
    0x7f, 0xff, 0xff, 0xff, 0xff, 0xff, 0x0, 0x0,
    0x0, 0xf, 0xff, 0xff, 0xff, 0xff, 0xff, 0xf8,
    0x0, 0x0, 0x1, 0xff, 0xff, 0xff, 0xff, 0xff,
    0xff, 0x80, 0x0, 0x0, 0x1f, 0xff, 0xff, 0xff,
    0xff, 0xff, 0xfc, 0x0, 0x0, 0x3, 0xff, 0xff,
    0xff, 0xff, 0xff, 0xff, 0xc0, 0x0, 0x0, 0x3f,
    0xff, 0xff, 0xff, 0xff, 0xff, 0xfe, 0x0, 0x0,
    0x7, 0xff, 0xff, 0xff, 0xff, 0xff, 0xff, 0xf0,
    0x0, 0x0, 0x7f, 0xff, 0xff, 0xff, 0xff, 0xff,
    0xff, 0x0, 0x0, 0xf, 0xff, 0xff, 0xff, 0xff,
    0xff, 0xff, 0xf8, 0x0, 0x1, 0xff, 0xff, 0xff,
    0xff, 0xff, 0xff, 0xff, 0x80, 0x0, 0x1f, 0xff,
    0xff, 0xff, 0xff, 0xff, 0xff, 0xfc, 0x0, 0x3,
    0xff, 0xff, 0xff, 0xff, 0xff, 0xef, 0xff, 0xe0,
    0x0, 0x3f, 0xff, 0x7f, 0xff, 0xff, 0xfe, 0xff,
    0xfe, 0x0, 0x7, 0xff, 0xe7, 0xff, 0xff, 0xff,
    0xe7, 0xff, 0xf0, 0x0, 0xff, 0xfe, 0x7f, 0xff,
    0xff, 0xfe, 0x7f, 0xff, 0x0, 0xf, 0xff, 0xc7,
    0xff, 0xff, 0xff, 0xe3, 0xff, 0xf8, 0x1, 0xff,
    0xfc, 0x7f, 0xff, 0xff, 0xfe, 0x1f, 0xff, 0xc0,
    0x1f, 0xff, 0x87, 0xff, 0xff, 0xff, 0xe1, 0xff,
    0xfc, 0x3, 0xff, 0xf0, 0x7f, 0xff, 0xff, 0xfe,
    0xf, 0xff, 0xe0, 0x3f, 0xff, 0x7, 0xff, 0xff,
    0xff, 0xe0, 0xff, 0xfe, 0x7, 0xff, 0xe0, 0x7f,
    0xff, 0xff, 0xfe, 0x7, 0xff, 0xf0, 0xff, 0xfe,
    0x7, 0xff, 0xff, 0xff, 0xe0, 0x3f, 0xff, 0x8f,
    0xff, 0xc0, 0x7f, 0xff, 0xff, 0xfe, 0x3, 0xff,
    0xf9, 0xff, 0xf8, 0x7, 0xff, 0xff, 0xff, 0xe0,
    0x1f, 0xff, 0xdf, 0xff, 0x80, 0x7f, 0xff, 0xff,
    0xfe, 0x1, 0xff, 0xff, 0xff, 0xf0, 0x7, 0xff,
    0xff, 0xff, 0xe0, 0xf, 0xff, 0xff, 0xff, 0x0,
    0x7f, 0xff, 0xff, 0xfe, 0x0, 0x7f, 0xff, 0xff,
    0xe0, 0x7, 0xff, 0xff, 0xff, 0xe0, 0x7, 0xff,
    0xff, 0xfe, 0x0, 0x7f, 0xff, 0xff, 0xfe, 0x0,
    0x3f, 0xff, 0xff, 0xc0, 0x7, 0xff, 0xff, 0xff,
    0xe0, 0x3, 0xff, 0xff, 0xf8, 0x0, 0x7f, 0xff,
    0xff, 0xfe, 0x0, 0x1f, 0xff, 0xff, 0x80, 0x7,
    0xff, 0xff, 0xff, 0xe0, 0x0, 0xff, 0xff, 0xf0,
    0x0, 0x7f, 0xff, 0xff, 0xfe, 0x0, 0xf, 0xff,
    0xff, 0x0, 0x7, 0xff, 0xff, 0xff, 0xe0, 0x0,
    0x7f, 0xff, 0xe0, 0x0, 0x7f, 0xff, 0xff, 0xfe,
    0x0, 0x7, 0xff, 0xfc, 0x0, 0x7, 0xff, 0xff,
    0xff, 0xe0, 0x0, 0x3f, 0xff, 0xc0, 0x0, 0x7f,
    0xff, 0xff, 0xfe, 0x0, 0x1, 0xff, 0xf8, 0x0,
    0x7, 0xff, 0xff, 0xff, 0xe0, 0x0, 0x1f, 0xff,
    0x80, 0x0, 0x7f, 0xff, 0xff, 0xfe, 0x0, 0x0,
    0xff, 0xf0, 0x0, 0x7, 0xff, 0xff, 0xff, 0xe0,
    0x0, 0xf, 0xfe, 0x0, 0x0, 0x7f, 0xff, 0xff,
    0xfe, 0x0, 0x0, 0x7f, 0xe0, 0x0, 0x7, 0xff,
    0xff, 0xff, 0xe0, 0x0, 0x3, 0xfc, 0x0, 0x0,
    0x7f, 0xff, 0xff, 0xfe, 0x0, 0x0, 0x3f, 0xc0,
    0x0, 0x7, 0xff, 0xff, 0xff, 0xe0, 0x0, 0x0,
    0x0, 0x0, 0x0, 0x7f, 0xff, 0xff, 0xfe, 0x0,
    0x0, 0x0, 0x0, 0x0, 0x7, 0xff, 0xff, 0xff,
    0xe0, 0x0, 0x0, 0x0, 0x0, 0x0, 0x7f, 0xff,
    0xff, 0xfe, 0x0, 0x0, 0x0, 0x0, 0x0, 0x7,
    0xff, 0xff, 0xff, 0xe0, 0x0, 0x0, 0x0, 0x0,
    0x0, 0x7f, 0xff, 0xff, 0xfe, 0x0, 0x0, 0x0,
    0x0, 0x0, 0x7, 0xff, 0xff, 0xff, 0xe0, 0x0,
    0x0, 0x0, 0x0, 0x0, 0x7f, 0xff,

    /* U+004E "N" */
    0xff, 0xf8, 0x0, 0x0, 0x0, 0x3, 0xff, 0xff,
    0xff, 0xe0, 0x0, 0x0, 0x0, 0x1f, 0xff, 0xff,
    0xff, 0x80, 0x0, 0x0, 0x0, 0xff, 0xff, 0xff,
    0xfc, 0x0, 0x0, 0x0, 0x7, 0xff, 0xff, 0xff,
    0xf0, 0x0, 0x0, 0x0, 0x3f, 0xff, 0xff, 0xff,
    0xc0, 0x0, 0x0, 0x1, 0xff, 0xff, 0xff, 0xff,
    0x0, 0x0, 0x0, 0xf, 0xff, 0xff, 0xff, 0xfc,
    0x0, 0x0, 0x0, 0x7f, 0xff, 0xff, 0xff, 0xe0,
    0x0, 0x0, 0x3, 0xff, 0xff, 0xff, 0xff, 0x80,
    0x0, 0x0, 0x1f, 0xff, 0xff, 0xff, 0xfe, 0x0,
    0x0, 0x0, 0xff, 0xff, 0xff, 0xff, 0xf8, 0x0,
    0x0, 0x7, 0xff, 0xff, 0xff, 0xff, 0xe0, 0x0,
    0x0, 0x3f, 0xff, 0xff, 0xff, 0xff, 0x0, 0x0,
    0x1, 0xff, 0xff, 0xff, 0xff, 0xfc, 0x0, 0x0,
    0xf, 0xff, 0xff, 0xff, 0xff, 0xf0, 0x0, 0x0,
    0x7f, 0xff, 0xff, 0xff, 0xff, 0xc0, 0x0, 0x3,
    0xff, 0xff, 0xff, 0xff, 0xff, 0x0, 0x0, 0x1f,
    0xff, 0xff, 0xff, 0xff, 0xfc, 0x0, 0x0, 0xff,
    0xff, 0xff, 0xff, 0xff, 0xe0, 0x0, 0x7, 0xff,
    0xff, 0xff, 0xff, 0xff, 0x80, 0x0, 0x3f, 0xff,
    0xff, 0xff, 0xff, 0xfe, 0x0, 0x1, 0xff, 0xff,
    0xff, 0xff, 0xff, 0xf8, 0x0, 0xf, 0xff, 0xff,
    0xff, 0xff, 0xff, 0xe0, 0x0, 0x7f, 0xff, 0xff,
    0xff, 0xff, 0xff, 0x0, 0x3, 0xff, 0xff, 0xff,
    0xff, 0xff, 0xfc, 0x0, 0x1f, 0xff, 0xff, 0xff,
    0xff, 0xff, 0xf0, 0x0, 0xff, 0xff, 0xff, 0xfd,
    0xff, 0xff, 0xc0, 0x7, 0xff, 0xff, 0xff, 0xe7,
    0xff, 0xff, 0x0, 0x3f, 0xff, 0xff, 0xff, 0x3f,
    0xff, 0xf8, 0x1, 0xff, 0xff, 0xff, 0xf8, 0xff,
    0xff, 0xe0, 0xf, 0xff, 0xff, 0xff, 0xc3, 0xff,
    0xff, 0x80, 0x7f, 0xff, 0xff, 0xfe, 0xf, 0xff,
    0xfe, 0x3, 0xff, 0xff, 0xff, 0xf0, 0x3f, 0xff,
    0xf8, 0x1f, 0xff, 0xff, 0xff, 0x81, 0xff, 0xff,
    0xc0, 0xff, 0xff, 0xff, 0xfc, 0x7, 0xff, 0xff,
    0x7, 0xff, 0xff, 0xff, 0xe0, 0x1f, 0xff, 0xfc,
    0x3f, 0xff, 0xff, 0xff, 0x0, 0x7f, 0xff, 0xf1,
    0xff, 0xff, 0xff, 0xf8, 0x1, 0xff, 0xff, 0xcf,
    0xff, 0xff, 0xff, 0xc0, 0xf, 0xff, 0xfe, 0x7f,
    0xff, 0xff, 0xfe, 0x0, 0x3f, 0xff, 0xfb, 0xff,
    0xff, 0xff, 0xf0, 0x0, 0xff, 0xff, 0xff, 0xff,
    0xff, 0xff, 0x80, 0x3, 0xff, 0xff, 0xff, 0xff,
    0xff, 0xfc, 0x0, 0xf, 0xff, 0xff, 0xff, 0xff,
    0xff, 0xe0, 0x0, 0x3f, 0xff, 0xff, 0xff, 0xff,
    0xff, 0x0, 0x1, 0xff, 0xff, 0xff, 0xff, 0xff,
    0xf8, 0x0, 0x7, 0xff, 0xff, 0xff, 0xff, 0xff,
    0xc0, 0x0, 0x1f, 0xff, 0xff, 0xff, 0xff, 0xfe,
    0x0, 0x0, 0x7f, 0xff, 0xff, 0xff, 0xff, 0xf0,
    0x0, 0x1, 0xff, 0xff, 0xff, 0xff, 0xff, 0x80,
    0x0, 0xf, 0xff, 0xff, 0xff, 0xff, 0xfc, 0x0,
    0x0, 0x3f, 0xff, 0xff, 0xff, 0xff, 0xe0, 0x0,
    0x0, 0xff, 0xff, 0xff, 0xff, 0xff, 0x0, 0x0,
    0x3, 0xff, 0xff, 0xff, 0xff, 0xf8, 0x0, 0x0,
    0xf, 0xff, 0xff, 0xff, 0xff, 0xc0, 0x0, 0x0,
    0x7f, 0xff, 0xff, 0xff, 0xfe, 0x0, 0x0, 0x1,
    0xff, 0xff, 0xff, 0xff, 0xf0, 0x0, 0x0, 0x7,
    0xff, 0xff, 0xff, 0xff, 0x80, 0x0, 0x0, 0x1f,
    0xff, 0xff, 0xff, 0xfc, 0x0, 0x0, 0x0, 0x7f,
    0xff, 0xff, 0xff, 0xe0, 0x0, 0x0, 0x3, 0xff,
    0xff, 0xff, 0xff, 0x0, 0x0, 0x0, 0xf, 0xff,
    0xff, 0xff, 0xf8, 0x0, 0x0, 0x0, 0x3f, 0xff,
    0xff, 0xff, 0xc0, 0x0, 0x0, 0x0, 0xff, 0xff,
    0xff, 0xfe, 0x0, 0x0, 0x0, 0x3, 0xff, 0xff,
    0xff, 0xf0, 0x0, 0x0, 0x0, 0x1f, 0xff, 0xff,
    0xff, 0x80, 0x0, 0x0, 0x0, 0x7f, 0xff, 0xff,
    0xfc, 0x0, 0x0, 0x0, 0x1, 0xff, 0xf0,

    /* U+004F "O" */
    0x0, 0x0, 0x0, 0x1, 0xff, 0xf0, 0x0, 0x0,
    0x0, 0x0, 0x0, 0x0, 0xf, 0xff, 0xff, 0xc0,
    0x0, 0x0, 0x0, 0x0, 0x0, 0x1f, 0xff, 0xff,
    0xfe, 0x0, 0x0, 0x0, 0x0, 0x0, 0x3f, 0xff,
    0xff, 0xff, 0xf0, 0x0, 0x0, 0x0, 0x0, 0x3f,
    0xff, 0xff, 0xff, 0xff, 0x0, 0x0, 0x0, 0x0,
    0x3f, 0xff, 0xff, 0xff, 0xff, 0xf0, 0x0, 0x0,
    0x0, 0x1f, 0xff, 0xff, 0xff, 0xff, 0xfe, 0x0,
    0x0, 0x0, 0x1f, 0xff, 0xff, 0xff, 0xff, 0xff,
    0xe0, 0x0, 0x0, 0xf, 0xff, 0xff, 0xff, 0xff,
    0xff, 0xfc, 0x0, 0x0, 0x7, 0xff, 0xff, 0xff,
    0xff, 0xff, 0xff, 0x80, 0x0, 0x3, 0xff, 0xff,
    0xff, 0xff, 0xff, 0xff, 0xf0, 0x0, 0x1, 0xff,
    0xff, 0xff, 0xff, 0xff, 0xff, 0xfe, 0x0, 0x0,
    0xff, 0xff, 0xff, 0xff, 0xff, 0xff, 0xff, 0xc0,
    0x0, 0x7f, 0xff, 0xff, 0xc0, 0x1f, 0xff, 0xff,
    0xf8, 0x0, 0x3f, 0xff, 0xff, 0x0, 0x0, 0x7f,
    0xff, 0xfe, 0x0, 0xf, 0xff, 0xff, 0x0, 0x0,
    0x7, 0xff, 0xff, 0xc0, 0x7, 0xff, 0xff, 0x0,
    0x0, 0x0, 0x7f, 0xff, 0xf8, 0x1, 0xff, 0xff,
    0x80, 0x0, 0x0, 0xf, 0xff, 0xfe, 0x0, 0xff,
    0xff, 0xc0, 0x0, 0x0, 0x1, 0xff, 0xff, 0xc0,
    0x7f, 0xff, 0xe0, 0x0, 0x0, 0x0, 0x3f, 0xff,
    0xf0, 0x1f, 0xff, 0xf0, 0x0, 0x0, 0x0, 0x7,
    0xff, 0xfe, 0x7, 0xff, 0xf8, 0x0, 0x0, 0x0,
    0x0, 0xff, 0xff, 0x83, 0xff, 0xfc, 0x0, 0x0,
    0x0, 0x0, 0x1f, 0xff, 0xf0, 0xff, 0xff, 0x0,
    0x0, 0x0, 0x0, 0x7, 0xff, 0xfc, 0x7f, 0xff,
    0x80, 0x0, 0x0, 0x0, 0x0, 0xff, 0xff, 0x1f,
    0xff, 0xe0, 0x0, 0x0, 0x0, 0x0, 0x3f, 0xff,
    0xe7, 0xff, 0xf0, 0x0, 0x0, 0x0, 0x0, 0x7,
    0xff, 0xf9, 0xff, 0xfc, 0x0, 0x0, 0x0, 0x0,
    0x1, 0xff, 0xfe, 0x7f, 0xff, 0x0, 0x0, 0x0,
    0x0, 0x0, 0x7f, 0xff, 0xbf, 0xff, 0xc0, 0x0,
    0x0, 0x0, 0x0, 0x1f, 0xff, 0xff, 0xff, 0xe0,
    0x0, 0x0, 0x0, 0x0, 0x3, 0xff, 0xff, 0xff,
    0xf8, 0x0, 0x0, 0x0, 0x0, 0x0, 0xff, 0xff,
    0xff, 0xfe, 0x0, 0x0, 0x0, 0x0, 0x0, 0x3f,
    0xff, 0xff, 0xff, 0x80, 0x0, 0x0, 0x0, 0x0,
    0xf, 0xff, 0xff, 0xff, 0xe0, 0x0, 0x0, 0x0,
    0x0, 0x3, 0xff, 0xff, 0xff, 0xf8, 0x0, 0x0,
    0x0, 0x0, 0x0, 0xff, 0xff, 0xff, 0xfe, 0x0,
    0x0, 0x0, 0x0, 0x0, 0x3f, 0xff, 0xff, 0xff,
    0x80, 0x0, 0x0, 0x0, 0x0, 0xf, 0xff, 0xff,
    0xff, 0xe0, 0x0, 0x0, 0x0, 0x0, 0x3, 0xff,
    0xff, 0xff, 0xf8, 0x0, 0x0, 0x0, 0x0, 0x0,
    0xff, 0xff, 0xff, 0xff, 0x0, 0x0, 0x0, 0x0,
    0x0, 0x7f, 0xff, 0xdf, 0xff, 0xc0, 0x0, 0x0,
    0x0, 0x0, 0x1f, 0xff, 0xe7, 0xff, 0xf0, 0x0,
    0x0, 0x0, 0x0, 0x7, 0xff, 0xf9, 0xff, 0xfc,
    0x0, 0x0, 0x0, 0x0, 0x1, 0xff, 0xfe, 0x7f,
    0xff, 0x80, 0x0, 0x0, 0x0, 0x0, 0xff, 0xff,
    0x9f, 0xff, 0xe0, 0x0, 0x0, 0x0, 0x0, 0x3f,
    0xff, 0xc3, 0xff, 0xfc, 0x0, 0x0, 0x0, 0x0,
    0x1f, 0xff, 0xf0, 0xff, 0xff, 0x0, 0x0, 0x0,
    0x0, 0x7, 0xff, 0xfc, 0x1f, 0xff, 0xe0, 0x0,
    0x0, 0x0, 0x3, 0xff, 0xfe, 0x7, 0xff, 0xfc,
    0x0, 0x0, 0x0, 0x1, 0xff, 0xff, 0x81, 0xff,
    0xff, 0x80, 0x0, 0x0, 0x0, 0xff, 0xff, 0xc0,
    0x3f, 0xff, 0xf0, 0x0, 0x0, 0x0, 0x7f, 0xff,
    0xf0, 0x7, 0xff, 0xfe, 0x0, 0x0, 0x0, 0x3f,
    0xff, 0xf8, 0x1, 0xff, 0xff, 0xc0, 0x0, 0x0,
    0x1f, 0xff, 0xfe, 0x0, 0x3f, 0xff, 0xfc, 0x0,
    0x0, 0x1f, 0xff, 0xff, 0x0, 0xf, 0xff, 0xff,
    0xc0, 0x0, 0x1f, 0xff, 0xff, 0x80, 0x1, 0xff,
    0xff, 0xff, 0x0, 0x7f, 0xff, 0xff, 0xe0, 0x0,
    0x3f, 0xff, 0xff, 0xff, 0xff, 0xff, 0xff, 0xf0,
    0x0, 0x7, 0xff, 0xff, 0xff, 0xff, 0xff, 0xff,
    0xf8, 0x0, 0x0, 0xff, 0xff, 0xff, 0xff, 0xff,
    0xff, 0xfc, 0x0, 0x0, 0x1f, 0xff, 0xff, 0xff,
    0xff, 0xff, 0xfe, 0x0, 0x0, 0x3, 0xff, 0xff,
    0xff, 0xff, 0xff, 0xff, 0x0, 0x0, 0x0, 0x7f,
    0xff, 0xff, 0xff, 0xff, 0xff, 0x80, 0x0, 0x0,
    0x7, 0xff, 0xff, 0xff, 0xff, 0xff, 0x80, 0x0,
    0x0, 0x0, 0xff, 0xff, 0xff, 0xff, 0xff, 0xc0,
    0x0, 0x0, 0x0, 0xf, 0xff, 0xff, 0xff, 0xff,
    0xc0, 0x0, 0x0, 0x0, 0x0, 0xff, 0xff, 0xff,
    0xff, 0xc0, 0x0, 0x0, 0x0, 0x0, 0x7, 0xff,
    0xff, 0xff, 0x80, 0x0, 0x0, 0x0, 0x0, 0x0,
    0x3f, 0xff, 0xff, 0x0, 0x0, 0x0, 0x0, 0x0,
    0x0, 0x0, 0xff, 0xfc, 0x0, 0x0, 0x0, 0x0,

    /* U+0050 "P" */
    0xff, 0xff, 0xff, 0xff, 0xf0, 0x0, 0x0, 0x3f,
    0xff, 0xff, 0xff, 0xff, 0xe0, 0x0, 0xf, 0xff,
    0xff, 0xff, 0xff, 0xfe, 0x0, 0x3, 0xff, 0xff,
    0xff, 0xff, 0xff, 0xf0, 0x0, 0xff, 0xff, 0xff,
    0xff, 0xff, 0xfe, 0x0, 0x3f, 0xff, 0xff, 0xff,
    0xff, 0xff, 0xe0, 0xf, 0xff, 0xff, 0xff, 0xff,
    0xff, 0xfc, 0x3, 0xff, 0xff, 0xff, 0xff, 0xff,
    0xff, 0x80, 0xff, 0xff, 0xff, 0xff, 0xff, 0xff,
    0xf0, 0x3f, 0xff, 0xff, 0xff, 0xff, 0xff, 0xfe,
    0xf, 0xff, 0xff, 0xff, 0xff, 0xff, 0xff, 0xc3,
    0xff, 0xff, 0xff, 0xff, 0xff, 0xff, 0xf8, 0xff,
    0xff, 0xff, 0xff, 0xff, 0xff, 0xfe, 0x3f, 0xff,
    0x80, 0x0, 0xf, 0xff, 0xff, 0xcf, 0xff, 0xe0,
    0x0, 0x0, 0x7f, 0xff, 0xf3, 0xff, 0xf8, 0x0,
    0x0, 0x7, 0xff, 0xfc, 0xff, 0xfe, 0x0, 0x0,
    0x0, 0xff, 0xff, 0xbf, 0xff, 0x80, 0x0, 0x0,
    0x1f, 0xff, 0xef, 0xff, 0xe0, 0x0, 0x0, 0x7,
    0xff, 0xfb, 0xff, 0xf8, 0x0, 0x0, 0x0, 0xff,
    0xff, 0xff, 0xfe, 0x0, 0x0, 0x0, 0x3f, 0xff,
    0xff, 0xff, 0x80, 0x0, 0x0, 0x7, 0xff, 0xff,
    0xff, 0xe0, 0x0, 0x0, 0x1, 0xff, 0xff, 0xff,
    0xf8, 0x0, 0x0, 0x0, 0x7f, 0xff, 0xff, 0xfe,
    0x0, 0x0, 0x0, 0x1f, 0xff, 0xff, 0xff, 0x80,
    0x0, 0x0, 0x7, 0xff, 0xff, 0xff, 0xe0, 0x0,
    0x0, 0x1, 0xff, 0xff, 0xff, 0xf8, 0x0, 0x0,
    0x0, 0x7f, 0xff, 0xff, 0xfe, 0x0, 0x0, 0x0,
    0x3f, 0xff, 0xff, 0xff, 0x80, 0x0, 0x0, 0xf,
    0xff, 0xff, 0xff, 0xe0, 0x0, 0x0, 0x7, 0xff,
    0xfb, 0xff, 0xf8, 0x0, 0x0, 0x1, 0xff, 0xfe,
    0xff, 0xfe, 0x0, 0x0, 0x0, 0xff, 0xff, 0xbf,
    0xff, 0x80, 0x0, 0x0, 0x7f, 0xff, 0xcf, 0xff,
    0xe0, 0x0, 0x0, 0x7f, 0xff, 0xf3, 0xff, 0xf8,
    0x0, 0x0, 0xff, 0xff, 0xfc, 0xff, 0xff, 0xff,
    0xff, 0xff, 0xff, 0xfe, 0x3f, 0xff, 0xff, 0xff,
    0xff, 0xff, 0xff, 0x8f, 0xff, 0xff, 0xff, 0xff,
    0xff, 0xff, 0xc3, 0xff, 0xff, 0xff, 0xff, 0xff,
    0xff, 0xe0, 0xff, 0xff, 0xff, 0xff, 0xff, 0xff,
    0xf0, 0x3f, 0xff, 0xff, 0xff, 0xff, 0xff, 0xf8,
    0xf, 0xff, 0xff, 0xff, 0xff, 0xff, 0xfc, 0x3,
    0xff, 0xff, 0xff, 0xff, 0xff, 0xfe, 0x0, 0xff,
    0xff, 0xff, 0xff, 0xff, 0xfe, 0x0, 0x3f, 0xff,
    0xff, 0xff, 0xff, 0xff, 0x0, 0xf, 0xff, 0xff,
    0xff, 0xff, 0xfe, 0x0, 0x3, 0xff, 0xff, 0xff,
    0xff, 0xfe, 0x0, 0x0, 0xff, 0xff, 0xff, 0xff,
    0xf0, 0x0, 0x0, 0x3f, 0xff, 0x80, 0x0, 0x0,
    0x0, 0x0, 0xf, 0xff, 0xe0, 0x0, 0x0, 0x0,
    0x0, 0x3, 0xff, 0xf8, 0x0, 0x0, 0x0, 0x0,
    0x0, 0xff, 0xfe, 0x0, 0x0, 0x0, 0x0, 0x0,
    0x3f, 0xff, 0x80, 0x0, 0x0, 0x0, 0x0, 0xf,
    0xff, 0xe0, 0x0, 0x0, 0x0, 0x0, 0x3, 0xff,
    0xf8, 0x0, 0x0, 0x0, 0x0, 0x0, 0xff, 0xfe,
    0x0, 0x0, 0x0, 0x0, 0x0, 0x3f, 0xff, 0x80,
    0x0, 0x0, 0x0, 0x0, 0xf, 0xff, 0xe0, 0x0,
    0x0, 0x0, 0x0, 0x3, 0xff, 0xf8, 0x0, 0x0,
    0x0, 0x0, 0x0, 0xff, 0xfe, 0x0, 0x0, 0x0,
    0x0, 0x0, 0x3f, 0xff, 0x80, 0x0, 0x0, 0x0,
    0x0, 0xf, 0xff, 0xe0, 0x0, 0x0, 0x0, 0x0,
    0x3, 0xff, 0xf8, 0x0, 0x0, 0x0, 0x0, 0x0,
    0xff, 0xfe, 0x0, 0x0, 0x0, 0x0, 0x0, 0x3f,
    0xff, 0x80, 0x0, 0x0, 0x0, 0x0, 0xf, 0xff,
    0xe0, 0x0, 0x0, 0x0, 0x0, 0x3, 0xff, 0xf8,
    0x0, 0x0, 0x0, 0x0, 0x0,

    /* U+0051 "Q" */
    0x0, 0x0, 0x0, 0x1, 0xff, 0xf0, 0x0, 0x0,
    0x0, 0x0, 0x0, 0x0, 0x1, 0xff, 0xff, 0xf8,
    0x0, 0x0, 0x0, 0x0, 0x0, 0x0, 0x7f, 0xff,
    0xff, 0xf8, 0x0, 0x0, 0x0, 0x0, 0x0, 0x1f,
    0xff, 0xff, 0xff, 0xf8, 0x0, 0x0, 0x0, 0x0,
    0x3, 0xff, 0xff, 0xff, 0xff, 0xf0, 0x0, 0x0,
    0x0, 0x0, 0x7f, 0xff, 0xff, 0xff, 0xff, 0xe0,
    0x0, 0x0, 0x0, 0x7, 0xff, 0xff, 0xff, 0xff,
    0xff, 0x80, 0x0, 0x0, 0x0, 0xff, 0xff, 0xff,
    0xff, 0xff, 0xff, 0x0, 0x0, 0x0, 0xf, 0xff,
    0xff, 0xff, 0xff, 0xff, 0xfc, 0x0, 0x0, 0x0,
    0xff, 0xff, 0xff, 0xff, 0xff, 0xff, 0xf0, 0x0,
    0x0, 0xf, 0xff, 0xff, 0xff, 0xff, 0xff, 0xff,
    0xc0, 0x0, 0x0, 0xff, 0xff, 0xff, 0xff, 0xff,
    0xff, 0xff, 0x0, 0x0, 0xf, 0xff, 0xff, 0xff,
    0xff, 0xff, 0xff, 0xfc, 0x0, 0x0, 0xff, 0xff,
    0xff, 0x80, 0x3f, 0xff, 0xff, 0xf0, 0x0, 0xf,
    0xff, 0xff, 0xc0, 0x0, 0x1f, 0xff, 0xff, 0x80,
    0x0, 0x7f, 0xff, 0xf8, 0x0, 0x0, 0x3f, 0xff,
    0xfe, 0x0, 0x7, 0xff, 0xff, 0x0, 0x0, 0x0,
    0x7f, 0xff, 0xf8, 0x0, 0x3f, 0xff, 0xf0, 0x0,
    0x0, 0x1, 0xff, 0xff, 0xc0, 0x3, 0xff, 0xff,
    0x0, 0x0, 0x0, 0x7, 0xff, 0xff, 0x0, 0x3f,
    0xff, 0xf0, 0x0, 0x0, 0x0, 0x1f, 0xff, 0xfc,
    0x1, 0xff, 0xff, 0x0, 0x0, 0x0, 0x0, 0x7f,
    0xff, 0xe0, 0xf, 0xff, 0xf0, 0x0, 0x0, 0x0,
    0x1, 0xff, 0xff, 0x0, 0xff, 0xff, 0x0, 0x0,
    0x0, 0x0, 0x7, 0xff, 0xfc, 0x7, 0xff, 0xf8,
    0x0, 0x0, 0x0, 0x0, 0x3f, 0xff, 0xe0, 0x7f,
    0xff, 0x80, 0x0, 0x0, 0x0, 0x0, 0xff, 0xff,
    0x3, 0xff, 0xfc, 0x0, 0x0, 0x0, 0x0, 0x7,
    0xff, 0xfc, 0x1f, 0xff, 0xc0, 0x0, 0x0, 0x0,
    0x0, 0x1f, 0xff, 0xe0, 0xff, 0xfe, 0x0, 0x0,
    0x0, 0x0, 0x0, 0xff, 0xff, 0x7, 0xff, 0xf0,
    0x0, 0x0, 0x0, 0x0, 0x7, 0xff, 0xf8, 0x7f,
    0xff, 0x80, 0x0, 0x0, 0x0, 0x0, 0x3f, 0xff,
    0xe3, 0xff, 0xf8, 0x0, 0x0, 0x0, 0x0, 0x0,
    0xff, 0xff, 0x1f, 0xff, 0xc0, 0x0, 0x0, 0x0,
    0x0, 0x7, 0xff, 0xf8, 0xff, 0xfe, 0x0, 0x0,
    0x0, 0x0, 0x0, 0x3f, 0xff, 0xc7, 0xff, 0xf0,
    0x0, 0x0, 0x0, 0x0, 0x1, 0xff, 0xfe, 0x3f,
    0xff, 0x80, 0x0, 0x0, 0x0, 0x0, 0xf, 0xff,
    0xf1, 0xff, 0xfc, 0x0, 0x0, 0x0, 0x0, 0x0,
    0x7f, 0xff, 0x8f, 0xff, 0xe0, 0x0, 0x0, 0x0,
    0x0, 0x3, 0xff, 0xfc, 0x7f, 0xff, 0x0, 0x0,
    0x0, 0x0, 0x0, 0x1f, 0xff, 0xe3, 0xff, 0xf8,
    0x0, 0x0, 0x0, 0x0, 0x0, 0xff, 0xff, 0x1f,
    0xff, 0xc0, 0x0, 0x0, 0x0, 0x0, 0x7, 0xff,
    0xf8, 0xff, 0xff, 0x0, 0x0, 0x0, 0x0, 0x0,
    0x7f, 0xff, 0xc3, 0xff, 0xf8, 0x0, 0x0, 0x0,
    0x0, 0x3, 0xff, 0xfc, 0x1f, 0xff, 0xc0, 0x0,
    0x0, 0x0, 0x0, 0x1f, 0xff, 0xe0, 0xff, 0xfe,
    0x0, 0x0, 0x0, 0x0, 0x0, 0xff, 0xff, 0x7,
    0xff, 0xf8, 0x0, 0x0, 0x0, 0x0, 0xf, 0xff,
    0xf8, 0x3f, 0xff, 0xc0, 0x0, 0x0, 0x0, 0x0,
    0x7f, 0xff, 0x80, 0xff, 0xff, 0x0, 0x0, 0x0,
    0x0, 0x7, 0xff, 0xfc, 0x7, 0xff, 0xf8, 0x0,
    0x0, 0x0, 0x0, 0x3f, 0xff, 0xe0, 0x1f, 0xff,
    0xe0, 0x0, 0x0, 0x0, 0x3, 0xff, 0xfe, 0x0,
    0xff, 0xff, 0x80, 0x0, 0x0, 0x0, 0x3f, 0xff,
    0xf0, 0x7, 0xff, 0xfe, 0x0, 0x0, 0x0, 0x3,
    0xff, 0xff, 0x0, 0x1f, 0xff, 0xf8, 0x0, 0x0,
    0x0, 0x3f, 0xff, 0xf8, 0x0, 0x7f, 0xff, 0xe0,
    0x0, 0x0, 0x3, 0xff, 0xff, 0x80, 0x3, 0xff,
    0xff, 0x80, 0x0, 0x0, 0x3f, 0xff, 0xfc, 0x0,
    0xf, 0xff, 0xff, 0x0, 0x0, 0x7, 0xff, 0xff,
    0xc0, 0x0, 0x7f, 0xff, 0xfe, 0x0, 0x0, 0xff,
    0xff, 0xfc, 0x0, 0x1, 0xff, 0xff, 0xff, 0x0,
    0x7f, 0xff, 0xff, 0xe0, 0x0, 0x7, 0xff, 0xff,
    0xff, 0xff, 0xff, 0xff, 0xfe, 0x0, 0x0, 0x1f,
    0xff, 0xff, 0xff, 0xff, 0xff, 0xff, 0xe0, 0x0,
    0x0, 0x7f, 0xff, 0xff, 0xff, 0xff, 0xff, 0xfe,
    0x0, 0x0, 0x1, 0xff, 0xff, 0xff, 0xff, 0xff,
    0xff, 0xe0, 0x0, 0x0, 0x7, 0xff, 0xff, 0xff,
    0xff, 0xff, 0xfe, 0x0, 0x0, 0x0, 0x1f, 0xff,
    0xff, 0xff, 0xff, 0xff, 0xe0, 0x0, 0x0, 0x0,
    0x3f, 0xff, 0xff, 0xff, 0xff, 0xfc, 0x0, 0x0,
    0x0, 0x0, 0xff, 0xff, 0xff, 0xff, 0xff, 0xc0,
    0x0, 0x0, 0x0, 0x1, 0xff, 0xff, 0xff, 0xff,
    0xf8, 0x0, 0x0, 0x0, 0x0, 0x3, 0xff, 0xff,
    0xff, 0xff, 0x0, 0x0, 0x0, 0x0, 0x0, 0x3,
    0xff, 0xff, 0xff, 0xc0, 0x0, 0x0, 0x0, 0x0,
    0x0, 0x3, 0xff, 0xff, 0xfc, 0x0, 0x0, 0x20,
    0x0, 0x0, 0x0, 0x1, 0xff, 0xff, 0xf0, 0x0,
    0x3, 0x80, 0x0, 0x0, 0x0, 0x3, 0xff, 0xff,
    0xc0, 0x0, 0x7e, 0x0, 0x0, 0x0, 0x0, 0xf,
    0xff, 0xff, 0x80, 0x7, 0xf0, 0x0, 0x0, 0x0,
    0x0, 0x3f, 0xff, 0xff, 0x1, 0xff, 0xc0, 0x0,
    0x0, 0x0, 0x1, 0xff, 0xff, 0xff, 0xff, 0xff,
    0x0, 0x0, 0x0, 0x0, 0x3, 0xff, 0xff, 0xff,
    0xff, 0xfc, 0x0, 0x0, 0x0, 0x0, 0xf, 0xff,
    0xff, 0xff, 0xff, 0xf0, 0x0, 0x0, 0x0, 0x0,
    0x3f, 0xff, 0xff, 0xff, 0xff, 0x80, 0x0, 0x0,
    0x0, 0x0, 0xff, 0xff, 0xff, 0xff, 0xf8, 0x0,
    0x0, 0x0, 0x0, 0x3, 0xff, 0xff, 0xff, 0xff,
    0xc0, 0x0, 0x0, 0x0, 0x0, 0x7, 0xff, 0xff,
    0xff, 0xf8, 0x0, 0x0, 0x0, 0x0, 0x0, 0x1f,
    0xff, 0xff, 0xff, 0x80, 0x0, 0x0, 0x0, 0x0,
    0x0, 0x3f, 0xff, 0xff, 0xf8, 0x0, 0x0, 0x0,
    0x0, 0x0, 0x0, 0x7f, 0xff, 0xff, 0x0, 0x0,
    0x0, 0x0, 0x0, 0x0, 0x0, 0xff, 0xff, 0xe0,
    0x0, 0x0, 0x0, 0x0, 0x0, 0x0, 0x0, 0x7f,
    0xf0, 0x0, 0x0,

    /* U+0052 "R" */
    0xff, 0xff, 0xff, 0xff, 0xf0, 0x0, 0x0, 0x1f,
    0xff, 0xff, 0xff, 0xff, 0xf0, 0x0, 0x3, 0xff,
    0xff, 0xff, 0xff, 0xff, 0x80, 0x0, 0x7f, 0xff,
    0xff, 0xff, 0xff, 0xfe, 0x0, 0xf, 0xff, 0xff,
    0xff, 0xff, 0xff, 0xe0, 0x1, 0xff, 0xff, 0xff,
    0xff, 0xff, 0xff, 0x0, 0x3f, 0xff, 0xff, 0xff,
    0xff, 0xff, 0xf0, 0x7, 0xff, 0xff, 0xff, 0xff,
    0xff, 0xff, 0x0, 0xff, 0xff, 0xff, 0xff, 0xff,
    0xff, 0xf0, 0x1f, 0xff, 0xff, 0xff, 0xff, 0xff,
    0xff, 0x3, 0xff, 0xff, 0xff, 0xff, 0xff, 0xff,
    0xf0, 0x7f, 0xff, 0xff, 0xff, 0xff, 0xff, 0xff,
    0xf, 0xff, 0xff, 0xff, 0xff, 0xff, 0xff, 0xe1,
    0xff, 0xfc, 0x0, 0x0, 0x7f, 0xff, 0xfe, 0x3f,
    0xff, 0x80, 0x0, 0x1, 0xff, 0xff, 0xc7, 0xff,
    0xf0, 0x0, 0x0, 0x1f, 0xff, 0xfc, 0xff, 0xfe,
    0x0, 0x0, 0x0, 0xff, 0xff, 0x9f, 0xff, 0xc0,
    0x0, 0x0, 0xf, 0xff, 0xf3, 0xff, 0xf8, 0x0,
    0x0, 0x1, 0xff, 0xfe, 0x7f, 0xff, 0x0, 0x0,
    0x0, 0x1f, 0xff, 0xef, 0xff, 0xe0, 0x0, 0x0,
    0x3, 0xff, 0xfd, 0xff, 0xfc, 0x0, 0x0, 0x0,
    0x3f, 0xff, 0xbf, 0xff, 0x80, 0x0, 0x0, 0x7,
    0xff, 0xf7, 0xff, 0xf0, 0x0, 0x0, 0x0, 0xff,
    0xfe, 0xff, 0xfe, 0x0, 0x0, 0x0, 0x1f, 0xff,
    0xdf, 0xff, 0xc0, 0x0, 0x0, 0x3, 0xff, 0xfb,
    0xff, 0xf8, 0x0, 0x0, 0x0, 0x7f, 0xff, 0x7f,
    0xff, 0x0, 0x0, 0x0, 0xf, 0xff, 0xef, 0xff,
    0xe0, 0x0, 0x0, 0x1, 0xff, 0xfd, 0xff, 0xfc,
    0x0, 0x0, 0x0, 0x7f, 0xff, 0xbf, 0xff, 0x80,
    0x0, 0x0, 0xf, 0xff, 0xe7, 0xff, 0xf0, 0x0,
    0x0, 0x3, 0xff, 0xfc, 0xff, 0xfe, 0x0, 0x0,
    0x0, 0x7f, 0xff, 0x9f, 0xff, 0xc0, 0x0, 0x0,
    0x1f, 0xff, 0xf3, 0xff, 0xf8, 0x0, 0x0, 0xf,
    0xff, 0xfc, 0x7f, 0xff, 0x0, 0x0, 0x3, 0xff,
    0xff, 0x8f, 0xff, 0xe0, 0x0, 0x3, 0xff, 0xff,
    0xe1, 0xff, 0xff, 0xff, 0xff, 0xff, 0xff, 0xfc,
    0x3f, 0xff, 0xff, 0xff, 0xff, 0xff, 0xff, 0x7,
    0xff, 0xff, 0xff, 0xff, 0xff, 0xff, 0xc0, 0xff,
    0xff, 0xff, 0xff, 0xff, 0xff, 0xf0, 0x1f, 0xff,
    0xff, 0xff, 0xff, 0xff, 0xfc, 0x3, 0xff, 0xff,
    0xff, 0xff, 0xff, 0xff, 0x0, 0x7f, 0xff, 0xff,
    0xff, 0xff, 0xff, 0xc0, 0xf, 0xff, 0xff, 0xff,
    0xff, 0xff, 0xe0, 0x1, 0xff, 0xff, 0xff, 0xff,
    0xff, 0xf8, 0x0, 0x3f, 0xff, 0xff, 0xff, 0xff,
    0xfe, 0x0, 0x7, 0xff, 0xff, 0xff, 0xff, 0xff,
    0xe0, 0x0, 0xff, 0xff, 0xff, 0xff, 0xff, 0xfc,
    0x0, 0x1f, 0xff, 0xc0, 0x0, 0x7f, 0xff, 0xc0,
    0x3, 0xff, 0xf8, 0x0, 0x7, 0xff, 0xfc, 0x0,
    0x7f, 0xff, 0x0, 0x0, 0xff, 0xff, 0x80, 0xf,
    0xff, 0xe0, 0x0, 0xf, 0xff, 0xf8, 0x1, 0xff,
    0xfc, 0x0, 0x0, 0xff, 0xff, 0x80, 0x3f, 0xff,
    0x80, 0x0, 0xf, 0xff, 0xf0, 0x7, 0xff, 0xf0,
    0x0, 0x1, 0xff, 0xff, 0x0, 0xff, 0xfe, 0x0,
    0x0, 0x1f, 0xff, 0xf0, 0x1f, 0xff, 0xc0, 0x0,
    0x1, 0xff, 0xfe, 0x3, 0xff, 0xf8, 0x0, 0x0,
    0x3f, 0xff, 0xe0, 0x7f, 0xff, 0x0, 0x0, 0x3,
    0xff, 0xfe, 0xf, 0xff, 0xe0, 0x0, 0x0, 0x3f,
    0xff, 0xc1, 0xff, 0xfc, 0x0, 0x0, 0x3, 0xff,
    0xfc, 0x3f, 0xff, 0x80, 0x0, 0x0, 0x7f, 0xff,
    0xc7, 0xff, 0xf0, 0x0, 0x0, 0x7, 0xff, 0xf8,
    0xff, 0xfe, 0x0, 0x0, 0x0, 0x7f, 0xff, 0x9f,
    0xff, 0xc0, 0x0, 0x0, 0xf, 0xff, 0xfb, 0xff,
    0xf8, 0x0, 0x0, 0x0, 0xff, 0xff, 0x7f, 0xff,
    0x0, 0x0, 0x0, 0xf, 0xff, 0xf0,

    /* U+0053 "S" */
    0x0, 0x0, 0x3, 0xff, 0xf0, 0x0, 0x0, 0x0,
    0x0, 0xff, 0xff, 0xff, 0x80, 0x0, 0x0, 0xf,
    0xff, 0xff, 0xff, 0xe0, 0x0, 0x0, 0x7f, 0xff,
    0xff, 0xff, 0xf8, 0x0, 0x3, 0xff, 0xff, 0xff,
    0xff, 0xfc, 0x0, 0xf, 0xff, 0xff, 0xff, 0xff,
    0xfe, 0x0, 0x3f, 0xff, 0xff, 0xff, 0xff, 0xfc,
    0x0, 0xff, 0xff, 0xff, 0xff, 0xff, 0xf8, 0x3,
    0xff, 0xff, 0xff, 0xff, 0xff, 0xe0, 0xf, 0xff,
    0xff, 0xff, 0xff, 0xff, 0xc0, 0x3f, 0xff, 0xff,
    0xff, 0xff, 0xff, 0x0, 0x7f, 0xff, 0xff, 0xff,
    0xff, 0xfe, 0x1, 0xff, 0xff, 0xf0, 0x3, 0xff,
    0xfc, 0x3, 0xff, 0xfe, 0x0, 0x0, 0x3f, 0xf0,
    0xf, 0xff, 0xf8, 0x0, 0x0, 0x1f, 0xe0, 0x1f,
    0xff, 0xe0, 0x0, 0x0, 0x7, 0x80, 0x3f, 0xff,
    0x80, 0x0, 0x0, 0x3, 0x0, 0xff, 0xfe, 0x0,
    0x0, 0x0, 0x0, 0x1, 0xff, 0xfc, 0x0, 0x0,
    0x0, 0x0, 0x3, 0xff, 0xf8, 0x0, 0x0, 0x0,
    0x0, 0x7, 0xff, 0xf0, 0x0, 0x0, 0x0, 0x0,
    0xf, 0xff, 0xe0, 0x0, 0x0, 0x0, 0x0, 0x1f,
    0xff, 0xe0, 0x0, 0x0, 0x0, 0x0, 0x3f, 0xff,
    0xc0, 0x0, 0x0, 0x0, 0x0, 0x7f, 0xff, 0xe0,
    0x0, 0x0, 0x0, 0x0, 0xff, 0xff, 0xf0, 0x0,
    0x0, 0x0, 0x0, 0xff, 0xff, 0xf8, 0x0, 0x0,
    0x0, 0x1, 0xff, 0xff, 0xff, 0x0, 0x0, 0x0,
    0x3, 0xff, 0xff, 0xff, 0xe0, 0x0, 0x0, 0x3,
    0xff, 0xff, 0xff, 0xfc, 0x0, 0x0, 0x7, 0xff,
    0xff, 0xff, 0xff, 0x80, 0x0, 0x7, 0xff, 0xff,
    0xff, 0xff, 0xe0, 0x0, 0x7, 0xff, 0xff, 0xff,
    0xff, 0xf0, 0x0, 0x7, 0xff, 0xff, 0xff, 0xff,
    0xf8, 0x0, 0x7, 0xff, 0xff, 0xff, 0xff, 0xfc,
    0x0, 0x7, 0xff, 0xff, 0xff, 0xff, 0xfc, 0x0,
    0x3, 0xff, 0xff, 0xff, 0xff, 0xfc, 0x0, 0x1,
    0xff, 0xff, 0xff, 0xff, 0xfc, 0x0, 0x0, 0xff,
    0xff, 0xff, 0xff, 0xfc, 0x0, 0x0, 0x7f, 0xff,
    0xff, 0xff, 0xfc, 0x0, 0x0, 0xf, 0xff, 0xff,
    0xff, 0xf8, 0x0, 0x0, 0x1, 0xff, 0xff, 0xff,
    0xf8, 0x0, 0x0, 0x0, 0x3f, 0xff, 0xff, 0xf0,
    0x0, 0x0, 0x0, 0x7, 0xff, 0xff, 0xe0, 0x0,
    0x0, 0x0, 0x1, 0xff, 0xff, 0xe0, 0x0, 0x0,
    0x0, 0x0, 0xff, 0xff, 0xc0, 0x0, 0x0, 0x0,
    0x0, 0xff, 0xff, 0x80, 0x0, 0x0, 0x0, 0x0,
    0xff, 0xff, 0x0, 0x0, 0x0, 0x0, 0x0, 0xff,
    0xfe, 0x0, 0x0, 0x0, 0x0, 0x1, 0xff, 0xfc,
    0x0, 0x0, 0x0, 0x0, 0x3, 0xff, 0xf8, 0x60,
    0x0, 0x0, 0x0, 0x7, 0xff, 0xf0, 0xe0, 0x0,
    0x0, 0x0, 0xf, 0xff, 0xe1, 0xf0, 0x0, 0x0,
    0x0, 0x3f, 0xff, 0x87, 0xf8, 0x0, 0x0, 0x0,
    0x7f, 0xff, 0xf, 0xfe, 0x0, 0x0, 0x1, 0xff,
    0xfe, 0x3f, 0xff, 0x80, 0x0, 0xf, 0xff, 0xf8,
    0x7f, 0xff, 0xf0, 0x0, 0xff, 0xff, 0xf1, 0xff,
    0xff, 0xff, 0xff, 0xff, 0xff, 0xc3, 0xff, 0xff,
    0xff, 0xff, 0xff, 0xff, 0x87, 0xff, 0xff, 0xff,
    0xff, 0xff, 0xfe, 0x1f, 0xff, 0xff, 0xff, 0xff,
    0xff, 0xf8, 0x3f, 0xff, 0xff, 0xff, 0xff, 0xff,
    0xe0, 0x3f, 0xff, 0xff, 0xff, 0xff, 0xff, 0x80,
    0x1f, 0xff, 0xff, 0xff, 0xff, 0xfe, 0x0, 0xf,
    0xff, 0xff, 0xff, 0xff, 0xf0, 0x0, 0x7, 0xff,
    0xff, 0xff, 0xff, 0xc0, 0x0, 0x1, 0xff, 0xff,
    0xff, 0xfe, 0x0, 0x0, 0x0, 0x3f, 0xff, 0xff,
    0xe0, 0x0, 0x0, 0x0, 0x3, 0xff, 0xf8, 0x0,
    0x0, 0x0,

    /* U+0054 "T" */
    0xff, 0xff, 0xff, 0xff, 0xff, 0xff, 0xff, 0xff,
    0xff, 0xff, 0xff, 0xff, 0xff, 0xff, 0xff, 0xff,
    0xff, 0xff, 0xff, 0xff, 0xff, 0xff, 0xff, 0xff,
    0xff, 0xff, 0xff, 0xff, 0xff, 0xff, 0xff, 0xff,
    0xff, 0xff, 0xff, 0xff, 0xff, 0xff, 0xff, 0xff,
    0xff, 0xff, 0xff, 0xff, 0xff, 0xff, 0xff, 0xff,
    0xff, 0xff, 0xff, 0xff, 0xff, 0xff, 0xff, 0xff,
    0xff, 0xff, 0xff, 0xff, 0xff, 0xff, 0xff, 0xff,
    0xff, 0xff, 0xff, 0xff, 0xff, 0xff, 0xff, 0xff,
    0xff, 0xff, 0xff, 0xff, 0xff, 0xff, 0xff, 0xff,
    0xff, 0xff, 0xff, 0xff, 0xff, 0xff, 0xff, 0xff,
    0xff, 0xff, 0xff, 0xff, 0xff, 0xff, 0xff, 0xfe,
    0x0, 0x0, 0x7, 0xff, 0xf0, 0x0, 0x0, 0x0,
    0x0, 0x0, 0xff, 0xfe, 0x0, 0x0, 0x0, 0x0,
    0x0, 0x1f, 0xff, 0xc0, 0x0, 0x0, 0x0, 0x0,
    0x3, 0xff, 0xf8, 0x0, 0x0, 0x0, 0x0, 0x0,
    0x7f, 0xff, 0x0, 0x0, 0x0, 0x0, 0x0, 0xf,
    0xff, 0xe0, 0x0, 0x0, 0x0, 0x0, 0x1, 0xff,
    0xfc, 0x0, 0x0, 0x0, 0x0, 0x0, 0x3f, 0xff,
    0x80, 0x0, 0x0, 0x0, 0x0, 0x7, 0xff, 0xf0,
    0x0, 0x0, 0x0, 0x0, 0x0, 0xff, 0xfe, 0x0,
    0x0, 0x0, 0x0, 0x0, 0x1f, 0xff, 0xc0, 0x0,
    0x0, 0x0, 0x0, 0x3, 0xff, 0xf8, 0x0, 0x0,
    0x0, 0x0, 0x0, 0x7f, 0xff, 0x0, 0x0, 0x0,
    0x0, 0x0, 0xf, 0xff, 0xe0, 0x0, 0x0, 0x0,
    0x0, 0x1, 0xff, 0xfc, 0x0, 0x0, 0x0, 0x0,
    0x0, 0x3f, 0xff, 0x80, 0x0, 0x0, 0x0, 0x0,
    0x7, 0xff, 0xf0, 0x0, 0x0, 0x0, 0x0, 0x0,
    0xff, 0xfe, 0x0, 0x0, 0x0, 0x0, 0x0, 0x1f,
    0xff, 0xc0, 0x0, 0x0, 0x0, 0x0, 0x3, 0xff,
    0xf8, 0x0, 0x0, 0x0, 0x0, 0x0, 0x7f, 0xff,
    0x0, 0x0, 0x0, 0x0, 0x0, 0xf, 0xff, 0xe0,
    0x0, 0x0, 0x0, 0x0, 0x1, 0xff, 0xfc, 0x0,
    0x0, 0x0, 0x0, 0x0, 0x3f, 0xff, 0x80, 0x0,
    0x0, 0x0, 0x0, 0x7, 0xff, 0xf0, 0x0, 0x0,
    0x0, 0x0, 0x0, 0xff, 0xfe, 0x0, 0x0, 0x0,
    0x0, 0x0, 0x1f, 0xff, 0xc0, 0x0, 0x0, 0x0,
    0x0, 0x3, 0xff, 0xf8, 0x0, 0x0, 0x0, 0x0,
    0x0, 0x7f, 0xff, 0x0, 0x0, 0x0, 0x0, 0x0,
    0xf, 0xff, 0xe0, 0x0, 0x0, 0x0, 0x0, 0x1,
    0xff, 0xfc, 0x0, 0x0, 0x0, 0x0, 0x0, 0x3f,
    0xff, 0x80, 0x0, 0x0, 0x0, 0x0, 0x7, 0xff,
    0xf0, 0x0, 0x0, 0x0, 0x0, 0x0, 0xff, 0xfe,
    0x0, 0x0, 0x0, 0x0, 0x0, 0x1f, 0xff, 0xc0,
    0x0, 0x0, 0x0, 0x0, 0x3, 0xff, 0xf8, 0x0,
    0x0, 0x0, 0x0, 0x0, 0x7f, 0xff, 0x0, 0x0,
    0x0, 0x0, 0x0, 0xf, 0xff, 0xe0, 0x0, 0x0,
    0x0, 0x0, 0x1, 0xff, 0xfc, 0x0, 0x0, 0x0,
    0x0, 0x0, 0x3f, 0xff, 0x80, 0x0, 0x0, 0x0,
    0x0, 0x7, 0xff, 0xf0, 0x0, 0x0, 0x0, 0x0,
    0x0, 0xff, 0xfe, 0x0, 0x0, 0x0, 0x0, 0x0,
    0x1f, 0xff, 0xc0, 0x0, 0x0, 0x0, 0x0, 0x3,
    0xff, 0xf8, 0x0, 0x0, 0x0, 0x0, 0x0, 0x7f,
    0xff, 0x0, 0x0, 0x0, 0x0, 0x0, 0xf, 0xff,
    0xe0, 0x0, 0x0, 0x0, 0x0, 0x1, 0xff, 0xfc,
    0x0, 0x0, 0x0, 0x0, 0x0, 0x3f, 0xff, 0x80,
    0x0, 0x0, 0x0, 0x0, 0x7, 0xff, 0xf0, 0x0,
    0x0, 0x0, 0x0, 0x0, 0xff, 0xfe, 0x0, 0x0,
    0x0, 0x0, 0x0, 0x1f, 0xff, 0xc0, 0x0, 0x0,
    0x0, 0x0, 0x3, 0xff, 0xf8, 0x0, 0x0, 0x0,
    0x0, 0x0, 0x7f, 0xff, 0x0, 0x0, 0x0, 0x0,
    0x0, 0xf, 0xff, 0xe0, 0x0, 0x0, 0x0, 0x0,
    0x1, 0xff, 0xfc, 0x0, 0x0, 0x0,

    /* U+0055 "U" */
    0xff, 0xfe, 0x0, 0x0, 0x0, 0x3, 0xff, 0xff,
    0xff, 0xf0, 0x0, 0x0, 0x0, 0x1f, 0xff, 0xff,
    0xff, 0x80, 0x0, 0x0, 0x0, 0xff, 0xff, 0xff,
    0xfc, 0x0, 0x0, 0x0, 0x7, 0xff, 0xff, 0xff,
    0xe0, 0x0, 0x0, 0x0, 0x3f, 0xff, 0xff, 0xff,
    0x0, 0x0, 0x0, 0x1, 0xff, 0xff, 0xff, 0xf8,
    0x0, 0x0, 0x0, 0xf, 0xff, 0xff, 0xff, 0xc0,
    0x0, 0x0, 0x0, 0x7f, 0xff, 0xff, 0xfe, 0x0,
    0x0, 0x0, 0x3, 0xff, 0xff, 0xff, 0xf0, 0x0,
    0x0, 0x0, 0x1f, 0xff, 0xff, 0xff, 0x80, 0x0,
    0x0, 0x0, 0xff, 0xff, 0xff, 0xfc, 0x0, 0x0,
    0x0, 0x7, 0xff, 0xff, 0xff, 0xe0, 0x0, 0x0,
    0x0, 0x3f, 0xff, 0xff, 0xff, 0x0, 0x0, 0x0,
    0x1, 0xff, 0xff, 0xff, 0xf8, 0x0, 0x0, 0x0,
    0xf, 0xff, 0xff, 0xff, 0xc0, 0x0, 0x0, 0x0,
    0x7f, 0xff, 0xff, 0xfe, 0x0, 0x0, 0x0, 0x3,
    0xff, 0xff, 0xff, 0xf0, 0x0, 0x0, 0x0, 0x1f,
    0xff, 0xff, 0xff, 0x80, 0x0, 0x0, 0x0, 0xff,
    0xff, 0xff, 0xfc, 0x0, 0x0, 0x0, 0x7, 0xff,
    0xff, 0xff, 0xe0, 0x0, 0x0, 0x0, 0x3f, 0xff,
    0xff, 0xff, 0x0, 0x0, 0x0, 0x1, 0xff, 0xff,
    0xff, 0xf8, 0x0, 0x0, 0x0, 0xf, 0xff, 0xff,
    0xff, 0xc0, 0x0, 0x0, 0x0, 0x7f, 0xff, 0xff,
    0xfe, 0x0, 0x0, 0x0, 0x3, 0xff, 0xff, 0xff,
    0xf0, 0x0, 0x0, 0x0, 0x1f, 0xff, 0xff, 0xff,
    0x80, 0x0, 0x0, 0x0, 0xff, 0xff, 0xff, 0xfc,
    0x0, 0x0, 0x0, 0x7, 0xff, 0xff, 0xff, 0xe0,
    0x0, 0x0, 0x0, 0x3f, 0xff, 0xff, 0xff, 0x0,
    0x0, 0x0, 0x1, 0xff, 0xff, 0xff, 0xf8, 0x0,
    0x0, 0x0, 0xf, 0xff, 0xff, 0xff, 0xc0, 0x0,
    0x0, 0x0, 0x7f, 0xff, 0xff, 0xfe, 0x0, 0x0,
    0x0, 0x3, 0xff, 0xff, 0xff, 0xf0, 0x0, 0x0,
    0x0, 0x1f, 0xff, 0xff, 0xff, 0x80, 0x0, 0x0,
    0x0, 0xff, 0xff, 0xff, 0xfc, 0x0, 0x0, 0x0,
    0x7, 0xff, 0xff, 0xff, 0xe0, 0x0, 0x0, 0x0,
    0x3f, 0xff, 0xff, 0xff, 0x0, 0x0, 0x0, 0x1,
    0xff, 0xff, 0xff, 0xf8, 0x0, 0x0, 0x0, 0xf,
    0xff, 0xff, 0xff, 0xc0, 0x0, 0x0, 0x0, 0x7f,
    0xff, 0xff, 0xfe, 0x0, 0x0, 0x0, 0x3, 0xff,
    0xff, 0xff, 0xf0, 0x0, 0x0, 0x0, 0x1f, 0xff,
    0xff, 0xff, 0x80, 0x0, 0x0, 0x0, 0xff, 0xff,
    0xff, 0xfc, 0x0, 0x0, 0x0, 0x7, 0xff, 0xff,
    0xff, 0xf0, 0x0, 0x0, 0x0, 0x7f, 0xff, 0xbf,
    0xff, 0x80, 0x0, 0x0, 0x3, 0xff, 0xf9, 0xff,
    0xfc, 0x0, 0x0, 0x0, 0x1f, 0xff, 0xcf, 0xff,
    0xf0, 0x0, 0x0, 0x1, 0xff, 0xfe, 0x7f, 0xff,
    0x80, 0x0, 0x0, 0xf, 0xff, 0xf3, 0xff, 0xfc,
    0x0, 0x0, 0x0, 0x7f, 0xff, 0x8f, 0xff, 0xf0,
    0x0, 0x0, 0x7, 0xff, 0xf8, 0x7f, 0xff, 0xc0,
    0x0, 0x0, 0x7f, 0xff, 0xc1, 0xff, 0xff, 0x0,
    0x0, 0x7, 0xff, 0xfc, 0xf, 0xff, 0xfc, 0x0,
    0x0, 0x7f, 0xff, 0xe0, 0x7f, 0xff, 0xf8, 0x0,
    0xf, 0xff, 0xff, 0x1, 0xff, 0xff, 0xf8, 0x3,
    0xff, 0xff, 0xf0, 0x7, 0xff, 0xff, 0xff, 0xff,
    0xff, 0xff, 0x0, 0x3f, 0xff, 0xff, 0xff, 0xff,
    0xff, 0xf8, 0x0, 0xff, 0xff, 0xff, 0xff, 0xff,
    0xff, 0x80, 0x3, 0xff, 0xff, 0xff, 0xff, 0xff,
    0xf8, 0x0, 0xf, 0xff, 0xff, 0xff, 0xff, 0xff,
    0x80, 0x0, 0x3f, 0xff, 0xff, 0xff, 0xff, 0xf8,
    0x0, 0x0, 0xff, 0xff, 0xff, 0xff, 0xff, 0x80,
    0x0, 0x3, 0xff, 0xff, 0xff, 0xff, 0xf8, 0x0,
    0x0, 0x7, 0xff, 0xff, 0xff, 0xff, 0x0, 0x0,
    0x0, 0x1f, 0xff, 0xff, 0xff, 0xf0, 0x0, 0x0,
    0x0, 0x3f, 0xff, 0xff, 0xfc, 0x0, 0x0, 0x0,
    0x0, 0x3f, 0xff, 0xff, 0x80, 0x0, 0x0, 0x0,
    0x0, 0xf, 0xff, 0x80, 0x0, 0x0, 0x0,

    /* U+0056 "V" */
    0xff, 0xff, 0x80, 0x0, 0x0, 0x0, 0x0, 0x3f,
    0xff, 0x9f, 0xff, 0xf0, 0x0, 0x0, 0x0, 0x0,
    0x1f, 0xff, 0xe7, 0xff, 0xfc, 0x0, 0x0, 0x0,
    0x0, 0x7, 0xff, 0xf8, 0xff, 0xff, 0x0, 0x0,
    0x0, 0x0, 0x1, 0xff, 0xfc, 0x3f, 0xff, 0xe0,
    0x0, 0x0, 0x0, 0x0, 0xff, 0xff, 0xf, 0xff,
    0xf8, 0x0, 0x0, 0x0, 0x0, 0x3f, 0xff, 0x81,
    0xff, 0xff, 0x0, 0x0, 0x0, 0x0, 0x1f, 0xff,
    0xe0, 0x7f, 0xff, 0xc0, 0x0, 0x0, 0x0, 0x7,
    0xff, 0xf0, 0xf, 0xff, 0xf8, 0x0, 0x0, 0x0,
    0x3, 0xff, 0xfc, 0x3, 0xff, 0xfe, 0x0, 0x0,
    0x0, 0x0, 0xff, 0xff, 0x0, 0x7f, 0xff, 0x80,
    0x0, 0x0, 0x0, 0x3f, 0xff, 0x80, 0x1f, 0xff,
    0xf0, 0x0, 0x0, 0x0, 0x1f, 0xff, 0xe0, 0x7,
    0xff, 0xfc, 0x0, 0x0, 0x0, 0x7, 0xff, 0xf0,
    0x0, 0xff, 0xff, 0x80, 0x0, 0x0, 0x3, 0xff,
    0xfc, 0x0, 0x3f, 0xff, 0xe0, 0x0, 0x0, 0x0,
    0xff, 0xfe, 0x0, 0x7, 0xff, 0xf8, 0x0, 0x0,
    0x0, 0x7f, 0xff, 0x80, 0x1, 0xff, 0xff, 0x0,
    0x0, 0x0, 0x1f, 0xff, 0xe0, 0x0, 0x3f, 0xff,
    0xc0, 0x0, 0x0, 0x7, 0xff, 0xf0, 0x0, 0xf,
    0xff, 0xf8, 0x0, 0x0, 0x3, 0xff, 0xfc, 0x0,
    0x3, 0xff, 0xfe, 0x0, 0x0, 0x0, 0xff, 0xfe,
    0x0, 0x0, 0x7f, 0xff, 0xc0, 0x0, 0x0, 0x7f,
    0xff, 0x80, 0x0, 0x1f, 0xff, 0xf0, 0x0, 0x0,
    0x1f, 0xff, 0xc0, 0x0, 0x3, 0xff, 0xfc, 0x0,
    0x0, 0xf, 0xff, 0xf0, 0x0, 0x0, 0xff, 0xff,
    0x80, 0x0, 0x3, 0xff, 0xfc, 0x0, 0x0, 0x1f,
    0xff, 0xe0, 0x0, 0x0, 0xff, 0xfe, 0x0, 0x0,
    0x7, 0xff, 0xfc, 0x0, 0x0, 0x7f, 0xff, 0x80,
    0x0, 0x1, 0xff, 0xff, 0x0, 0x0, 0x1f, 0xff,
    0xc0, 0x0, 0x0, 0x3f, 0xff, 0xe0, 0x0, 0xf,
    0xff, 0xf0, 0x0, 0x0, 0xf, 0xff, 0xf8, 0x0,
    0x3, 0xff, 0xf8, 0x0, 0x0, 0x1, 0xff, 0xfe,
    0x0, 0x1, 0xff, 0xfe, 0x0, 0x0, 0x0, 0x7f,
    0xff, 0xc0, 0x0, 0x7f, 0xff, 0x80, 0x0, 0x0,
    0xf, 0xff, 0xf0, 0x0, 0x1f, 0xff, 0xc0, 0x0,
    0x0, 0x3, 0xff, 0xfe, 0x0, 0xf, 0xff, 0xf0,
    0x0, 0x0, 0x0, 0xff, 0xff, 0x80, 0x3, 0xff,
    0xf8, 0x0, 0x0, 0x0, 0x1f, 0xff, 0xf0, 0x1,
    0xff, 0xfe, 0x0, 0x0, 0x0, 0x7, 0xff, 0xfc,
    0x0, 0x7f, 0xff, 0x0, 0x0, 0x0, 0x0, 0xff,
    0xff, 0x0, 0x3f, 0xff, 0xc0, 0x0, 0x0, 0x0,
    0x3f, 0xff, 0xe0, 0xf, 0xff, 0xf0, 0x0, 0x0,
    0x0, 0x7, 0xff, 0xf8, 0x3, 0xff, 0xf8, 0x0,
    0x0, 0x0, 0x1, 0xff, 0xff, 0x1, 0xff, 0xfe,
    0x0, 0x0, 0x0, 0x0, 0x7f, 0xff, 0xc0, 0x7f,
    0xff, 0x0, 0x0, 0x0, 0x0, 0xf, 0xff, 0xf0,
    0x3f, 0xff, 0xc0, 0x0, 0x0, 0x0, 0x3, 0xff,
    0xfe, 0xf, 0xff, 0xe0, 0x0, 0x0, 0x0, 0x0,
    0x7f, 0xff, 0x87, 0xff, 0xf8, 0x0, 0x0, 0x0,
    0x0, 0x1f, 0xff, 0xf1, 0xff, 0xfe, 0x0, 0x0,
    0x0, 0x0, 0x3, 0xff, 0xfc, 0x7f, 0xff, 0x0,
    0x0, 0x0, 0x0, 0x0, 0xff, 0xff, 0xbf, 0xff,
    0xc0, 0x0, 0x0, 0x0, 0x0, 0x3f, 0xff, 0xef,
    0xff, 0xe0, 0x0, 0x0, 0x0, 0x0, 0x7, 0xff,
    0xff, 0xff, 0xf8, 0x0, 0x0, 0x0, 0x0, 0x1,
    0xff, 0xff, 0xff, 0xfc, 0x0, 0x0, 0x0, 0x0,
    0x0, 0x3f, 0xff, 0xff, 0xff, 0x0, 0x0, 0x0,
    0x0, 0x0, 0xf, 0xff, 0xff, 0xff, 0xc0, 0x0,
    0x0, 0x0, 0x0, 0x1, 0xff, 0xff, 0xff, 0xe0,
    0x0, 0x0, 0x0, 0x0, 0x0, 0x7f, 0xff, 0xff,
    0xf8, 0x0, 0x0, 0x0, 0x0, 0x0, 0x1f, 0xff,
    0xff, 0xfc, 0x0, 0x0, 0x0, 0x0, 0x0, 0x3,
    0xff, 0xff, 0xff, 0x0, 0x0, 0x0, 0x0, 0x0,
    0x0, 0xff, 0xff, 0xff, 0x80, 0x0, 0x0, 0x0,
    0x0, 0x0, 0x1f, 0xff, 0xff, 0xe0, 0x0, 0x0,
    0x0, 0x0, 0x0, 0x7, 0xff, 0xff, 0xf8, 0x0,
    0x0, 0x0, 0x0, 0x0, 0x1, 0xff, 0xff, 0xfc,
    0x0, 0x0, 0x0, 0x0, 0x0, 0x0, 0x3f, 0xff,
    0xff, 0x0, 0x0, 0x0, 0x0, 0x0, 0x0, 0xf,
    0xff, 0xff, 0x80, 0x0, 0x0, 0x0, 0x0, 0x0,
    0x1, 0xff, 0xff, 0xe0, 0x0, 0x0, 0x0, 0x0,
    0x0, 0x0, 0x7f, 0xff, 0xf0, 0x0, 0x0, 0x0,
    0x0, 0x0, 0x0, 0xf, 0xff, 0xfc, 0x0, 0x0,
    0x0, 0x0, 0x0, 0x0, 0x3, 0xff, 0xff, 0x0,
    0x0, 0x0, 0x0, 0x0, 0x0, 0x0, 0xff, 0xff,
    0x80, 0x0, 0x0, 0x0, 0x0, 0x0, 0x0, 0x1f,
    0xff, 0xe0, 0x0, 0x0, 0x0,

    /* U+0057 "W" */
    0xff, 0xff, 0x0, 0x0, 0x0, 0x1, 0xff, 0xfc,
    0x0, 0x0, 0x0, 0xf, 0xff, 0xe7, 0xff, 0xf8,
    0x0, 0x0, 0x0, 0x1f, 0xff, 0xc0, 0x0, 0x0,
    0x0, 0xff, 0xfe, 0x7f, 0xff, 0x80, 0x0, 0x0,
    0x3, 0xff, 0xfc, 0x0, 0x0, 0x0, 0xf, 0xff,
    0xe7, 0xff, 0xf8, 0x0, 0x0, 0x0, 0x3f, 0xff,
    0xe0, 0x0, 0x0, 0x1, 0xff, 0xfc, 0x3f, 0xff,
    0xc0, 0x0, 0x0, 0x3, 0xff, 0xfe, 0x0, 0x0,
    0x0, 0x1f, 0xff, 0xc3, 0xff, 0xfc, 0x0, 0x0,
    0x0, 0x7f, 0xff, 0xe0, 0x0, 0x0, 0x1, 0xff,
    0xfc, 0x3f, 0xff, 0xc0, 0x0, 0x0, 0x7, 0xff,
    0xff, 0x0, 0x0, 0x0, 0x1f, 0xff, 0x81, 0xff,
    0xfe, 0x0, 0x0, 0x0, 0x7f, 0xff, 0xf0, 0x0,
    0x0, 0x3, 0xff, 0xf8, 0x1f, 0xff, 0xe0, 0x0,
    0x0, 0xf, 0xff, 0xff, 0x0, 0x0, 0x0, 0x3f,
    0xff, 0x81, 0xff, 0xfe, 0x0, 0x0, 0x0, 0xff,
    0xff, 0xf8, 0x0, 0x0, 0x3, 0xff, 0xf0, 0xf,
    0xff, 0xf0, 0x0, 0x0, 0xf, 0xff, 0xff, 0x80,
    0x0, 0x0, 0x7f, 0xff, 0x0, 0xff, 0xff, 0x0,
    0x0, 0x1, 0xff, 0xff, 0xf8, 0x0, 0x0, 0x7,
    0xff, 0xf0, 0xf, 0xff, 0xf0, 0x0, 0x0, 0x1f,
    0xff, 0xff, 0xc0, 0x0, 0x0, 0x7f, 0xff, 0x0,
    0xff, 0xff, 0x80, 0x0, 0x1, 0xff, 0xff, 0xfc,
    0x0, 0x0, 0xf, 0xff, 0xe0, 0x7, 0xff, 0xf8,
    0x0, 0x0, 0x3f, 0xff, 0xff, 0xc0, 0x0, 0x0,
    0xff, 0xfe, 0x0, 0x7f, 0xff, 0x80, 0x0, 0x3,
    0xff, 0xff, 0xfe, 0x0, 0x0, 0xf, 0xff, 0xe0,
    0x7, 0xff, 0xf8, 0x0, 0x0, 0x3f, 0xff, 0xff,
    0xe0, 0x0, 0x1, 0xff, 0xfc, 0x0, 0x3f, 0xff,
    0xc0, 0x0, 0x7, 0xff, 0xff, 0xfe, 0x0, 0x0,
    0x1f, 0xff, 0xc0, 0x3, 0xff, 0xfc, 0x0, 0x0,
    0x7f, 0xff, 0xff, 0xf0, 0x0, 0x1, 0xff, 0xfc,
    0x0, 0x3f, 0xff, 0xc0, 0x0, 0x7, 0xff, 0xff,
    0xff, 0x0, 0x0, 0x3f, 0xff, 0x80, 0x1, 0xff,
    0xfe, 0x0, 0x0, 0xff, 0xff, 0xff, 0xf0, 0x0,
    0x3, 0xff, 0xf8, 0x0, 0x1f, 0xff, 0xe0, 0x0,
    0xf, 0xff, 0xff, 0xff, 0x80, 0x0, 0x3f, 0xff,
    0x80, 0x1, 0xff, 0xfe, 0x0, 0x0, 0xff, 0xff,
    0xff, 0xf8, 0x0, 0x7, 0xff, 0xf0, 0x0, 0xf,
    0xff, 0xf0, 0x0, 0x1f, 0xff, 0x9f, 0xff, 0x80,
    0x0, 0x7f, 0xff, 0x0, 0x0, 0xff, 0xff, 0x0,
    0x1, 0xff, 0xf9, 0xff, 0xf8, 0x0, 0x7, 0xff,
    0xf0, 0x0, 0xf, 0xff, 0xf0, 0x0, 0x1f, 0xff,
    0x9f, 0xff, 0xc0, 0x0, 0xff, 0xfe, 0x0, 0x0,
    0x7f, 0xff, 0x80, 0x3, 0xff, 0xf0, 0xff, 0xfc,
    0x0, 0xf, 0xff, 0xe0, 0x0, 0x7, 0xff, 0xf8,
    0x0, 0x3f, 0xff, 0xf, 0xff, 0xc0, 0x0, 0xff,
    0xfe, 0x0, 0x0, 0x7f, 0xff, 0x80, 0x3, 0xff,
    0xf0, 0xff, 0xfe, 0x0, 0x1f, 0xff, 0xc0, 0x0,
    0x3, 0xff, 0xfc, 0x0, 0x7f, 0xfe, 0x7, 0xff,
    0xe0, 0x1, 0xff, 0xfc, 0x0, 0x0, 0x3f, 0xff,
    0xc0, 0x7, 0xff, 0xe0, 0x7f, 0xfe, 0x0, 0x1f,
    0xff, 0xc0, 0x0, 0x3, 0xff, 0xfc, 0x0, 0x7f,
    0xfe, 0x7, 0xff, 0xf0, 0x3, 0xff, 0xf8, 0x0,
    0x0, 0x1f, 0xff, 0xe0, 0xf, 0xff, 0xe0, 0x7f,
    0xff, 0x0, 0x3f, 0xff, 0x80, 0x0, 0x1, 0xff,
    0xfe, 0x0, 0xff, 0xfc, 0x3, 0xff, 0xf0, 0x3,
    0xff, 0xf8, 0x0, 0x0, 0x1f, 0xff, 0xe0, 0xf,
    0xff, 0xc0, 0x3f, 0xff, 0x80, 0x7f, 0xff, 0x0,
    0x0, 0x0, 0xff, 0xff, 0x1, 0xff, 0xfc, 0x3,
    0xff, 0xf8, 0x7, 0xff, 0xf0, 0x0, 0x0, 0xf,
    0xff, 0xf0, 0x1f, 0xff, 0x80, 0x1f, 0xff, 0x80,
    0x7f, 0xff, 0x0, 0x0, 0x0, 0xff, 0xff, 0x1,
    0xff, 0xf8, 0x1, 0xff, 0xfc, 0xf, 0xff, 0xe0,
    0x0, 0x0, 0x7, 0xff, 0xf8, 0x3f, 0xff, 0x80,
    0x1f, 0xff, 0xc0, 0xff, 0xfe, 0x0, 0x0, 0x0,
    0x7f, 0xff, 0x83, 0xff, 0xf0, 0x0, 0xff, 0xfc,
    0xf, 0xff, 0xe0, 0x0, 0x0, 0x7, 0xff, 0xf8,
    0x3f, 0xff, 0x0, 0xf, 0xff, 0xe1, 0xff, 0xfc,
    0x0, 0x0, 0x0, 0x3f, 0xff, 0x87, 0xff, 0xf0,
    0x0, 0xff, 0xfe, 0x1f, 0xff, 0xc0, 0x0, 0x0,
    0x3, 0xff, 0xfc, 0x7f, 0xfe, 0x0, 0x7, 0xff,
    0xe1, 0xff, 0xfc, 0x0, 0x0, 0x0, 0x3f, 0xff,
    0xc7, 0xff, 0xe0, 0x0, 0x7f, 0xff, 0x3f, 0xff,
    0x80, 0x0, 0x0, 0x1, 0xff, 0xfc, 0xff, 0xfe,
    0x0, 0x7, 0xff, 0xf3, 0xff, 0xf8, 0x0, 0x0,
    0x0, 0x1f, 0xff, 0xef, 0xff, 0xc0, 0x0, 0x3f,
    0xff, 0x3f, 0xff, 0x80, 0x0, 0x0, 0x1, 0xff,
    0xfe, 0xff, 0xfc, 0x0, 0x3, 0xff, 0xff, 0xff,
    0xf8, 0x0, 0x0, 0x0, 0x1f, 0xff, 0xff, 0xff,
    0xc0, 0x0, 0x3f, 0xff, 0xff, 0xff, 0x0, 0x0,
    0x0, 0x0, 0xff, 0xff, 0xff, 0xf8, 0x0, 0x1,
    0xff, 0xff, 0xff, 0xf0, 0x0, 0x0, 0x0, 0xf,
    0xff, 0xff, 0xff, 0x80, 0x0, 0x1f, 0xff, 0xff,
    0xff, 0x0, 0x0, 0x0, 0x0, 0xff, 0xff, 0xff,
    0xf8, 0x0, 0x1, 0xff, 0xff, 0xff, 0xe0, 0x0,
    0x0, 0x0, 0x7, 0xff, 0xff, 0xff, 0x0, 0x0,
    0xf, 0xff, 0xff, 0xfe, 0x0, 0x0, 0x0, 0x0,
    0x7f, 0xff, 0xff, 0xf0, 0x0, 0x0, 0xff, 0xff,
    0xff, 0xe0, 0x0, 0x0, 0x0, 0x7, 0xff, 0xff,
    0xff, 0x0, 0x0, 0xf, 0xff, 0xff, 0xfc, 0x0,
    0x0, 0x0, 0x0, 0x3f, 0xff, 0xff, 0xe0, 0x0,
    0x0, 0x7f, 0xff, 0xff, 0xc0, 0x0, 0x0, 0x0,
    0x3, 0xff, 0xff, 0xfe, 0x0, 0x0, 0x7, 0xff,
    0xff, 0xfc, 0x0, 0x0, 0x0, 0x0, 0x3f, 0xff,
    0xff, 0xe0, 0x0, 0x0, 0x7f, 0xff, 0xff, 0x80,
    0x0, 0x0, 0x0, 0x1, 0xff, 0xff, 0xfc, 0x0,
    0x0, 0x7, 0xff, 0xff, 0xf8, 0x0, 0x0, 0x0,
    0x0, 0x1f, 0xff, 0xff, 0xc0, 0x0, 0x0, 0x3f,
    0xff, 0xff, 0x80, 0x0, 0x0, 0x0, 0x1, 0xff,
    0xff, 0xfc, 0x0, 0x0, 0x3, 0xff, 0xff, 0xf0,
    0x0, 0x0, 0x0, 0x0, 0xf, 0xff, 0xff, 0x80,
    0x0, 0x0, 0x3f, 0xff, 0xff, 0x0, 0x0, 0x0,
    0x0, 0x0, 0xff, 0xff, 0xf8, 0x0, 0x0, 0x1,
    0xff, 0xff, 0xf0, 0x0, 0x0, 0x0, 0x0, 0xf,
    0xff, 0xff, 0x80, 0x0, 0x0, 0x1f, 0xff, 0xfe,
    0x0, 0x0, 0x0, 0x0, 0x0, 0x7f, 0xff, 0xf0,
    0x0, 0x0, 0x1, 0xff, 0xff, 0xe0, 0x0, 0x0,
    0x0, 0x0, 0x7, 0xff, 0xff, 0x0, 0x0, 0x0,
    0xf, 0xff, 0xfe, 0x0, 0x0, 0x0, 0x0, 0x0,
    0x7f, 0xff, 0xf0, 0x0, 0x0, 0x0, 0xff, 0xff,
    0xc0, 0x0, 0x0, 0x0, 0x0, 0x3, 0xff, 0xfe,
    0x0, 0x0, 0x0, 0xf, 0xff, 0xfc, 0x0, 0x0,
    0x0, 0x0, 0x0, 0x3f, 0xff, 0xe0, 0x0, 0x0,
    0x0, 0x7f, 0xff, 0xc0, 0x0, 0x0,

    /* U+0058 "X" */
    0x3f, 0xff, 0xe0, 0x0, 0x0, 0x0, 0x7f, 0xff,
    0xc3, 0xff, 0xff, 0x0, 0x0, 0x0, 0x7, 0xff,
    0xf8, 0x1f, 0xff, 0xf8, 0x0, 0x0, 0x0, 0xff,
    0xff, 0x80, 0xff, 0xff, 0x80, 0x0, 0x0, 0x1f,
    0xff, 0xf0, 0x7, 0xff, 0xfc, 0x0, 0x0, 0x3,
    0xff, 0xfe, 0x0, 0x7f, 0xff, 0xe0, 0x0, 0x0,
    0x3f, 0xff, 0xe0, 0x3, 0xff, 0xff, 0x0, 0x0,
    0x7, 0xff, 0xfc, 0x0, 0x1f, 0xff, 0xf0, 0x0,
    0x0, 0xff, 0xff, 0x80, 0x1, 0xff, 0xff, 0x80,
    0x0, 0xf, 0xff, 0xf0, 0x0, 0xf, 0xff, 0xfc,
    0x0, 0x1, 0xff, 0xff, 0x0, 0x0, 0x7f, 0xff,
    0xc0, 0x0, 0x3f, 0xff, 0xe0, 0x0, 0x7, 0xff,
    0xfe, 0x0, 0x3, 0xff, 0xfc, 0x0, 0x0, 0x3f,
    0xff, 0xf0, 0x0, 0x7f, 0xff, 0xc0, 0x0, 0x1,
    0xff, 0xff, 0x0, 0xf, 0xff, 0xf8, 0x0, 0x0,
    0xf, 0xff, 0xf8, 0x0, 0xff, 0xff, 0x0, 0x0,
    0x0, 0xff, 0xff, 0xc0, 0x1f, 0xff, 0xe0, 0x0,
    0x0, 0x7, 0xff, 0xfe, 0x3, 0xff, 0xfe, 0x0,
    0x0, 0x0, 0x3f, 0xff, 0xe0, 0x3f, 0xff, 0xc0,
    0x0, 0x0, 0x3, 0xff, 0xff, 0x7, 0xff, 0xf8,
    0x0, 0x0, 0x0, 0x1f, 0xff, 0xf8, 0xff, 0xff,
    0x80, 0x0, 0x0, 0x0, 0xff, 0xff, 0x9f, 0xff,
    0xf0, 0x0, 0x0, 0x0, 0x7, 0xff, 0xfd, 0xff,
    0xfe, 0x0, 0x0, 0x0, 0x0, 0x7f, 0xff, 0xff,
    0xff, 0xc0, 0x0, 0x0, 0x0, 0x3, 0xff, 0xff,
    0xff, 0xfc, 0x0, 0x0, 0x0, 0x0, 0x1f, 0xff,
    0xff, 0xff, 0x80, 0x0, 0x0, 0x0, 0x1, 0xff,
    0xff, 0xff, 0xf0, 0x0, 0x0, 0x0, 0x0, 0xf,
    0xff, 0xff, 0xff, 0x0, 0x0, 0x0, 0x0, 0x0,
    0x7f, 0xff, 0xff, 0xe0, 0x0, 0x0, 0x0, 0x0,
    0x7, 0xff, 0xff, 0xfc, 0x0, 0x0, 0x0, 0x0,
    0x0, 0x3f, 0xff, 0xff, 0x80, 0x0, 0x0, 0x0,
    0x0, 0x1, 0xff, 0xff, 0xf8, 0x0, 0x0, 0x0,
    0x0, 0x0, 0xf, 0xff, 0xff, 0x0, 0x0, 0x0,
    0x0, 0x0, 0x0, 0xff, 0xff, 0xe0, 0x0, 0x0,
    0x0, 0x0, 0x0, 0x7, 0xff, 0xff, 0x0, 0x0,
    0x0, 0x0, 0x0, 0x0, 0xff, 0xff, 0xf0, 0x0,
    0x0, 0x0, 0x0, 0x0, 0x1f, 0xff, 0xff, 0x80,
    0x0, 0x0, 0x0, 0x0, 0x1, 0xff, 0xff, 0xfc,
    0x0, 0x0, 0x0, 0x0, 0x0, 0x3f, 0xff, 0xff,
    0xc0, 0x0, 0x0, 0x0, 0x0, 0x7, 0xff, 0xff,
    0xfe, 0x0, 0x0, 0x0, 0x0, 0x0, 0x7f, 0xff,
    0xff, 0xf0, 0x0, 0x0, 0x0, 0x0, 0xf, 0xff,
    0xff, 0xff, 0x0, 0x0, 0x0, 0x0, 0x1, 0xff,
    0xff, 0xff, 0xf8, 0x0, 0x0, 0x0, 0x0, 0x3f,
    0xff, 0xff, 0xff, 0xc0, 0x0, 0x0, 0x0, 0x3,
    0xff, 0xff, 0xff, 0xfe, 0x0, 0x0, 0x0, 0x0,
    0x7f, 0xff, 0xff, 0xff, 0xe0, 0x0, 0x0, 0x0,
    0xf, 0xff, 0xf9, 0xff, 0xff, 0x0, 0x0, 0x0,
    0x1, 0xff, 0xff, 0x9f, 0xff, 0xf8, 0x0, 0x0,
    0x0, 0x1f, 0xff, 0xf0, 0xff, 0xff, 0x80, 0x0,
    0x0, 0x3, 0xff, 0xfe, 0x7, 0xff, 0xfc, 0x0,
    0x0, 0x0, 0x7f, 0xff, 0xc0, 0x7f, 0xff, 0xe0,
    0x0, 0x0, 0x7, 0xff, 0xfc, 0x3, 0xff, 0xff,
    0x0, 0x0, 0x0, 0xff, 0xff, 0x80, 0x1f, 0xff,
    0xf0, 0x0, 0x0, 0x1f, 0xff, 0xf0, 0x1, 0xff,
    0xff, 0x80, 0x0, 0x3, 0xff, 0xff, 0x0, 0xf,
    0xff, 0xfc, 0x0, 0x0, 0x3f, 0xff, 0xe0, 0x0,
    0x7f, 0xff, 0xc0, 0x0, 0x7, 0xff, 0xfc, 0x0,
    0x3, 0xff, 0xfe, 0x0, 0x0, 0xff, 0xff, 0xc0,
    0x0, 0x3f, 0xff, 0xf0, 0x0, 0xf, 0xff, 0xf8,
    0x0, 0x1, 0xff, 0xff, 0x80, 0x1, 0xff, 0xff,
    0x0, 0x0, 0xf, 0xff, 0xf8, 0x0, 0x3f, 0xff,
    0xf0, 0x0, 0x0, 0xff, 0xff, 0xc0, 0x7, 0xff,
    0xfe, 0x0, 0x0, 0x7, 0xff, 0xfe, 0x0, 0x7f,
    0xff, 0xc0, 0x0, 0x0, 0x3f, 0xff, 0xe0, 0xf,
    0xff, 0xfc, 0x0, 0x0, 0x3, 0xff, 0xff, 0x1,
    0xff, 0xff, 0x80, 0x0, 0x0, 0x1f, 0xff, 0xf8,
    0x1f, 0xff, 0xf0, 0x0, 0x0, 0x0, 0xff, 0xff,
    0xc3, 0xff, 0xff, 0x0, 0x0, 0x0, 0xf, 0xff,
    0xfc, 0x7f, 0xff, 0xe0, 0x0, 0x0, 0x0, 0x7f,
    0xff, 0xef, 0xff, 0xfc, 0x0, 0x0, 0x0, 0x3,
    0xff, 0xff,

    /* U+0059 "Y" */
    0xff, 0xff, 0x80, 0x0, 0x0, 0x0, 0xf, 0xff,
    0xef, 0xff, 0xf0, 0x0, 0x0, 0x0, 0x3, 0xff,
    0xf9, 0xff, 0xff, 0x0, 0x0, 0x0, 0x0, 0xff,
    0xff, 0x1f, 0xff, 0xf0, 0x0, 0x0, 0x0, 0x1f,
    0xff, 0xc1, 0xff, 0xfe, 0x0, 0x0, 0x0, 0x7,
    0xff, 0xf0, 0x3f, 0xff, 0xe0, 0x0, 0x0, 0x0,
    0xff, 0xfe, 0x3, 0xff, 0xfc, 0x0, 0x0, 0x0,
    0x3f, 0xff, 0x80, 0x7f, 0xff, 0xc0, 0x0, 0x0,
    0xf, 0xff, 0xf0, 0x7, 0xff, 0xf8, 0x0, 0x0,
    0x1, 0xff, 0xfc, 0x0, 0x7f, 0xff, 0x80, 0x0,
    0x0, 0x7f, 0xff, 0x80, 0xf, 0xff, 0xf8, 0x0,
    0x0, 0xf, 0xff, 0xe0, 0x0, 0xff, 0xff, 0x0,
    0x0, 0x3, 0xff, 0xf8, 0x0, 0x1f, 0xff, 0xf0,
    0x0, 0x0, 0xff, 0xff, 0x0, 0x1, 0xff, 0xfe,
    0x0, 0x0, 0x1f, 0xff, 0xc0, 0x0, 0x1f, 0xff,
    0xe0, 0x0, 0x7, 0xff, 0xf8, 0x0, 0x3, 0xff,
    0xfe, 0x0, 0x0, 0xff, 0xfe, 0x0, 0x0, 0x3f,
    0xff, 0xc0, 0x0, 0x3f, 0xff, 0x80, 0x0, 0x7,
    0xff, 0xfc, 0x0, 0x7, 0xff, 0xf0, 0x0, 0x0,
    0x7f, 0xff, 0x80, 0x1, 0xff, 0xfc, 0x0, 0x0,
    0x7, 0xff, 0xf8, 0x0, 0x7f, 0xff, 0x80, 0x0,
    0x0, 0xff, 0xff, 0x0, 0xf, 0xff, 0xe0, 0x0,
    0x0, 0xf, 0xff, 0xf0, 0x3, 0xff, 0xf8, 0x0,
    0x0, 0x1, 0xff, 0xff, 0x0, 0x7f, 0xff, 0x0,
    0x0, 0x0, 0x1f, 0xff, 0xe0, 0x1f, 0xff, 0xc0,
    0x0, 0x0, 0x1, 0xff, 0xfe, 0x7, 0xff, 0xf8,
    0x0, 0x0, 0x0, 0x3f, 0xff, 0xc0, 0xff, 0xfe,
    0x0, 0x0, 0x0, 0x3, 0xff, 0xfc, 0x3f, 0xff,
    0x80, 0x0, 0x0, 0x0, 0x7f, 0xff, 0xc7, 0xff,
    0xf0, 0x0, 0x0, 0x0, 0x7, 0xff, 0xf9, 0xff,
    0xfc, 0x0, 0x0, 0x0, 0x0, 0xff, 0xff, 0xbf,
    0xff, 0x80, 0x0, 0x0, 0x0, 0xf, 0xff, 0xff,
    0xff, 0xe0, 0x0, 0x0, 0x0, 0x0, 0xff, 0xff,
    0xff, 0xf8, 0x0, 0x0, 0x0, 0x0, 0x1f, 0xff,
    0xff, 0xff, 0x0, 0x0, 0x0, 0x0, 0x1, 0xff,
    0xff, 0xff, 0xc0, 0x0, 0x0, 0x0, 0x0, 0x3f,
    0xff, 0xff, 0xf8, 0x0, 0x0, 0x0, 0x0, 0x3,
    0xff, 0xff, 0xfe, 0x0, 0x0, 0x0, 0x0, 0x0,
    0x3f, 0xff, 0xff, 0x80, 0x0, 0x0, 0x0, 0x0,
    0x7, 0xff, 0xff, 0xf0, 0x0, 0x0, 0x0, 0x0,
    0x0, 0x7f, 0xff, 0xfc, 0x0, 0x0, 0x0, 0x0,
    0x0, 0xf, 0xff, 0xff, 0x80, 0x0, 0x0, 0x0,
    0x0, 0x0, 0xff, 0xff, 0xe0, 0x0, 0x0, 0x0,
    0x0, 0x0, 0xf, 0xff, 0xfc, 0x0, 0x0, 0x0,
    0x0, 0x0, 0x1, 0xff, 0xff, 0x0, 0x0, 0x0,
    0x0, 0x0, 0x0, 0x1f, 0xff, 0xc0, 0x0, 0x0,
    0x0, 0x0, 0x0, 0x3, 0xff, 0xf8, 0x0, 0x0,
    0x0, 0x0, 0x0, 0x0, 0x7f, 0xff, 0x0, 0x0,
    0x0, 0x0, 0x0, 0x0, 0xf, 0xff, 0xe0, 0x0,
    0x0, 0x0, 0x0, 0x0, 0x1, 0xff, 0xfc, 0x0,
    0x0, 0x0, 0x0, 0x0, 0x0, 0x3f, 0xff, 0x80,
    0x0, 0x0, 0x0, 0x0, 0x0, 0x7, 0xff, 0xf0,
    0x0, 0x0, 0x0, 0x0, 0x0, 0x0, 0xff, 0xfe,
    0x0, 0x0, 0x0, 0x0, 0x0, 0x0, 0x1f, 0xff,
    0xc0, 0x0, 0x0, 0x0, 0x0, 0x0, 0x3, 0xff,
    0xf8, 0x0, 0x0, 0x0, 0x0, 0x0, 0x0, 0x7f,
    0xff, 0x0, 0x0, 0x0, 0x0, 0x0, 0x0, 0xf,
    0xff, 0xe0, 0x0, 0x0, 0x0, 0x0, 0x0, 0x1,
    0xff, 0xfc, 0x0, 0x0, 0x0, 0x0, 0x0, 0x0,
    0x3f, 0xff, 0x80, 0x0, 0x0, 0x0, 0x0, 0x0,
    0x7, 0xff, 0xf0, 0x0, 0x0, 0x0, 0x0, 0x0,
    0x0, 0xff, 0xfe, 0x0, 0x0, 0x0, 0x0, 0x0,
    0x0, 0x1f, 0xff, 0xc0, 0x0, 0x0, 0x0, 0x0,
    0x0, 0x3, 0xff, 0xf8, 0x0, 0x0, 0x0, 0x0,
    0x0, 0x0, 0x7f, 0xff, 0x0, 0x0, 0x0, 0x0,
    0x0, 0x0, 0xf, 0xff, 0xe0, 0x0, 0x0, 0x0,
    0x0, 0x0, 0x1, 0xff, 0xfc, 0x0, 0x0, 0x0,
    0x0, 0x0, 0x0, 0x3f, 0xff, 0x80, 0x0, 0x0,
    0x0, 0x0, 0x0, 0x7, 0xff, 0xf0, 0x0, 0x0,
    0x0, 0x0, 0x0, 0x0, 0xff, 0xfe, 0x0, 0x0,
    0x0, 0x0, 0x0, 0x0, 0x1f, 0xff, 0xc0, 0x0,
    0x0, 0x0,

    /* U+005A "Z" */
    0x7f, 0xff, 0xff, 0xff, 0xff, 0xff, 0xff, 0xcf,
    0xff, 0xff, 0xff, 0xff, 0xff, 0xff, 0xf9, 0xff,
    0xff, 0xff, 0xff, 0xff, 0xff, 0xff, 0x3f, 0xff,
    0xff, 0xff, 0xff, 0xff, 0xff, 0xe7, 0xff, 0xff,
    0xff, 0xff, 0xff, 0xff, 0xfc, 0xff, 0xff, 0xff,
    0xff, 0xff, 0xff, 0xff, 0x9f, 0xff, 0xff, 0xff,
    0xff, 0xff, 0xff, 0xf3, 0xff, 0xff, 0xff, 0xff,
    0xff, 0xff, 0xfe, 0x7f, 0xff, 0xff, 0xff, 0xff,
    0xff, 0xff, 0xcf, 0xff, 0xff, 0xff, 0xff, 0xff,
    0xff, 0xf9, 0xff, 0xff, 0xff, 0xff, 0xff, 0xff,
    0xff, 0x3f, 0xff, 0xff, 0xff, 0xff, 0xff, 0xff,
    0xc7, 0xff, 0xff, 0xff, 0xff, 0xff, 0xff, 0xf0,
    0x0, 0x0, 0x0, 0x0, 0xf, 0xff, 0xfc, 0x0,
    0x0, 0x0, 0x0, 0x3, 0xff, 0xff, 0x80, 0x0,
    0x0, 0x0, 0x0, 0xff, 0xff, 0xe0, 0x0, 0x0,
    0x0, 0x0, 0x3f, 0xff, 0xf8, 0x0, 0x0, 0x0,
    0x0, 0xf, 0xff, 0xfe, 0x0, 0x0, 0x0, 0x0,
    0x1, 0xff, 0xff, 0x80, 0x0, 0x0, 0x0, 0x0,
    0x7f, 0xff, 0xe0, 0x0, 0x0, 0x0, 0x0, 0x1f,
    0xff, 0xfc, 0x0, 0x0, 0x0, 0x0, 0x7, 0xff,
    0xff, 0x0, 0x0, 0x0, 0x0, 0x1, 0xff, 0xff,
    0xc0, 0x0, 0x0, 0x0, 0x0, 0x7f, 0xff, 0xf0,
    0x0, 0x0, 0x0, 0x0, 0xf, 0xff, 0xfc, 0x0,
    0x0, 0x0, 0x0, 0x3, 0xff, 0xff, 0x0, 0x0,
    0x0, 0x0, 0x0, 0xff, 0xff, 0xe0, 0x0, 0x0,
    0x0, 0x0, 0x3f, 0xff, 0xf8, 0x0, 0x0, 0x0,
    0x0, 0xf, 0xff, 0xfe, 0x0, 0x0, 0x0, 0x0,
    0x3, 0xff, 0xff, 0x80, 0x0, 0x0, 0x0, 0x0,
    0x7f, 0xff, 0xe0, 0x0, 0x0, 0x0, 0x0, 0x1f,
    0xff, 0xf8, 0x0, 0x0, 0x0, 0x0, 0x7, 0xff,
    0xff, 0x0, 0x0, 0x0, 0x0, 0x1, 0xff, 0xff,
    0xc0, 0x0, 0x0, 0x0, 0x0, 0x7f, 0xff, 0xf0,
    0x0, 0x0, 0x0, 0x0, 0x1f, 0xff, 0xfc, 0x0,
    0x0, 0x0, 0x0, 0x3, 0xff, 0xff, 0x0, 0x0,
    0x0, 0x0, 0x0, 0xff, 0xff, 0xe0, 0x0, 0x0,
    0x0, 0x0, 0x3f, 0xff, 0xf8, 0x0, 0x0, 0x0,
    0x0, 0xf, 0xff, 0xfe, 0x0, 0x0, 0x0, 0x0,
    0x3, 0xff, 0xff, 0x80, 0x0, 0x0, 0x0, 0x0,
    0xff, 0xff, 0xe0, 0x0, 0x0, 0x0, 0x0, 0x1f,
    0xff, 0xf8, 0x0, 0x0, 0x0, 0x0, 0x7, 0xff,
    0xff, 0x0, 0x0, 0x0, 0x0, 0x1, 0xff, 0xff,
    0xc0, 0x0, 0x0, 0x0, 0x0, 0x7f, 0xff, 0xf0,
    0x0, 0x0, 0x0, 0x0, 0x1f, 0xff, 0xfc, 0x0,
    0x0, 0x0, 0x0, 0x7, 0xff, 0xff, 0x0, 0x0,
    0x0, 0x0, 0x0, 0xff, 0xff, 0xc0, 0x0, 0x0,
    0x0, 0x0, 0x3f, 0xff, 0xf8, 0x0, 0x0, 0x0,
    0x0, 0xf, 0xff, 0xfe, 0x0, 0x0, 0x0, 0x0,
    0x3, 0xff, 0xff, 0x80, 0x0, 0x0, 0x0, 0x0,
    0xff, 0xff, 0xe0, 0x0, 0x0, 0x0, 0x0, 0x3f,
    0xff, 0xf8, 0x0, 0x0, 0x0, 0x0, 0x7, 0xff,
    0xfe, 0x0, 0x0, 0x0, 0x0, 0x1, 0xff, 0xff,
    0xff, 0xff, 0xff, 0xff, 0xff, 0x7f, 0xff, 0xff,
    0xff, 0xff, 0xff, 0xff, 0xff, 0xff, 0xff, 0xff,
    0xff, 0xff, 0xff, 0xff, 0xff, 0xff, 0xff, 0xff,
    0xff, 0xff, 0xff, 0xff, 0xff, 0xff, 0xff, 0xff,
    0xff, 0xff, 0xff, 0xff, 0xff, 0xff, 0xff, 0xff,
    0xff, 0xff, 0xff, 0xff, 0xff, 0xff, 0xff, 0xff,
    0xff, 0xff, 0xff, 0xff, 0xff, 0xff, 0xff, 0xff,
    0xff, 0xff, 0xff, 0xff, 0xff, 0xff, 0xff, 0xff,
    0xff, 0xff, 0xff, 0xff, 0xff, 0xff, 0xff, 0xff,
    0xff, 0xff, 0xff, 0xff, 0xff, 0xff, 0xff, 0xff,
    0xff, 0xff, 0xff, 0xff, 0xff, 0xff, 0xff, 0xff,
    0xff, 0xff, 0xff, 0xff, 0xff, 0xf0,

    /* U+005B "[" */
    0xff, 0xff, 0xff, 0xff, 0xff, 0xff, 0xff, 0xff,
    0xff, 0xff, 0xff, 0xff, 0xff, 0xff, 0xff, 0xff,
    0xff, 0xff, 0xff, 0xff, 0xff, 0xff, 0xff, 0xff,
    0xff, 0xff, 0xff, 0xff, 0xff, 0xff, 0xff, 0xff,
    0xff, 0xff, 0xff, 0xff, 0xff, 0xff, 0xff, 0xff,
    0xfe, 0x0, 0x3f, 0xff, 0x80, 0xf, 0xff, 0xe0,
    0x3, 0xff, 0xf8, 0x0, 0xff, 0xfe, 0x0, 0x3f,
    0xff, 0x80, 0xf, 0xff, 0xe0, 0x3, 0xff, 0xf8,
    0x0, 0xff, 0xfe, 0x0, 0x3f, 0xff, 0x80, 0xf,
    0xff, 0xe0, 0x3, 0xff, 0xf8, 0x0, 0xff, 0xfe,
    0x0, 0x3f, 0xff, 0x80, 0xf, 0xff, 0xe0, 0x3,
    0xff, 0xf8, 0x0, 0xff, 0xfe, 0x0, 0x3f, 0xff,
    0x80, 0xf, 0xff, 0xe0, 0x3, 0xff, 0xf8, 0x0,
    0xff, 0xfe, 0x0, 0x3f, 0xff, 0x80, 0xf, 0xff,
    0xe0, 0x3, 0xff, 0xf8, 0x0, 0xff, 0xfe, 0x0,
    0x3f, 0xff, 0x80, 0xf, 0xff, 0xe0, 0x3, 0xff,
    0xf8, 0x0, 0xff, 0xfe, 0x0, 0x3f, 0xff, 0x80,
    0xf, 0xff, 0xe0, 0x3, 0xff, 0xf8, 0x0, 0xff,
    0xfe, 0x0, 0x3f, 0xff, 0x80, 0xf, 0xff, 0xe0,
    0x3, 0xff, 0xf8, 0x0, 0xff, 0xfe, 0x0, 0x3f,
    0xff, 0x80, 0xf, 0xff, 0xe0, 0x3, 0xff, 0xf8,
    0x0, 0xff, 0xfe, 0x0, 0x3f, 0xff, 0x80, 0xf,
    0xff, 0xe0, 0x3, 0xff, 0xf8, 0x0, 0xff, 0xfe,
    0x0, 0x3f, 0xff, 0x80, 0xf, 0xff, 0xe0, 0x3,
    0xff, 0xf8, 0x0, 0xff, 0xfe, 0x0, 0x3f, 0xff,
    0x80, 0xf, 0xff, 0xe0, 0x3, 0xff, 0xf8, 0x0,
    0xff, 0xfe, 0x0, 0x3f, 0xff, 0x80, 0xf, 0xff,
    0xe0, 0x3, 0xff, 0xf8, 0x0, 0xff, 0xfe, 0x0,
    0x3f, 0xff, 0x80, 0xf, 0xff, 0xe0, 0x3, 0xff,
    0xf8, 0x0, 0xff, 0xfe, 0x0, 0x3f, 0xff, 0x80,
    0xf, 0xff, 0xe0, 0x3, 0xff, 0xf8, 0x0, 0xff,
    0xfe, 0x0, 0x3f, 0xff, 0x80, 0xf, 0xff, 0xe0,
    0x3, 0xff, 0xff, 0xff, 0xff, 0xff, 0xff, 0xff,
    0xff, 0xff, 0xff, 0xff, 0xff, 0xff, 0xff, 0xff,
    0xff, 0xff, 0xff, 0xff, 0xff, 0xff, 0xff, 0xff,
    0xff, 0xff, 0xff, 0xff, 0xff, 0xff, 0xff, 0xff,
    0xff, 0xff, 0xff, 0xff, 0xff, 0xff, 0xff, 0xfc,

    /* U+005C "\\" */
    0xff, 0xf8, 0x0, 0x0, 0x0, 0x7, 0xff, 0xe0,
    0x0, 0x0, 0x0, 0x1f, 0xff, 0x0, 0x0, 0x0,
    0x0, 0xff, 0xf8, 0x0, 0x0, 0x0, 0x7, 0xff,
    0xe0, 0x0, 0x0, 0x0, 0x1f, 0xff, 0x0, 0x0,
    0x0, 0x0, 0xff, 0xf8, 0x0, 0x0, 0x0, 0x7,
    0xff, 0xe0, 0x0, 0x0, 0x0, 0x1f, 0xff, 0x0,
    0x0, 0x0, 0x0, 0xff, 0xf8, 0x0, 0x0, 0x0,
    0x7, 0xff, 0xe0, 0x0, 0x0, 0x0, 0x1f, 0xff,
    0x0, 0x0, 0x0, 0x0, 0xff, 0xf8, 0x0, 0x0,
    0x0, 0x7, 0xff, 0xe0, 0x0, 0x0, 0x0, 0x1f,
    0xff, 0x0, 0x0, 0x0, 0x0, 0xff, 0xf8, 0x0,
    0x0, 0x0, 0x7, 0xff, 0xe0, 0x0, 0x0, 0x0,
    0x1f, 0xff, 0x0, 0x0, 0x0, 0x0, 0xff, 0xf8,
    0x0, 0x0, 0x0, 0x7, 0xff, 0xe0, 0x0, 0x0,
    0x0, 0x1f, 0xff, 0x0, 0x0, 0x0, 0x0, 0xff,
    0xf8, 0x0, 0x0, 0x0, 0x7, 0xff, 0xe0, 0x0,
    0x0, 0x0, 0x1f, 0xff, 0x0, 0x0, 0x0, 0x0,
    0xff, 0xfc, 0x0, 0x0, 0x0, 0x3, 0xff, 0xe0,
    0x0, 0x0, 0x0, 0x1f, 0xff, 0x0, 0x0, 0x0,
    0x0, 0xff, 0xfc, 0x0, 0x0, 0x0, 0x3, 0xff,
    0xe0, 0x0, 0x0, 0x0, 0x1f, 0xff, 0x0, 0x0,
    0x0, 0x0, 0xff, 0xfc, 0x0, 0x0, 0x0, 0x3,
    0xff, 0xe0, 0x0, 0x0, 0x0, 0x1f, 0xff, 0x0,
    0x0, 0x0, 0x0, 0xff, 0xfc, 0x0, 0x0, 0x0,
    0x3, 0xff, 0xe0, 0x0, 0x0, 0x0, 0x1f, 0xff,
    0x0, 0x0, 0x0, 0x0, 0xff, 0xfc, 0x0, 0x0,
    0x0, 0x3, 0xff, 0xe0, 0x0, 0x0, 0x0, 0x1f,
    0xff, 0x0, 0x0, 0x0, 0x0, 0xff, 0xfc, 0x0,
    0x0, 0x0, 0x3, 0xff, 0xe0, 0x0, 0x0, 0x0,
    0x1f, 0xff, 0x0, 0x0, 0x0, 0x0, 0xff, 0xfc,
    0x0, 0x0, 0x0, 0x3, 0xff, 0xe0, 0x0, 0x0,
    0x0, 0x1f, 0xff, 0x0, 0x0, 0x0, 0x0, 0xff,
    0xfc, 0x0, 0x0, 0x0, 0x3, 0xff, 0xe0, 0x0,
    0x0, 0x0, 0x1f, 0xff, 0x0, 0x0, 0x0, 0x0,
    0xff, 0xfc, 0x0, 0x0, 0x0, 0x3, 0xff, 0xe0,
    0x0, 0x0, 0x0, 0x1f, 0xff, 0x80, 0x0, 0x0,
    0x0, 0x7f, 0xfc, 0x0, 0x0, 0x0, 0x3, 0xff,
    0xe0, 0x0, 0x0, 0x0, 0x1f, 0xff, 0x80, 0x0,
    0x0, 0x0, 0x7f, 0xfc, 0x0, 0x0, 0x0, 0x3,
    0xff, 0xe0, 0x0, 0x0, 0x0, 0x1f, 0xff, 0x80,
    0x0, 0x0, 0x0, 0x7f, 0xfc, 0x0, 0x0, 0x0,
    0x3, 0xff, 0xe0, 0x0, 0x0, 0x0, 0x1f, 0xff,
    0x80, 0x0, 0x0, 0x0, 0x7f, 0xfc, 0x0, 0x0,
    0x0, 0x3, 0xff, 0xe0, 0x0, 0x0, 0x0, 0x1f,
    0xff, 0x80, 0x0, 0x0, 0x0, 0x7f, 0xfc, 0x0,
    0x0, 0x0, 0x3, 0xff, 0xe0, 0x0, 0x0, 0x0,
    0x1f, 0xff, 0x80, 0x0, 0x0, 0x0, 0x7f, 0xfc,
    0x0, 0x0, 0x0, 0x3, 0xff, 0xe0, 0x0, 0x0,
    0x0, 0x1f, 0xff, 0x80, 0x0, 0x0, 0x0, 0x7f,
    0xfc, 0x0, 0x0, 0x0, 0x3, 0xff, 0xe0, 0x0,
    0x0, 0x0, 0x1f, 0xff, 0x80, 0x0, 0x0, 0x0,
    0x7f, 0xfc, 0x0, 0x0, 0x0, 0x3, 0xff, 0xe0,
    0x0, 0x0, 0x0, 0x1f, 0xff, 0x80, 0x0, 0x0,
    0x0, 0x7f, 0xfc, 0x0, 0x0, 0x0, 0x3, 0xff,
    0xf0, 0x0, 0x0, 0x0, 0xf, 0xff, 0x80, 0x0,
    0x0, 0x0, 0x7f, 0xfc, 0x0, 0x0, 0x0, 0x3,
    0xff, 0xf0, 0x0, 0x0, 0x0, 0xf, 0xff, 0x80,
    0x0, 0x0, 0x0, 0x7f, 0xfc, 0x0, 0x0, 0x0,
    0x3, 0xff, 0xf0, 0x0, 0x0, 0x0, 0xf, 0xff,
    0x80, 0x0, 0x0, 0x0, 0x7f, 0xfc, 0x0, 0x0,
    0x0, 0x3, 0xff, 0xf0, 0x0, 0x0, 0x0, 0xf,
    0xff, 0x80, 0x0, 0x0, 0x0, 0x7f, 0xfc, 0x0,
    0x0, 0x0, 0x3, 0xff, 0xf0, 0x0, 0x0, 0x0,
    0xf, 0xff, 0x80, 0x0, 0x0, 0x0, 0x7f, 0xfc,
    0x0, 0x0, 0x0, 0x3, 0xff, 0xf0,

    /* U+005D "]" */
    0xff, 0xff, 0xff, 0xff, 0xff, 0xff, 0xff, 0xff,
    0xff, 0xff, 0xff, 0xff, 0xff, 0xff, 0xff, 0xff,
    0xff, 0xff, 0xff, 0xff, 0xff, 0xff, 0xff, 0xff,
    0xff, 0xff, 0xff, 0xff, 0xff, 0xff, 0xff, 0xff,
    0xff, 0xff, 0xff, 0xff, 0xff, 0xff, 0xff, 0x0,
    0x1f, 0xff, 0xc0, 0x7, 0xff, 0xf0, 0x1, 0xff,
    0xfc, 0x0, 0x7f, 0xff, 0x0, 0x1f, 0xff, 0xc0,
    0x7, 0xff, 0xf0, 0x1, 0xff, 0xfc, 0x0, 0x7f,
    0xff, 0x0, 0x1f, 0xff, 0xc0, 0x7, 0xff, 0xf0,
    0x1, 0xff, 0xfc, 0x0, 0x7f, 0xff, 0x0, 0x1f,
    0xff, 0xc0, 0x7, 0xff, 0xf0, 0x1, 0xff, 0xfc,
    0x0, 0x7f, 0xff, 0x0, 0x1f, 0xff, 0xc0, 0x7,
    0xff, 0xf0, 0x1, 0xff, 0xfc, 0x0, 0x7f, 0xff,
    0x0, 0x1f, 0xff, 0xc0, 0x7, 0xff, 0xf0, 0x1,
    0xff, 0xfc, 0x0, 0x7f, 0xff, 0x0, 0x1f, 0xff,
    0xc0, 0x7, 0xff, 0xf0, 0x1, 0xff, 0xfc, 0x0,
    0x7f, 0xff, 0x0, 0x1f, 0xff, 0xc0, 0x7, 0xff,
    0xf0, 0x1, 0xff, 0xfc, 0x0, 0x7f, 0xff, 0x0,
    0x1f, 0xff, 0xc0, 0x7, 0xff, 0xf0, 0x1, 0xff,
    0xfc, 0x0, 0x7f, 0xff, 0x0, 0x1f, 0xff, 0xc0,
    0x7, 0xff, 0xf0, 0x1, 0xff, 0xfc, 0x0, 0x7f,
    0xff, 0x0, 0x1f, 0xff, 0xc0, 0x7, 0xff, 0xf0,
    0x1, 0xff, 0xfc, 0x0, 0x7f, 0xff, 0x0, 0x1f,
    0xff, 0xc0, 0x7, 0xff, 0xf0, 0x1, 0xff, 0xfc,
    0x0, 0x7f, 0xff, 0x0, 0x1f, 0xff, 0xc0, 0x7,
    0xff, 0xf0, 0x1, 0xff, 0xfc, 0x0, 0x7f, 0xff,
    0x0, 0x1f, 0xff, 0xc0, 0x7, 0xff, 0xf0, 0x1,
    0xff, 0xfc, 0x0, 0x7f, 0xff, 0x0, 0x1f, 0xff,
    0xc0, 0x7, 0xff, 0xf0, 0x1, 0xff, 0xfc, 0x0,
    0x7f, 0xff, 0x0, 0x1f, 0xff, 0xc0, 0x7, 0xff,
    0xf0, 0x1, 0xff, 0xfc, 0x0, 0x7f, 0xff, 0x0,
    0x1f, 0xff, 0xc0, 0x7, 0xff, 0xf0, 0x1, 0xff,
    0xff, 0xff, 0xff, 0xff, 0xff, 0xff, 0xff, 0xff,
    0xff, 0xff, 0xff, 0xff, 0xff, 0xff, 0xff, 0xff,
    0xff, 0xff, 0xff, 0xff, 0xff, 0xff, 0xff, 0xff,
    0xff, 0xff, 0xff, 0xff, 0xff, 0xff, 0xff, 0xff,
    0xff, 0xff, 0xff, 0xff, 0xff, 0xff, 0xff, 0xfc,

    /* U+005E "^" */
    0x0, 0x0, 0x3f, 0xfc, 0x0, 0x0, 0x0, 0x0,
    0xff, 0xf8, 0x0, 0x0, 0x0, 0x1, 0xff, 0xf8,
    0x0, 0x0, 0x0, 0x3, 0xff, 0xf0, 0x0, 0x0,
    0x0, 0xf, 0xff, 0xf0, 0x0, 0x0, 0x0, 0x1f,
    0xff, 0xe0, 0x0, 0x0, 0x0, 0x7f, 0xff, 0xc0,
    0x0, 0x0, 0x0, 0xff, 0xff, 0xc0, 0x0, 0x0,
    0x3, 0xff, 0xff, 0x80, 0x0, 0x0, 0x7, 0xff,
    0xff, 0x80, 0x0, 0x0, 0xf, 0xff, 0xff, 0x0,
    0x0, 0x0, 0x3f, 0xff, 0xff, 0x0, 0x0, 0x0,
    0x7f, 0xff, 0xfe, 0x0, 0x0, 0x1, 0xff, 0xdf,
    0xfc, 0x0, 0x0, 0x3, 0xff, 0x9f, 0xfc, 0x0,
    0x0, 0xf, 0xff, 0x3f, 0xf8, 0x0, 0x0, 0x1f,
    0xfc, 0x7f, 0xf8, 0x0, 0x0, 0x3f, 0xf8, 0x7f,
    0xf0, 0x0, 0x0, 0xff, 0xe0, 0xff, 0xf0, 0x0,
    0x1, 0xff, 0xc0, 0xff, 0xe0, 0x0, 0x7, 0xff,
    0x1, 0xff, 0xc0, 0x0, 0xf, 0xfe, 0x1, 0xff,
    0xc0, 0x0, 0x3f, 0xfc, 0x3, 0xff, 0x80, 0x0,
    0x7f, 0xf0, 0x7, 0xff, 0x80, 0x0, 0xff, 0xe0,
    0x7, 0xff, 0x0, 0x3, 0xff, 0x80, 0xf, 0xff,
    0x0, 0x7, 0xff, 0x0, 0xf, 0xfe, 0x0, 0x1f,
    0xfe, 0x0, 0x1f, 0xfc, 0x0, 0x3f, 0xf8, 0x0,
    0x3f, 0xfc, 0x0, 0xff, 0xf0, 0x0, 0x3f, 0xf8,
    0x1, 0xff, 0xc0, 0x0, 0x7f, 0xf8, 0x3, 0xff,
    0x80, 0x0, 0x7f, 0xf0, 0xf, 0xff, 0x0, 0x0,
    0xff, 0xe0, 0x1f, 0xfc, 0x0, 0x0, 0xff, 0xe0,
    0x7f, 0xf8, 0x0, 0x1, 0xff, 0xc0, 0xff, 0xe0,
    0x0, 0x3, 0xff, 0xc3, 0xff, 0xc0, 0x0, 0x3,
    0xff, 0x87, 0xff, 0x0, 0x0, 0x7, 0xff, 0x8f,
    0xfe, 0x0, 0x0, 0x7, 0xff, 0x3f, 0xfc, 0x0,
    0x0, 0xf, 0xfe, 0x7f, 0xf0, 0x0, 0x0, 0x1f,
    0xfe,

    /* U+005F "_" */
    0xff, 0xff, 0xff, 0xff, 0xff, 0xff, 0xff, 0xff,
    0xff, 0xff, 0xff, 0xff, 0xff, 0xff, 0xff, 0xff,
    0xff, 0xff, 0xff, 0xff, 0xff, 0xff, 0xff, 0xff,
    0xff, 0xff, 0xff, 0xff, 0xff, 0xff, 0xff, 0xff,
    0xff, 0xff, 0xff, 0xff, 0xff, 0xff, 0xff, 0xff,
    0xff, 0xff, 0xff, 0xff, 0xff, 0xff, 0xff, 0xff,

    /* U+0060 "`" */
    0x7f, 0xff, 0x80, 0x0, 0xff, 0xff, 0x0, 0x0,
    0xff, 0xfe, 0x0, 0x1, 0xff, 0xfc, 0x0, 0x3,
    0xff, 0xf8, 0x0, 0x7, 0xff, 0xf0, 0x0, 0x7,
    0xff, 0xe0, 0x0, 0xf, 0xff, 0xc0, 0x0, 0x1f,
    0xff, 0x0, 0x0, 0x3f, 0xfe, 0x0, 0x0, 0x7f,
    0xfc, 0x0, 0x0, 0x7f, 0xf8, 0x0, 0x0, 0xff,
    0xf0, 0x0, 0x1, 0xff, 0xe0,

    /* U+0061 "a" */
    0x0, 0x0, 0x3f, 0xfe, 0x0, 0x0, 0x0, 0x3,
    0xff, 0xff, 0xf0, 0x0, 0x0, 0x1f, 0xff, 0xff,
    0xff, 0x0, 0x0, 0x3f, 0xff, 0xff, 0xff, 0xc0,
    0x0, 0x7f, 0xff, 0xff, 0xff, 0xf8, 0x0, 0xff,
    0xff, 0xff, 0xff, 0xfe, 0x0, 0xff, 0xff, 0xff,
    0xff, 0xff, 0x80, 0x3f, 0xff, 0xff, 0xff, 0xff,
    0xe0, 0x1f, 0xff, 0xff, 0xff, 0xff, 0xf8, 0x7,
    0xff, 0xff, 0xff, 0xff, 0xfe, 0x3, 0xff, 0xff,
    0xff, 0xff, 0xff, 0x0, 0xff, 0xff, 0xff, 0xff,
    0xff, 0xc0, 0x7f, 0xf8, 0x1, 0xff, 0xff, 0xe0,
    0x1f, 0xe0, 0x0, 0x3f, 0xff, 0xf8, 0xf, 0x80,
    0x0, 0x7, 0xff, 0xfc, 0x3, 0x0, 0x0, 0x1,
    0xff, 0xfe, 0x1, 0x0, 0x0, 0x0, 0xff, 0xff,
    0x0, 0x0, 0x0, 0x0, 0x3f, 0xff, 0xc0, 0x0,
    0x0, 0x0, 0x1f, 0xff, 0xe0, 0x0, 0x0, 0x0,
    0x7, 0xff, 0xf0, 0x0, 0x0, 0x0, 0x3, 0xff,
    0xf8, 0x0, 0x0, 0x0, 0x1, 0xff, 0xfc, 0x0,
    0x7, 0xff, 0xff, 0xff, 0xfe, 0x0, 0x3f, 0xff,
    0xff, 0xff, 0xff, 0x0, 0xff, 0xff, 0xff, 0xff,
    0xff, 0x81, 0xff, 0xff, 0xff, 0xff, 0xff, 0xc1,
    0xff, 0xff, 0xff, 0xff, 0xff, 0xe1, 0xff, 0xff,
    0xff, 0xff, 0xff, 0xf1, 0xff, 0xff, 0xff, 0xff,
    0xff, 0xf9, 0xff, 0xff, 0xff, 0xff, 0xff, 0xfc,
    0xff, 0xff, 0xff, 0xff, 0xff, 0xfe, 0xff, 0xff,
    0xe0, 0x0, 0x7f, 0xff, 0x7f, 0xff, 0x80, 0x0,
    0x3f, 0xff, 0xbf, 0xff, 0x80, 0x0, 0x1f, 0xff,
    0xff, 0xff, 0xc0, 0x0, 0xf, 0xff, 0xff, 0xff,
    0xc0, 0x0, 0x7, 0xff, 0xff, 0xff, 0xe0, 0x0,
    0x3, 0xff, 0xff, 0xff, 0xf0, 0x0, 0x1, 0xff,
    0xff, 0xff, 0xf8, 0x0, 0x1, 0xff, 0xff, 0xff,
    0xfc, 0x0, 0x1, 0xff, 0xff, 0xff, 0xff, 0x0,
    0x0, 0xff, 0xff, 0xff, 0xff, 0x80, 0x0, 0xff,
    0xff, 0xdf, 0xff, 0xf0, 0x1, 0xff, 0xff, 0xef,
    0xff, 0xfe, 0x3, 0xff, 0xff, 0xf7, 0xff, 0xff,
    0xff, 0xff, 0xff, 0xf9, 0xff, 0xff, 0xff, 0xff,
    0xff, 0xfc, 0x7f, 0xff, 0xff, 0xff, 0xff, 0xfe,
    0x3f, 0xff, 0xff, 0xff, 0xff, 0xff, 0xf, 0xff,
    0xff, 0xff, 0xdf, 0xff, 0x83, 0xff, 0xff, 0xff,
    0xcf, 0xff, 0xc0, 0x7f, 0xff, 0xff, 0xc7, 0xff,
    0xe0, 0x1f, 0xff, 0xff, 0x83, 0xff, 0xf0, 0x3,
    0xff, 0xff, 0x1, 0xff, 0xf8, 0x0, 0x1f, 0xf8,
    0x0, 0x0, 0x0,

    /* U+0062 "b" */
    0xff, 0xfe, 0x0, 0x0, 0x0, 0x0, 0x0, 0xff,
    0xfe, 0x0, 0x0, 0x0, 0x0, 0x0, 0xff, 0xfe,
    0x0, 0x0, 0x0, 0x0, 0x0, 0xff, 0xfe, 0x0,
    0x0, 0x0, 0x0, 0x0, 0xff, 0xfe, 0x0, 0x0,
    0x0, 0x0, 0x0, 0xff, 0xfe, 0x0, 0x0, 0x0,
    0x0, 0x0, 0xff, 0xfe, 0x0, 0x0, 0x0, 0x0,
    0x0, 0xff, 0xfe, 0x0, 0x0, 0x0, 0x0, 0x0,
    0xff, 0xfe, 0x0, 0x0, 0x0, 0x0, 0x0, 0xff,
    0xfe, 0x0, 0x0, 0x0, 0x0, 0x0, 0xff, 0xfe,
    0x0, 0x0, 0x0, 0x0, 0x0, 0xff, 0xfe, 0x0,
    0x0, 0x0, 0x0, 0x0, 0xff, 0xfe, 0x0, 0x0,
    0x0, 0x0, 0x0, 0xff, 0xfe, 0x0, 0x0, 0x0,
    0x0, 0x0, 0xff, 0xfe, 0x0, 0x0, 0x0, 0x0,
    0x0, 0xff, 0xfe, 0x0, 0x0, 0x0, 0x0, 0x0,
    0xff, 0xfe, 0x0, 0x0, 0x0, 0x0, 0x0, 0xff,
    0xfe, 0x0, 0x0, 0x0, 0x0, 0x0, 0xff, 0xfe,
    0x0, 0x0, 0x0, 0x0, 0x0, 0xff, 0xfe, 0x0,
    0x3f, 0xf0, 0x0, 0x0, 0xff, 0xfe, 0x3, 0xff,
    0xff, 0x0, 0x0, 0xff, 0xfe, 0xf, 0xff, 0xff,
    0xc0, 0x0, 0xff, 0xfe, 0x3f, 0xff, 0xff, 0xf0,
    0x0, 0xff, 0xfe, 0x7f, 0xff, 0xff, 0xf8, 0x0,
    0xff, 0xfe, 0xff, 0xff, 0xff, 0xfe, 0x0, 0xff,
    0xff, 0xff, 0xff, 0xff, 0xff, 0x0, 0xff, 0xff,
    0xff, 0xff, 0xff, 0xff, 0x80, 0xff, 0xff, 0xff,
    0xff, 0xff, 0xff, 0xc0, 0xff, 0xff, 0xff, 0xff,
    0xff, 0xff, 0xe0, 0xff, 0xff, 0xff, 0xff, 0xff,
    0xff, 0xe0, 0xff, 0xff, 0xff, 0xff, 0xff, 0xff,
    0xf0, 0xff, 0xff, 0xff, 0x80, 0xff, 0xff, 0xf8,
    0xff, 0xff, 0xfc, 0x0, 0x3f, 0xff, 0xf8, 0xff,
    0xff, 0xf8, 0x0, 0xf, 0xff, 0xfc, 0xff, 0xff,
    0xe0, 0x0, 0x7, 0xff, 0xfc, 0xff, 0xff, 0xe0,
    0x0, 0x3, 0xff, 0xfc, 0xff, 0xff, 0xc0, 0x0,
    0x3, 0xff, 0xfe, 0xff, 0xff, 0x80, 0x0, 0x1,
    0xff, 0xfe, 0xff, 0xff, 0x80, 0x0, 0x0, 0xff,
    0xfe, 0xff, 0xff, 0x0, 0x0, 0x0, 0xff, 0xfe,
    0xff, 0xff, 0x0, 0x0, 0x0, 0xff, 0xff, 0xff,
    0xff, 0x0, 0x0, 0x0, 0x7f, 0xff, 0xff, 0xff,
    0x0, 0x0, 0x0, 0x7f, 0xff, 0xff, 0xfe, 0x0,
    0x0, 0x0, 0x7f, 0xff, 0xff, 0xfe, 0x0, 0x0,
    0x0, 0x7f, 0xff, 0xff, 0xfe, 0x0, 0x0, 0x0,
    0x7f, 0xff, 0xff, 0xfe, 0x0, 0x0, 0x0, 0x7f,
    0xff, 0xff, 0xfe, 0x0, 0x0, 0x0, 0x7f, 0xff,
    0xff, 0xfe, 0x0, 0x0, 0x0, 0x7f, 0xff, 0xff,
    0xff, 0x0, 0x0, 0x0, 0x7f, 0xff, 0xff, 0xff,
    0x0, 0x0, 0x0, 0x7f, 0xff, 0xff, 0xff, 0x0,
    0x0, 0x0, 0xff, 0xff, 0xff, 0xff, 0x0, 0x0,
    0x0, 0xff, 0xfe, 0xff, 0xff, 0x80, 0x0, 0x1,
    0xff, 0xfe, 0xff, 0xff, 0x80, 0x0, 0x1, 0xff,
    0xfe, 0xff, 0xff, 0xc0, 0x0, 0x3, 0xff, 0xfe,
    0xff, 0xff, 0xe0, 0x0, 0x3, 0xff, 0xfc, 0xff,
    0xff, 0xe0, 0x0, 0x7, 0xff, 0xfc, 0xff, 0xff,
    0xf8, 0x0, 0xf, 0xff, 0xf8, 0xff, 0xff, 0xfc,
    0x0, 0x3f, 0xff, 0xf8, 0xff, 0xff, 0xff, 0x80,
    0xff, 0xff, 0xf0, 0xff, 0xff, 0xff, 0xff, 0xff,
    0xff, 0xf0, 0xff, 0xff, 0xff, 0xff, 0xff, 0xff,
    0xe0, 0xff, 0xff, 0xff, 0xff, 0xff, 0xff, 0xc0,
    0xff, 0xff, 0xff, 0xff, 0xff, 0xff, 0xc0, 0xff,
    0xff, 0xff, 0xff, 0xff, 0xff, 0x80, 0xff, 0xff,
    0xff, 0xff, 0xff, 0xff, 0x0, 0xff, 0xfe, 0xff,
    0xff, 0xff, 0xfe, 0x0, 0xff, 0xfe, 0x7f, 0xff,
    0xff, 0xf8, 0x0, 0xff, 0xfe, 0x3f, 0xff, 0xff,
    0xf0, 0x0, 0xff, 0xfe, 0xf, 0xff, 0xff, 0xc0,
    0x0, 0xff, 0xfe, 0x3, 0xff, 0xfe, 0x0, 0x0,
    0x0, 0x0, 0x0, 0x7f, 0xf0, 0x0, 0x0,

    /* U+0063 "c" */
    0x0, 0x0, 0x1, 0xff, 0xe0, 0x0, 0x0, 0x0,
    0x1, 0xff, 0xff, 0xe0, 0x0, 0x0, 0x0, 0xff,
    0xff, 0xff, 0x80, 0x0, 0x0, 0x3f, 0xff, 0xff,
    0xfe, 0x0, 0x0, 0xf, 0xff, 0xff, 0xff, 0xf8,
    0x0, 0x1, 0xff, 0xff, 0xff, 0xff, 0xc0, 0x0,
    0x7f, 0xff, 0xff, 0xff, 0xfe, 0x0, 0xf, 0xff,
    0xff, 0xff, 0xff, 0xf0, 0x1, 0xff, 0xff, 0xff,
    0xff, 0xff, 0x80, 0x3f, 0xff, 0xff, 0xff, 0xff,
    0xfc, 0x7, 0xff, 0xff, 0xff, 0xff, 0xff, 0xc0,
    0x7f, 0xff, 0xff, 0xff, 0xff, 0xfe, 0xf, 0xff,
    0xff, 0x80, 0xff, 0xff, 0xf1, 0xff, 0xff, 0xc0,
    0x1, 0xff, 0xfe, 0x1f, 0xff, 0xf8, 0x0, 0xf,
    0xff, 0x83, 0xff, 0xfe, 0x0, 0x0, 0x7f, 0xe0,
    0x3f, 0xff, 0xc0, 0x0, 0x3, 0xf8, 0x3, 0xff,
    0xfc, 0x0, 0x0, 0x1f, 0x0, 0x7f, 0xff, 0x80,
    0x0, 0x0, 0xc0, 0x7, 0xff, 0xf8, 0x0, 0x0,
    0x0, 0x0, 0x7f, 0xff, 0x0, 0x0, 0x0, 0x0,
    0xf, 0xff, 0xf0, 0x0, 0x0, 0x0, 0x0, 0xff,
    0xfe, 0x0, 0x0, 0x0, 0x0, 0xf, 0xff, 0xe0,
    0x0, 0x0, 0x0, 0x0, 0xff, 0xfe, 0x0, 0x0,
    0x0, 0x0, 0xf, 0xff, 0xe0, 0x0, 0x0, 0x0,
    0x0, 0xff, 0xfe, 0x0, 0x0, 0x0, 0x0, 0xf,
    0xff, 0xe0, 0x0, 0x0, 0x0, 0x0, 0xff, 0xfe,
    0x0, 0x0, 0x0, 0x0, 0xf, 0xff, 0xe0, 0x0,
    0x0, 0x0, 0x0, 0xff, 0xfe, 0x0, 0x0, 0x0,
    0x0, 0xf, 0xff, 0xe0, 0x0, 0x0, 0x0, 0x0,
    0xff, 0xff, 0x0, 0x0, 0x0, 0x0, 0x7, 0xff,
    0xf0, 0x0, 0x0, 0x0, 0x0, 0x7f, 0xff, 0x80,
    0x0, 0x0, 0x0, 0x7, 0xff, 0xf8, 0x0, 0x0,
    0xc, 0x0, 0x3f, 0xff, 0xc0, 0x0, 0x1, 0xf0,
    0x3, 0xff, 0xfc, 0x0, 0x0, 0x3f, 0x80, 0x3f,
    0xff, 0xe0, 0x0, 0x7, 0xfe, 0x1, 0xff, 0xff,
    0x80, 0x0, 0xff, 0xf8, 0x1f, 0xff, 0xfc, 0x0,
    0x1f, 0xff, 0xe0, 0xff, 0xff, 0xf8, 0xf, 0xff,
    0xff, 0x7, 0xff, 0xff, 0xff, 0xff, 0xff, 0xe0,
    0x7f, 0xff, 0xff, 0xff, 0xff, 0xfe, 0x3, 0xff,
    0xff, 0xff, 0xff, 0xff, 0xc0, 0x1f, 0xff, 0xff,
    0xff, 0xff, 0xf8, 0x0, 0xff, 0xff, 0xff, 0xff,
    0xff, 0x0, 0x7, 0xff, 0xff, 0xff, 0xff, 0xe0,
    0x0, 0x1f, 0xff, 0xff, 0xff, 0xfc, 0x0, 0x0,
    0xff, 0xff, 0xff, 0xff, 0x80, 0x0, 0x3, 0xff,
    0xff, 0xff, 0xe0, 0x0, 0x0, 0xf, 0xff, 0xff,
    0xf8, 0x0, 0x0, 0x0, 0x3f, 0xff, 0xfe, 0x0,
    0x0, 0x0, 0x0, 0x3f, 0xfe, 0x0, 0x0,

    /* U+0064 "d" */
    0x0, 0x0, 0x0, 0x0, 0x0, 0x7f, 0xff, 0x0,
    0x0, 0x0, 0x0, 0x0, 0x7f, 0xff, 0x0, 0x0,
    0x0, 0x0, 0x0, 0x7f, 0xff, 0x0, 0x0, 0x0,
    0x0, 0x0, 0x7f, 0xff, 0x0, 0x0, 0x0, 0x0,
    0x0, 0x7f, 0xff, 0x0, 0x0, 0x0, 0x0, 0x0,
    0x7f, 0xff, 0x0, 0x0, 0x0, 0x0, 0x0, 0x7f,
    0xff, 0x0, 0x0, 0x0, 0x0, 0x0, 0x7f, 0xff,
    0x0, 0x0, 0x0, 0x0, 0x0, 0x7f, 0xff, 0x0,
    0x0, 0x0, 0x0, 0x0, 0x7f, 0xff, 0x0, 0x0,
    0x0, 0x0, 0x0, 0x7f, 0xff, 0x0, 0x0, 0x0,
    0x0, 0x0, 0x7f, 0xff, 0x0, 0x0, 0x0, 0x0,
    0x0, 0x7f, 0xff, 0x0, 0x0, 0x0, 0x0, 0x0,
    0x7f, 0xff, 0x0, 0x0, 0x0, 0x0, 0x0, 0x7f,
    0xff, 0x0, 0x0, 0x0, 0x0, 0x0, 0x7f, 0xff,
    0x0, 0x0, 0x0, 0x0, 0x0, 0x7f, 0xff, 0x0,
    0x0, 0x0, 0x0, 0x0, 0x7f, 0xff, 0x0, 0x0,
    0x0, 0x0, 0x0, 0x7f, 0xff, 0x0, 0x0, 0xf,
    0xfe, 0x0, 0x7f, 0xff, 0x0, 0x0, 0x7f, 0xff,
    0xc0, 0x7f, 0xff, 0x0, 0x3, 0xff, 0xff, 0xf0,
    0x7f, 0xff, 0x0, 0xf, 0xff, 0xff, 0xfc, 0x7f,
    0xff, 0x0, 0x1f, 0xff, 0xff, 0xfe, 0x7f, 0xff,
    0x0, 0x7f, 0xff, 0xff, 0xff, 0x7f, 0xff, 0x0,
    0xff, 0xff, 0xff, 0xff, 0xff, 0xff, 0x1, 0xff,
    0xff, 0xff, 0xff, 0xff, 0xff, 0x3, 0xff, 0xff,
    0xff, 0xff, 0xff, 0xff, 0x7, 0xff, 0xff, 0xff,
    0xff, 0xff, 0xff, 0x7, 0xff, 0xff, 0xff, 0xff,
    0xff, 0xff, 0xf, 0xff, 0xff, 0xff, 0xff, 0xff,
    0xff, 0x1f, 0xff, 0xff, 0x0, 0xff, 0xff, 0xff,
    0x1f, 0xff, 0xfc, 0x0, 0x3f, 0xff, 0xff, 0x3f,
    0xff, 0xf0, 0x0, 0xf, 0xff, 0xff, 0x3f, 0xff,
    0xe0, 0x0, 0x7, 0xff, 0xff, 0x3f, 0xff, 0xc0,
    0x0, 0x3, 0xff, 0xff, 0x7f, 0xff, 0xc0, 0x0,
    0x3, 0xff, 0xff, 0x7f, 0xff, 0x80, 0x0, 0x1,
    0xff, 0xff, 0x7f, 0xff, 0x0, 0x0, 0x0, 0xff,
    0xff, 0x7f, 0xff, 0x0, 0x0, 0x0, 0xff, 0xff,
    0xff, 0xff, 0x0, 0x0, 0x0, 0xff, 0xff, 0xff,
    0xfe, 0x0, 0x0, 0x0, 0x7f, 0xff, 0xff, 0xfe,
    0x0, 0x0, 0x0, 0x7f, 0xff, 0xff, 0xfe, 0x0,
    0x0, 0x0, 0x7f, 0xff, 0xff, 0xfe, 0x0, 0x0,
    0x0, 0x7f, 0xff, 0xff, 0xfe, 0x0, 0x0, 0x0,
    0x7f, 0xff, 0xff, 0xfe, 0x0, 0x0, 0x0, 0x7f,
    0xff, 0xff, 0xfe, 0x0, 0x0, 0x0, 0x7f, 0xff,
    0xff, 0xfe, 0x0, 0x0, 0x0, 0x7f, 0xff, 0xff,
    0xfe, 0x0, 0x0, 0x0, 0x7f, 0xff, 0xff, 0xfe,
    0x0, 0x0, 0x0, 0x7f, 0xff, 0xff, 0xff, 0x0,
    0x0, 0x0, 0xff, 0xff, 0x7f, 0xff, 0x0, 0x0,
    0x0, 0xff, 0xff, 0x7f, 0xff, 0x80, 0x0, 0x1,
    0xff, 0xff, 0x7f, 0xff, 0x80, 0x0, 0x1, 0xff,
    0xff, 0x7f, 0xff, 0xc0, 0x0, 0x3, 0xff, 0xff,
    0x3f, 0xff, 0xc0, 0x0, 0x3, 0xff, 0xff, 0x3f,
    0xff, 0xe0, 0x0, 0x7, 0xff, 0xff, 0x3f, 0xff,
    0xf0, 0x0, 0xf, 0xff, 0xff, 0x1f, 0xff, 0xfc,
    0x0, 0x3f, 0xff, 0xff, 0xf, 0xff, 0xff, 0x0,
    0xff, 0xff, 0xff, 0xf, 0xff, 0xff, 0xff, 0xff,
    0xff, 0xff, 0x7, 0xff, 0xff, 0xff, 0xff, 0xff,
    0xff, 0x3, 0xff, 0xff, 0xff, 0xff, 0xff, 0xff,
    0x3, 0xff, 0xff, 0xff, 0xff, 0xff, 0xff, 0x1,
    0xff, 0xff, 0xff, 0xff, 0xff, 0xff, 0x0, 0xff,
    0xff, 0xff, 0xff, 0xff, 0xff, 0x0, 0x7f, 0xff,
    0xff, 0xff, 0x7f, 0xff, 0x0, 0x1f, 0xff, 0xff,
    0xfe, 0x7f, 0xff, 0x0, 0xf, 0xff, 0xff, 0xfc,
    0x7f, 0xff, 0x0, 0x3, 0xff, 0xff, 0xf0, 0x7f,
    0xff, 0x0, 0x0, 0xff, 0xff, 0xc0, 0x7f, 0xff,
    0x0, 0x0, 0xf, 0xfe, 0x0, 0x0, 0x0,

    /* U+0065 "e" */
    0x0, 0x0, 0x3, 0xff, 0x80, 0x0, 0x0, 0x0,
    0x0, 0xff, 0xff, 0xe0, 0x0, 0x0, 0x0, 0x1f,
    0xff, 0xff, 0xe0, 0x0, 0x0, 0x1, 0xff, 0xff,
    0xff, 0xe0, 0x0, 0x0, 0xf, 0xff, 0xff, 0xff,
    0xe0, 0x0, 0x0, 0xff, 0xff, 0xff, 0xff, 0xc0,
    0x0, 0x7, 0xff, 0xff, 0xff, 0xff, 0xc0, 0x0,
    0x3f, 0xff, 0xff, 0xff, 0xff, 0x80, 0x1, 0xff,
    0xff, 0xff, 0xff, 0xff, 0x0, 0xf, 0xff, 0xff,
    0xff, 0xff, 0xfc, 0x0, 0x7f, 0xff, 0xff, 0xff,
    0xff, 0xf8, 0x1, 0xff, 0xff, 0xff, 0xff, 0xff,
    0xf0, 0xf, 0xff, 0xff, 0x1, 0xff, 0xff, 0xc0,
    0x7f, 0xff, 0xe0, 0x0, 0xff, 0xff, 0x81, 0xff,
    0xff, 0x0, 0x1, 0xff, 0xff, 0xf, 0xff, 0xf8,
    0x0, 0x1, 0xff, 0xfc, 0x3f, 0xff, 0xc0, 0x0,
    0x7, 0xff, 0xf1, 0xff, 0xfe, 0x0, 0x0, 0xf,
    0xff, 0xe7, 0xff, 0xf8, 0x0, 0x0, 0x1f, 0xff,
    0x9f, 0xff, 0xc0, 0x0, 0x0, 0x7f, 0xfe, 0x7f,
    0xff, 0x0, 0x0, 0x1, 0xff, 0xfb, 0xff, 0xf8,
    0x0, 0x0, 0x3, 0xff, 0xff, 0xff, 0xff, 0xff,
    0xff, 0xff, 0xff, 0xff, 0xff, 0xff, 0xff, 0xff,
    0xff, 0xff, 0xff, 0xff, 0xff, 0xff, 0xff, 0xff,
    0xff, 0xff, 0xff, 0xff, 0xff, 0xff, 0xff, 0xff,
    0xff, 0xff, 0xff, 0xff, 0xff, 0xff, 0xff, 0xff,
    0xff, 0xff, 0xff, 0xff, 0xff, 0xff, 0xff, 0xff,
    0xff, 0xff, 0xff, 0xff, 0xff, 0xff, 0xff, 0xff,
    0xff, 0xff, 0xff, 0xff, 0xff, 0xff, 0xff, 0xff,
    0xff, 0xff, 0xff, 0x80, 0x0, 0x0, 0x0, 0x0,
    0xff, 0xff, 0x0, 0x0, 0x0, 0x0, 0x1, 0xff,
    0xfc, 0x0, 0x0, 0x0, 0x0, 0x7, 0xff, 0xf0,
    0x0, 0x0, 0x0, 0x0, 0x1f, 0xff, 0xe0, 0x0,
    0x0, 0x0, 0x0, 0x3f, 0xff, 0xc0, 0x0, 0x0,
    0x0, 0x0, 0xff, 0xff, 0x0, 0x0, 0x1, 0x80,
    0x3, 0xff, 0xfe, 0x0, 0x0, 0xf, 0x0, 0x7,
    0xff, 0xfe, 0x0, 0x0, 0x7e, 0x0, 0x1f, 0xff,
    0xfc, 0x0, 0x7, 0xfc, 0x0, 0x3f, 0xff, 0xfe,
    0x0, 0xff, 0xf8, 0x0, 0x7f, 0xff, 0xff, 0xff,
    0xff, 0xf0, 0x1, 0xff, 0xff, 0xff, 0xff, 0xff,
    0xc0, 0x3, 0xff, 0xff, 0xff, 0xff, 0xff, 0x80,
    0x7, 0xff, 0xff, 0xff, 0xff, 0xff, 0x0, 0xf,
    0xff, 0xff, 0xff, 0xff, 0xfc, 0x0, 0x1f, 0xff,
    0xff, 0xff, 0xff, 0xe0, 0x0, 0x1f, 0xff, 0xff,
    0xff, 0xfe, 0x0, 0x0, 0x3f, 0xff, 0xff, 0xff,
    0xf0, 0x0, 0x0, 0x3f, 0xff, 0xff, 0xff, 0x0,
    0x0, 0x0, 0x3f, 0xff, 0xff, 0xf0, 0x0, 0x0,
    0x0, 0x1f, 0xff, 0xff, 0x0, 0x0, 0x0, 0x0,
    0x7, 0xff, 0x80, 0x0, 0x0,

    /* U+0066 "f" */
    0x0, 0x0, 0x1, 0xff, 0xc0, 0x0, 0x0, 0x1f,
    0xff, 0xf8, 0x0, 0x0, 0x7f, 0xff, 0xfe, 0x0,
    0x1, 0xff, 0xff, 0xfe, 0x0, 0x3, 0xff, 0xff,
    0xfe, 0x0, 0x7, 0xff, 0xff, 0xfe, 0x0, 0xf,
    0xff, 0xff, 0xfc, 0x0, 0x1f, 0xff, 0xff, 0xfc,
    0x0, 0x1f, 0xff, 0xff, 0xfc, 0x0, 0x3f, 0xff,
    0xff, 0xf8, 0x0, 0x3f, 0xff, 0xff, 0xf8, 0x0,
    0x7f, 0xff, 0xff, 0xf0, 0x0, 0x7f, 0xff, 0xe0,
    0x70, 0x0, 0x7f, 0xff, 0x80, 0x10, 0x0, 0xff,
    0xff, 0x0, 0x0, 0x0, 0xff, 0xff, 0x0, 0x0,
    0x0, 0xff, 0xfe, 0x0, 0x0, 0x0, 0xff, 0xfe,
    0x0, 0x0, 0x0, 0xff, 0xfe, 0x0, 0x0, 0x0,
    0xff, 0xfe, 0x0, 0x0, 0x0, 0xff, 0xfe, 0x0,
    0x0, 0xff, 0xff, 0xff, 0xff, 0xf0, 0xff, 0xff,
    0xff, 0xff, 0xf0, 0xff, 0xff, 0xff, 0xff, 0xf0,
    0xff, 0xff, 0xff, 0xff, 0xf0, 0xff, 0xff, 0xff,
    0xff, 0xf0, 0xff, 0xff, 0xff, 0xff, 0xf0, 0xff,
    0xff, 0xff, 0xff, 0xf0, 0xff, 0xff, 0xff, 0xff,
    0xf0, 0xff, 0xff, 0xff, 0xff, 0xf0, 0xff, 0xff,
    0xff, 0xff, 0xf0, 0xff, 0xff, 0xff, 0xff, 0xf0,
    0xff, 0xff, 0xff, 0xff, 0xf0, 0x0, 0xff, 0xfe,
    0x0, 0x0, 0x0, 0xff, 0xfe, 0x0, 0x0, 0x0,
    0xff, 0xfe, 0x0, 0x0, 0x0, 0xff, 0xfe, 0x0,
    0x0, 0x0, 0xff, 0xfe, 0x0, 0x0, 0x0, 0xff,
    0xfe, 0x0, 0x0, 0x0, 0xff, 0xfe, 0x0, 0x0,
    0x0, 0xff, 0xfe, 0x0, 0x0, 0x0, 0xff, 0xfe,
    0x0, 0x0, 0x0, 0xff, 0xfe, 0x0, 0x0, 0x0,
    0xff, 0xfe, 0x0, 0x0, 0x0, 0xff, 0xfe, 0x0,
    0x0, 0x0, 0xff, 0xfe, 0x0, 0x0, 0x0, 0xff,
    0xfe, 0x0, 0x0, 0x0, 0xff, 0xfe, 0x0, 0x0,
    0x0, 0xff, 0xfe, 0x0, 0x0, 0x0, 0xff, 0xfe,
    0x0, 0x0, 0x0, 0xff, 0xfe, 0x0, 0x0, 0x0,
    0xff, 0xfe, 0x0, 0x0, 0x0, 0xff, 0xfe, 0x0,
    0x0, 0x0, 0xff, 0xfe, 0x0, 0x0, 0x0, 0xff,
    0xfe, 0x0, 0x0, 0x0, 0xff, 0xfe, 0x0, 0x0,
    0x0, 0xff, 0xfe, 0x0, 0x0, 0x0, 0xff, 0xfe,
    0x0, 0x0, 0x0, 0xff, 0xfe, 0x0, 0x0, 0x0,
    0xff, 0xfe, 0x0, 0x0, 0x0, 0xff, 0xfe, 0x0,
    0x0, 0x0, 0xff, 0xfe, 0x0, 0x0, 0x0, 0xff,
    0xfe, 0x0, 0x0, 0x0, 0xff, 0xfe, 0x0, 0x0,
    0x0, 0xff, 0xfe, 0x0, 0x0, 0x0, 0xff, 0xfe,
    0x0, 0x0, 0x0, 0xff, 0xfe, 0x0, 0x0, 0x0,
    0xff, 0xfe, 0x0, 0x0, 0x0, 0xff, 0xfe, 0x0,
    0x0, 0x0, 0xff, 0xfe, 0x0, 0x0, 0x0, 0xff,
    0xfe, 0x0, 0x0, 0x0, 0xff, 0xfe, 0x0, 0x0,
    0x0, 0xff, 0xfe, 0x0, 0x0,

    /* U+0067 "g" */
    0x0, 0x0, 0xf, 0xfe, 0x0, 0x0, 0x0, 0x0,
    0x0, 0x7f, 0xff, 0xf0, 0xf, 0xff, 0xc0, 0x0,
    0xff, 0xff, 0xfe, 0x7, 0xff, 0xe0, 0x1, 0xff,
    0xff, 0xff, 0xc3, 0xff, 0xf0, 0x3, 0xff, 0xff,
    0xff, 0xf1, 0xff, 0xf8, 0x3, 0xff, 0xff, 0xff,
    0xfc, 0xff, 0xfc, 0x3, 0xff, 0xff, 0xff, 0xff,
    0x7f, 0xfe, 0x3, 0xff, 0xff, 0xff, 0xff, 0xff,
    0xff, 0x3, 0xff, 0xff, 0xff, 0xff, 0xff, 0xff,
    0x83, 0xff, 0xff, 0xff, 0xff, 0xff, 0xff, 0xc3,
    0xff, 0xff, 0xff, 0xff, 0xff, 0xff, 0xe1, 0xff,
    0xff, 0xff, 0xff, 0xff, 0xff, 0xf1, 0xff, 0xff,
    0xf8, 0x7, 0xff, 0xff, 0xf8, 0xff, 0xff, 0xe0,
    0x0, 0xff, 0xff, 0xfc, 0xff, 0xff, 0xc0, 0x0,
    0x1f, 0xff, 0xfe, 0x7f, 0xff, 0xc0, 0x0, 0x7,
    0xff, 0xff, 0x7f, 0xff, 0xc0, 0x0, 0x1, 0xff,
    0xff, 0xbf, 0xff, 0xc0, 0x0, 0x0, 0x7f, 0xff,
    0xdf, 0xff, 0xe0, 0x0, 0x0, 0x1f, 0xff, 0xff,
    0xff, 0xe0, 0x0, 0x0, 0xf, 0xff, 0xff, 0xff,
    0xf0, 0x0, 0x0, 0x7, 0xff, 0xff, 0xff, 0xf0,
    0x0, 0x0, 0x1, 0xff, 0xff, 0xff, 0xf8, 0x0,
    0x0, 0x0, 0xff, 0xff, 0xff, 0xfc, 0x0, 0x0,
    0x0, 0x7f, 0xff, 0xff, 0xfe, 0x0, 0x0, 0x0,
    0x3f, 0xff, 0xff, 0xff, 0x0, 0x0, 0x0, 0x1f,
    0xff, 0xff, 0xff, 0x80, 0x0, 0x0, 0xf, 0xff,
    0xff, 0xff, 0xc0, 0x0, 0x0, 0x7, 0xff, 0xff,
    0xff, 0xe0, 0x0, 0x0, 0x3, 0xff, 0xff, 0xff,
    0xf8, 0x0, 0x0, 0x3, 0xff, 0xfd, 0xff, 0xfc,
    0x0, 0x0, 0x1, 0xff, 0xfe, 0xff, 0xff, 0x0,
    0x0, 0x0, 0xff, 0xff, 0x7f, 0xff, 0x80, 0x0,
    0x0, 0xff, 0xff, 0xbf, 0xff, 0xe0, 0x0, 0x0,
    0xff, 0xff, 0xcf, 0xff, 0xf8, 0x0, 0x0, 0xff,
    0xff, 0xe7, 0xff, 0xfe, 0x0, 0x0, 0xff, 0xff,
    0xf1, 0xff, 0xff, 0xc0, 0x1, 0xff, 0xff, 0xf8,
    0xff, 0xff, 0xfc, 0x3, 0xff, 0xff, 0xfc, 0x3f,
    0xff, 0xff, 0xff, 0xff, 0xff, 0xfe, 0x1f, 0xff,
    0xff, 0xff, 0xff, 0xff, 0xff, 0x7, 0xff, 0xff,
    0xff, 0xff, 0xff, 0xff, 0x81, 0xff, 0xff, 0xff,
    0xff, 0xff, 0xff, 0xc0, 0x7f, 0xff, 0xff, 0xff,
    0xff, 0xff, 0xe0, 0x1f, 0xff, 0xff, 0xff, 0xff,
    0xff, 0xf0, 0x7, 0xff, 0xff, 0xff, 0xfb, 0xff,
    0xf8, 0x1, 0xff, 0xff, 0xff, 0xf9, 0xff, 0xfc,
    0x0, 0x3f, 0xff, 0xff, 0xf8, 0xff, 0xfe, 0x0,
    0x7, 0xff, 0xff, 0xf0, 0x7f, 0xff, 0x0, 0x0,
    0xff, 0xff, 0xe0, 0x3f, 0xff, 0x80, 0x0, 0x7,
    0xff, 0x0, 0x1f, 0xff, 0xc0, 0x0, 0x0, 0x0,
    0x0, 0xf, 0xff, 0xe0, 0x0, 0x0, 0x0, 0x0,
    0xf, 0xff, 0xe0, 0x0, 0x0, 0x0, 0x0, 0x7,
    0xff, 0xf0, 0x0, 0x0, 0x0, 0x0, 0x3, 0xff,
    0xf8, 0x2, 0x0, 0x0, 0x0, 0x3, 0xff, 0xfc,
    0x1, 0xc0, 0x0, 0x0, 0x3, 0xff, 0xfc, 0x1,
    0xf0, 0x0, 0x0, 0x3, 0xff, 0xfe, 0x0, 0xff,
    0x0, 0x0, 0x3, 0xff, 0xff, 0x0, 0xff, 0xe0,
    0x0, 0x7, 0xff, 0xff, 0x0, 0x7f, 0xff, 0x0,
    0x1f, 0xff, 0xff, 0x80, 0x7f, 0xff, 0xff, 0xff,
    0xff, 0xff, 0x80, 0x3f, 0xff, 0xff, 0xff, 0xff,
    0xff, 0xc0, 0x3f, 0xff, 0xff, 0xff, 0xff, 0xff,
    0xc0, 0x3f, 0xff, 0xff, 0xff, 0xff, 0xff, 0xc0,
    0x1f, 0xff, 0xff, 0xff, 0xff, 0xff, 0xc0, 0x7,
    0xff, 0xff, 0xff, 0xff, 0xff, 0xc0, 0x1, 0xff,
    0xff, 0xff, 0xff, 0xff, 0xc0, 0x0, 0x3f, 0xff,
    0xff, 0xff, 0xff, 0x80, 0x0, 0x7, 0xff, 0xff,
    0xff, 0xff, 0x80, 0x0, 0x0, 0x7f, 0xff, 0xff,
    0xff, 0x0, 0x0, 0x0, 0x7, 0xff, 0xff, 0xfc,
    0x0, 0x0, 0x0, 0x0, 0x1f, 0xff, 0xc0, 0x0,
    0x0,

    /* U+0068 "h" */
    0xff, 0xfe, 0x0, 0x0, 0x0, 0x0, 0x7, 0xff,
    0xf0, 0x0, 0x0, 0x0, 0x0, 0x3f, 0xff, 0x80,
    0x0, 0x0, 0x0, 0x1, 0xff, 0xfc, 0x0, 0x0,
    0x0, 0x0, 0xf, 0xff, 0xe0, 0x0, 0x0, 0x0,
    0x0, 0x7f, 0xff, 0x0, 0x0, 0x0, 0x0, 0x3,
    0xff, 0xf8, 0x0, 0x0, 0x0, 0x0, 0x1f, 0xff,
    0xc0, 0x0, 0x0, 0x0, 0x0, 0xff, 0xfe, 0x0,
    0x0, 0x0, 0x0, 0x7, 0xff, 0xf0, 0x0, 0x0,
    0x0, 0x0, 0x3f, 0xff, 0x80, 0x0, 0x0, 0x0,
    0x1, 0xff, 0xfc, 0x0, 0x0, 0x0, 0x0, 0xf,
    0xff, 0xe0, 0x0, 0x0, 0x0, 0x0, 0x7f, 0xff,
    0x0, 0x0, 0x0, 0x0, 0x3, 0xff, 0xf8, 0x0,
    0x0, 0x0, 0x0, 0x1f, 0xff, 0xc0, 0x0, 0x0,
    0x0, 0x0, 0xff, 0xfe, 0x0, 0x0, 0x0, 0x0,
    0x7, 0xff, 0xf0, 0x0, 0x0, 0x0, 0x0, 0x3f,
    0xff, 0x80, 0x0, 0x0, 0x0, 0x1, 0xff, 0xfc,
    0x0, 0x7f, 0xf0, 0x0, 0xf, 0xff, 0xe0, 0x1f,
    0xff, 0xf0, 0x0, 0x7f, 0xff, 0x7, 0xff, 0xff,
    0xf0, 0x3, 0xff, 0xf8, 0xff, 0xff, 0xff, 0xc0,
    0x1f, 0xff, 0xcf, 0xff, 0xff, 0xff, 0x80, 0xff,
    0xfe, 0xff, 0xff, 0xff, 0xfe, 0x7, 0xff, 0xff,
    0xff, 0xff, 0xff, 0xf8, 0x3f, 0xff, 0xff, 0xff,
    0xff, 0xff, 0xe1, 0xff, 0xff, 0xff, 0xff, 0xff,
    0xff, 0xf, 0xff, 0xff, 0xff, 0xff, 0xff, 0xfc,
    0x7f, 0xff, 0xff, 0xff, 0xff, 0xff, 0xe3, 0xff,
    0xff, 0xff, 0xff, 0xff, 0xff, 0x9f, 0xff, 0xff,
    0xff, 0xff, 0xff, 0xfc, 0xff, 0xff, 0xff, 0x1,
    0xff, 0xff, 0xf7, 0xff, 0xff, 0xc0, 0x3, 0xff,
    0xff, 0xbf, 0xff, 0xfc, 0x0, 0x7, 0xff, 0xfd,
    0xff, 0xff, 0x80, 0x0, 0x1f, 0xff, 0xef, 0xff,
    0xfc, 0x0, 0x0, 0xff, 0xff, 0xff, 0xff, 0xc0,
    0x0, 0x3, 0xff, 0xff, 0xff, 0xfc, 0x0, 0x0,
    0x1f, 0xff, 0xff, 0xff, 0xe0, 0x0, 0x0, 0xff,
    0xff, 0xff, 0xff, 0x0, 0x0, 0x3, 0xff, 0xff,
    0xff, 0xf0, 0x0, 0x0, 0x1f, 0xff, 0xff, 0xff,
    0x80, 0x0, 0x0, 0xff, 0xff, 0xff, 0xfc, 0x0,
    0x0, 0x7, 0xff, 0xff, 0xff, 0xe0, 0x0, 0x0,
    0x3f, 0xff, 0xff, 0xff, 0x0, 0x0, 0x1, 0xff,
    0xff, 0xff, 0xf8, 0x0, 0x0, 0xf, 0xff, 0xff,
    0xff, 0xc0, 0x0, 0x0, 0x7f, 0xff, 0xff, 0xfe,
    0x0, 0x0, 0x3, 0xff, 0xff, 0xff, 0xf0, 0x0,
    0x0, 0x1f, 0xff, 0xff, 0xff, 0x80, 0x0, 0x0,
    0xff, 0xff, 0xff, 0xfc, 0x0, 0x0, 0x7, 0xff,
    0xff, 0xff, 0xe0, 0x0, 0x0, 0x3f, 0xff, 0xff,
    0xff, 0x0, 0x0, 0x1, 0xff, 0xff, 0xff, 0xf8,
    0x0, 0x0, 0xf, 0xff, 0xff, 0xff, 0xc0, 0x0,
    0x0, 0x7f, 0xff, 0xff, 0xfe, 0x0, 0x0, 0x3,
    0xff, 0xff, 0xff, 0xf0, 0x0, 0x0, 0x1f, 0xff,
    0xff, 0xff, 0x80, 0x0, 0x0, 0xff, 0xff, 0xff,
    0xfc, 0x0, 0x0, 0x7, 0xff, 0xff, 0xff, 0xe0,
    0x0, 0x0, 0x3f, 0xff, 0xff, 0xff, 0x0, 0x0,
    0x1, 0xff, 0xff, 0xff, 0xf8, 0x0, 0x0, 0xf,
    0xff, 0xff, 0xff, 0xc0, 0x0, 0x0, 0x7f, 0xff,
    0xff, 0xfe, 0x0, 0x0, 0x3, 0xff, 0xff, 0xff,
    0xf0, 0x0, 0x0, 0x1f, 0xff, 0xff, 0xff, 0x80,
    0x0, 0x0, 0xff, 0xff, 0xff, 0xfc, 0x0, 0x0,
    0x7, 0xff, 0xff, 0xff, 0xe0, 0x0, 0x0, 0x3f,
    0xff, 0xff, 0xff, 0x0, 0x0, 0x1, 0xff, 0xff,
    0xff, 0xf8, 0x0, 0x0, 0xf, 0xff, 0xff, 0xff,
    0xc0, 0x0, 0x0, 0x7f, 0xff,

    /* U+0069 "i" */
    0x3, 0xf8, 0x1, 0xff, 0xc0, 0x7f, 0xfe, 0x1f,
    0xff, 0xc7, 0xff, 0xfc, 0xff, 0xff, 0xff, 0xff,
    0xff, 0xff, 0xff, 0xff, 0xff, 0xff, 0xff, 0xff,
    0xff, 0xff, 0xff, 0xff, 0xe7, 0xff, 0xfc, 0x7f,
    0xff, 0x7, 0xff, 0xc0, 0x7f, 0xf0, 0x3, 0xf8,
    0x0, 0x0, 0x0, 0x0, 0x0, 0x0, 0x0, 0x0,
    0x0, 0x0, 0x0, 0x0, 0x0, 0x0, 0x0, 0x0,
    0x0, 0x3f, 0xff, 0x87, 0xff, 0xf0, 0xff, 0xfe,
    0x1f, 0xff, 0xc3, 0xff, 0xf8, 0x7f, 0xff, 0xf,
    0xff, 0xe1, 0xff, 0xfc, 0x3f, 0xff, 0x87, 0xff,
    0xf0, 0xff, 0xfe, 0x1f, 0xff, 0xc3, 0xff, 0xf8,
    0x7f, 0xff, 0xf, 0xff, 0xe1, 0xff, 0xfc, 0x3f,
    0xff, 0x87, 0xff, 0xf0, 0xff, 0xfe, 0x1f, 0xff,
    0xc3, 0xff, 0xf8, 0x7f, 0xff, 0xf, 0xff, 0xe1,
    0xff, 0xfc, 0x3f, 0xff, 0x87, 0xff, 0xf0, 0xff,
    0xfe, 0x1f, 0xff, 0xc3, 0xff, 0xf8, 0x7f, 0xff,
    0xf, 0xff, 0xe1, 0xff, 0xfc, 0x3f, 0xff, 0x87,
    0xff, 0xf0, 0xff, 0xfe, 0x1f, 0xff, 0xc3, 0xff,
    0xf8, 0x7f, 0xff, 0xf, 0xff, 0xe1, 0xff, 0xfc,
    0x3f, 0xff, 0x87, 0xff, 0xf0, 0xff, 0xfe, 0x1f,
    0xff, 0xc3, 0xff, 0xf8, 0x7f, 0xff, 0xf, 0xff,
    0xe1, 0xff, 0xfc, 0x3f, 0xff, 0x87, 0xff, 0xf0,
    0xff, 0xfe, 0x1f, 0xff, 0xc0,

    /* U+006A "j" */
    0x0, 0x0, 0x7, 0xf0, 0x0, 0x0, 0x7, 0xff,
    0x0, 0x0, 0x3, 0xff, 0xf0, 0x0, 0x1, 0xff,
    0xfc, 0x0, 0x0, 0xff, 0xff, 0x80, 0x0, 0x3f,
    0xff, 0xf0, 0x0, 0x1f, 0xff, 0xfc, 0x0, 0x7,
    0xff, 0xff, 0x0, 0x1, 0xff, 0xff, 0xc0, 0x0,
    0x7f, 0xff, 0xf0, 0x0, 0x1f, 0xff, 0xfc, 0x0,
    0x7, 0xff, 0xfe, 0x0, 0x0, 0xff, 0xff, 0x80,
    0x0, 0x1f, 0xff, 0xc0, 0x0, 0x3, 0xff, 0xe0,
    0x0, 0x0, 0x7f, 0xf0, 0x0, 0x0, 0x7, 0xf0,
    0x0, 0x0, 0x0, 0x0, 0x0, 0x0, 0x0, 0x0,
    0x0, 0x0, 0x0, 0x0, 0x0, 0x0, 0x0, 0x0,
    0x0, 0x0, 0x0, 0x0, 0x0, 0x0, 0x0, 0x0,
    0x0, 0x0, 0x0, 0x0, 0x0, 0x0, 0x0, 0x0,
    0x7f, 0xff, 0x0, 0x0, 0x1f, 0xff, 0xc0, 0x0,
    0x7, 0xff, 0xf0, 0x0, 0x1, 0xff, 0xfc, 0x0,
    0x0, 0x7f, 0xff, 0x0, 0x0, 0x1f, 0xff, 0xc0,
    0x0, 0x7, 0xff, 0xf0, 0x0, 0x1, 0xff, 0xfc,
    0x0, 0x0, 0x7f, 0xff, 0x0, 0x0, 0x1f, 0xff,
    0xc0, 0x0, 0x7, 0xff, 0xf0, 0x0, 0x1, 0xff,
    0xfc, 0x0, 0x0, 0x7f, 0xff, 0x0, 0x0, 0x1f,
    0xff, 0xc0, 0x0, 0x7, 0xff, 0xf0, 0x0, 0x1,
    0xff, 0xfc, 0x0, 0x0, 0x7f, 0xff, 0x0, 0x0,
    0x1f, 0xff, 0xc0, 0x0, 0x7, 0xff, 0xf0, 0x0,
    0x1, 0xff, 0xfc, 0x0, 0x0, 0x7f, 0xff, 0x0,
    0x0, 0x1f, 0xff, 0xc0, 0x0, 0x7, 0xff, 0xf0,
    0x0, 0x1, 0xff, 0xfc, 0x0, 0x0, 0x7f, 0xff,
    0x0, 0x0, 0x1f, 0xff, 0xc0, 0x0, 0x7, 0xff,
    0xf0, 0x0, 0x1, 0xff, 0xfc, 0x0, 0x0, 0x7f,
    0xff, 0x0, 0x0, 0x1f, 0xff, 0xc0, 0x0, 0x7,
    0xff, 0xf0, 0x0, 0x1, 0xff, 0xfc, 0x0, 0x0,
    0x7f, 0xff, 0x0, 0x0, 0x1f, 0xff, 0xc0, 0x0,
    0x7, 0xff, 0xf0, 0x0, 0x1, 0xff, 0xfc, 0x0,
    0x0, 0x7f, 0xff, 0x0, 0x0, 0x1f, 0xff, 0xc0,
    0x0, 0x7, 0xff, 0xf0, 0x0, 0x1, 0xff, 0xfc,
    0x0, 0x0, 0x7f, 0xff, 0x0, 0x0, 0x1f, 0xff,
    0xc0, 0x0, 0x7, 0xff, 0xf0, 0x0, 0x1, 0xff,
    0xfc, 0x0, 0x0, 0x7f, 0xff, 0x0, 0x0, 0x1f,
    0xff, 0xc0, 0x0, 0x7, 0xff, 0xf0, 0x0, 0x1,
    0xff, 0xfc, 0x0, 0x0, 0x7f, 0xff, 0x0, 0x0,
    0x1f, 0xff, 0xc0, 0x0, 0x7, 0xff, 0xf0, 0x0,
    0x1, 0xff, 0xfc, 0x0, 0x0, 0x7f, 0xff, 0x0,
    0x0, 0x1f, 0xff, 0xc0, 0x0, 0x7, 0xff, 0xf0,
    0x0, 0x1, 0xff, 0xfc, 0x0, 0x0, 0xff, 0xff,
    0x0, 0x0, 0x3f, 0xff, 0xc0, 0x80, 0x1f, 0xff,
    0xe0, 0x38, 0x1f, 0xff, 0xf8, 0x1f, 0xff, 0xff,
    0xfe, 0x7, 0xff, 0xff, 0xff, 0x1, 0xff, 0xff,
    0xff, 0xc0, 0xff, 0xff, 0xff, 0xe0, 0x3f, 0xff,
    0xff, 0xf8, 0xf, 0xff, 0xff, 0xfc, 0x7, 0xff,
    0xff, 0xfe, 0x1, 0xff, 0xff, 0xff, 0x0, 0x7f,
    0xff, 0xff, 0x80, 0x1f, 0xff, 0xff, 0x80, 0x1,
    0xff, 0xff, 0x80, 0x0, 0x7, 0xff, 0x0, 0x0,

    /* U+006B "k" */
    0xff, 0xfe, 0x0, 0x0, 0x0, 0x0, 0x0, 0x7f,
    0xff, 0x0, 0x0, 0x0, 0x0, 0x0, 0x3f, 0xff,
    0x80, 0x0, 0x0, 0x0, 0x0, 0x1f, 0xff, 0xc0,
    0x0, 0x0, 0x0, 0x0, 0xf, 0xff, 0xe0, 0x0,
    0x0, 0x0, 0x0, 0x7, 0xff, 0xf0, 0x0, 0x0,
    0x0, 0x0, 0x3, 0xff, 0xf8, 0x0, 0x0, 0x0,
    0x0, 0x1, 0xff, 0xfc, 0x0, 0x0, 0x0, 0x0,
    0x0, 0xff, 0xfe, 0x0, 0x0, 0x0, 0x0, 0x0,
    0x7f, 0xff, 0x0, 0x0, 0x0, 0x0, 0x0, 0x3f,
    0xff, 0x80, 0x0, 0x0, 0x0, 0x0, 0x1f, 0xff,
    0xc0, 0x0, 0x0, 0x0, 0x0, 0xf, 0xff, 0xe0,
    0x0, 0x0, 0x0, 0x0, 0x7, 0xff, 0xf0, 0x0,
    0x0, 0x0, 0x0, 0x3, 0xff, 0xf8, 0x0, 0x0,
    0x0, 0x0, 0x1, 0xff, 0xfc, 0x0, 0x0, 0x0,
    0x0, 0x0, 0xff, 0xfe, 0x0, 0x0, 0x0, 0x0,
    0x0, 0x7f, 0xff, 0x0, 0x0, 0x0, 0x0, 0x0,
    0x3f, 0xff, 0x80, 0x0, 0x0, 0x0, 0x0, 0x1f,
    0xff, 0xc0, 0x0, 0x0, 0x0, 0x0, 0xf, 0xff,
    0xe0, 0x0, 0x0, 0xff, 0xff, 0xc7, 0xff, 0xf0,
    0x0, 0x0, 0xff, 0xff, 0xc3, 0xff, 0xf8, 0x0,
    0x0, 0xff, 0xff, 0xc1, 0xff, 0xfc, 0x0, 0x0,
    0xff, 0xff, 0xc0, 0xff, 0xfe, 0x0, 0x0, 0xff,
    0xff, 0xc0, 0x7f, 0xff, 0x0, 0x0, 0xff, 0xff,
    0xc0, 0x3f, 0xff, 0x80, 0x0, 0xff, 0xff, 0xc0,
    0x1f, 0xff, 0xc0, 0x0, 0xff, 0xff, 0xc0, 0xf,
    0xff, 0xe0, 0x0, 0xff, 0xff, 0xc0, 0x7, 0xff,
    0xf0, 0x0, 0xff, 0xff, 0xe0, 0x3, 0xff, 0xf8,
    0x0, 0xff, 0xff, 0xe0, 0x1, 0xff, 0xfc, 0x0,
    0xff, 0xff, 0xe0, 0x0, 0xff, 0xfe, 0x0, 0xff,
    0xff, 0xe0, 0x0, 0x7f, 0xff, 0x0, 0xff, 0xff,
    0xe0, 0x0, 0x3f, 0xff, 0x80, 0xff, 0xff, 0xe0,
    0x0, 0x1f, 0xff, 0xc0, 0xff, 0xff, 0xe0, 0x0,
    0xf, 0xff, 0xe1, 0xff, 0xff, 0xe0, 0x0, 0x7,
    0xff, 0xf1, 0xff, 0xff, 0xe0, 0x0, 0x3, 0xff,
    0xf9, 0xff, 0xff, 0xe0, 0x0, 0x1, 0xff, 0xfd,
    0xff, 0xff, 0xe0, 0x0, 0x0, 0xff, 0xff, 0xff,
    0xff, 0xe0, 0x0, 0x0, 0x7f, 0xff, 0xff, 0xff,
    0xe0, 0x0, 0x0, 0x3f, 0xff, 0xff, 0xff, 0xf0,
    0x0, 0x0, 0x1f, 0xff, 0xff, 0xff, 0xf8, 0x0,
    0x0, 0xf, 0xff, 0xff, 0xff, 0xfe, 0x0, 0x0,
    0x7, 0xff, 0xff, 0xff, 0xff, 0x80, 0x0, 0x3,
    0xff, 0xff, 0xff, 0xff, 0xe0, 0x0, 0x1, 0xff,
    0xff, 0xff, 0xff, 0xf8, 0x0, 0x0, 0xff, 0xff,
    0xff, 0xff, 0xfc, 0x0, 0x0, 0x7f, 0xff, 0xff,
    0xff, 0xff, 0x0, 0x0, 0x3f, 0xff, 0xff, 0xff,
    0xff, 0xc0, 0x0, 0x1f, 0xff, 0xff, 0xff, 0xff,
    0xf0, 0x0, 0xf, 0xff, 0xff, 0xdf, 0xff, 0xf8,
    0x0, 0x7, 0xff, 0xff, 0xc7, 0xff, 0xfe, 0x0,
    0x3, 0xff, 0xff, 0xc1, 0xff, 0xff, 0x80, 0x1,
    0xff, 0xff, 0xc0, 0xff, 0xff, 0xe0, 0x0, 0xff,
    0xff, 0xc0, 0x3f, 0xff, 0xf8, 0x0, 0x7f, 0xff,
    0xc0, 0xf, 0xff, 0xfc, 0x0, 0x3f, 0xff, 0xc0,
    0x3, 0xff, 0xff, 0x0, 0x1f, 0xff, 0xc0, 0x0,
    0xff, 0xff, 0xc0, 0xf, 0xff, 0xe0, 0x0, 0x7f,
    0xff, 0xf0, 0x7, 0xff, 0xf0, 0x0, 0x1f, 0xff,
    0xf8, 0x3, 0xff, 0xf8, 0x0, 0x7, 0xff, 0xfe,
    0x1, 0xff, 0xfc, 0x0, 0x1, 0xff, 0xff, 0x80,
    0xff, 0xfe, 0x0, 0x0, 0x7f, 0xff, 0xe0, 0x7f,
    0xff, 0x0, 0x0, 0x3f, 0xff, 0xf8, 0x3f, 0xff,
    0x80, 0x0, 0xf, 0xff, 0xfc, 0x1f, 0xff, 0xc0,
    0x0, 0x3, 0xff, 0xff, 0xf, 0xff, 0xe0, 0x0,
    0x0, 0xff, 0xff, 0xc7, 0xff, 0xf0, 0x0, 0x0,
    0x3f, 0xff, 0xf3, 0xff, 0xf8, 0x0, 0x0, 0x1f,
    0xff, 0xf9, 0xff, 0xfc, 0x0, 0x0, 0x7, 0xff,
    0xfe,

    /* U+006C "l" */
    0xff, 0xff, 0xff, 0xff, 0xff, 0xff, 0xff, 0xff,
    0xff, 0xff, 0xff, 0xff, 0xff, 0xff, 0xff, 0xff,
    0xff, 0xff, 0xff, 0xff, 0xff, 0xff, 0xff, 0xff,
    0xff, 0xff, 0xff, 0xff, 0xff, 0xff, 0xff, 0xff,
    0xff, 0xff, 0xff, 0xff, 0xff, 0xff, 0xff, 0xff,
    0xff, 0xff, 0xff, 0xff, 0xff, 0xff, 0xff, 0xff,
    0xff, 0xff, 0xff, 0xff, 0xff, 0xff, 0xff, 0xff,
    0xff, 0xff, 0xff, 0xff, 0xff, 0xff, 0xff, 0xff,
    0xff, 0xff, 0xff, 0xff, 0xff, 0xff, 0xff, 0xff,
    0xff, 0xff, 0xff, 0xff, 0xff, 0xff, 0xff, 0xff,
    0xff, 0xff, 0xff, 0xff, 0xff, 0xff, 0xff, 0xff,
    0xff, 0xff, 0xff, 0xff, 0xff, 0xff, 0xff, 0xff,
    0xff, 0xff, 0xff, 0xff, 0xff, 0xff, 0xff, 0xff,
    0xff, 0xff, 0xff, 0xff, 0xff, 0xff, 0xff, 0xff,
    0xff, 0xff, 0xff, 0xff, 0xff, 0xff, 0xff, 0xff,
    0xff, 0xff, 0xff, 0xff, 0xff, 0xff, 0xff, 0xff,
    0xff, 0xff, 0xff, 0xff, 0xff, 0xff, 0xff,

    /* U+006D "m" */
    0x0, 0x0, 0x0, 0x7f, 0xf0, 0x0, 0x0, 0x7,
    0xfe, 0x0, 0x1, 0xff, 0xf8, 0x7, 0xff, 0xfc,
    0x0, 0x0, 0xff, 0xff, 0xc0, 0x3, 0xff, 0xf0,
    0x3f, 0xff, 0xfe, 0x0, 0x7, 0xff, 0xff, 0xe0,
    0x7, 0xff, 0xe1, 0xff, 0xff, 0xff, 0x0, 0x3f,
    0xff, 0xff, 0xf0, 0xf, 0xff, 0xc7, 0xff, 0xff,
    0xff, 0x0, 0xff, 0xff, 0xff, 0xf0, 0x1f, 0xff,
    0x9f, 0xff, 0xff, 0xff, 0x7, 0xff, 0xff, 0xff,
    0xf0, 0x3f, 0xff, 0x7f, 0xff, 0xff, 0xff, 0x1f,
    0xff, 0xff, 0xff, 0xf0, 0x7f, 0xff, 0xff, 0xff,
    0xff, 0xff, 0x7f, 0xff, 0xff, 0xff, 0xf0, 0xff,
    0xff, 0xff, 0xff, 0xff, 0xff, 0xff, 0xff, 0xff,
    0xff, 0xe1, 0xff, 0xff, 0xff, 0xff, 0xff, 0xff,
    0xff, 0xff, 0xff, 0xff, 0xe3, 0xff, 0xff, 0xff,
    0xff, 0xff, 0xff, 0xff, 0xff, 0xff, 0xff, 0xe7,
    0xff, 0xff, 0xff, 0xff, 0xff, 0xff, 0xff, 0xff,
    0xff, 0xff, 0xcf, 0xff, 0xff, 0xff, 0xff, 0xff,
    0xff, 0xff, 0xff, 0xff, 0xff, 0x9f, 0xff, 0xff,
    0xc0, 0x7f, 0xff, 0xff, 0xfc, 0x7, 0xff, 0xff,
    0xbf, 0xff, 0xfc, 0x0, 0x3f, 0xff, 0xff, 0xc0,
    0x3, 0xff, 0xff, 0x7f, 0xff, 0xf0, 0x0, 0x3f,
    0xff, 0xff, 0x0, 0x3, 0xff, 0xfe, 0xff, 0xff,
    0xc0, 0x0, 0x3f, 0xff, 0xfc, 0x0, 0x3, 0xff,
    0xfd, 0xff, 0xff, 0x0, 0x0, 0x7f, 0xff, 0xf0,
    0x0, 0x7, 0xff, 0xff, 0xff, 0xfe, 0x0, 0x0,
    0x7f, 0xff, 0xe0, 0x0, 0x7, 0xff, 0xff, 0xff,
    0xf8, 0x0, 0x0, 0xff, 0xff, 0x80, 0x0, 0xf,
    0xff, 0xff, 0xff, 0xf0, 0x0, 0x0, 0xff, 0xff,
    0x0, 0x0, 0x1f, 0xff, 0xff, 0xff, 0xe0, 0x0,
    0x1, 0xff, 0xfe, 0x0, 0x0, 0x1f, 0xff, 0xff,
    0xff, 0x80, 0x0, 0x3, 0xff, 0xf8, 0x0, 0x0,
    0x3f, 0xff, 0xff, 0xff, 0x0, 0x0, 0x7, 0xff,
    0xf0, 0x0, 0x0, 0x7f, 0xff, 0xff, 0xfe, 0x0,
    0x0, 0xf, 0xff, 0xe0, 0x0, 0x0, 0xff, 0xff,
    0xff, 0xfc, 0x0, 0x0, 0x1f, 0xff, 0xc0, 0x0,
    0x1, 0xff, 0xff, 0xff, 0xf8, 0x0, 0x0, 0x3f,
    0xff, 0x80, 0x0, 0x3, 0xff, 0xff, 0xff, 0xf0,
    0x0, 0x0, 0x7f, 0xff, 0x0, 0x0, 0x7, 0xff,
    0xff, 0xff, 0xe0, 0x0, 0x0, 0xff, 0xfe, 0x0,
    0x0, 0xf, 0xff, 0xff, 0xff, 0xc0, 0x0, 0x1,
    0xff, 0xfc, 0x0, 0x0, 0x1f, 0xff, 0xff, 0xff,
    0x80, 0x0, 0x3, 0xff, 0xf8, 0x0, 0x0, 0x3f,
    0xff, 0xff, 0xff, 0x0, 0x0, 0x7, 0xff, 0xf0,
    0x0, 0x0, 0x7f, 0xff, 0xff, 0xfe, 0x0, 0x0,
    0xf, 0xff, 0xe0, 0x0, 0x0, 0xff, 0xff, 0xff,
    0xfc, 0x0, 0x0, 0x1f, 0xff, 0xc0, 0x0, 0x1,
    0xff, 0xff, 0xff, 0xf8, 0x0, 0x0, 0x3f, 0xff,
    0x80, 0x0, 0x3, 0xff, 0xff, 0xff, 0xf0, 0x0,
    0x0, 0x7f, 0xff, 0x0, 0x0, 0x7, 0xff, 0xff,
    0xff, 0xe0, 0x0, 0x0, 0xff, 0xfe, 0x0, 0x0,
    0xf, 0xff, 0xff, 0xff, 0xc0, 0x0, 0x1, 0xff,
    0xfc, 0x0, 0x0, 0x1f, 0xff, 0xff, 0xff, 0x80,
    0x0, 0x3, 0xff, 0xf8, 0x0, 0x0, 0x3f, 0xff,
    0xff, 0xff, 0x0, 0x0, 0x7, 0xff, 0xf0, 0x0,
    0x0, 0x7f, 0xff, 0xff, 0xfe, 0x0, 0x0, 0xf,
    0xff, 0xe0, 0x0, 0x0, 0xff, 0xff, 0xff, 0xfc,
    0x0, 0x0, 0x1f, 0xff, 0xc0, 0x0, 0x1, 0xff,
    0xff, 0xff, 0xf8, 0x0, 0x0, 0x3f, 0xff, 0x80,
    0x0, 0x3, 0xff, 0xff, 0xff, 0xf0, 0x0, 0x0,
    0x7f, 0xff, 0x0, 0x0, 0x7, 0xff, 0xff, 0xff,
    0xe0, 0x0, 0x0, 0xff, 0xfe, 0x0, 0x0, 0xf,
    0xff, 0xff, 0xff, 0xc0, 0x0, 0x1, 0xff, 0xfc,
    0x0, 0x0, 0x1f, 0xff, 0xff, 0xff, 0x80, 0x0,
    0x3, 0xff, 0xf8, 0x0, 0x0, 0x3f, 0xff, 0xff,
    0xff, 0x0, 0x0, 0x7, 0xff, 0xf0, 0x0, 0x0,
    0x7f, 0xff, 0xff, 0xfe, 0x0, 0x0, 0xf, 0xff,
    0xe0, 0x0, 0x0, 0xff, 0xff, 0xff, 0xfc, 0x0,
    0x0, 0x1f, 0xff, 0xc0, 0x0, 0x1, 0xff, 0xff,
    0xff, 0xf8, 0x0, 0x0, 0x3f, 0xff, 0x80, 0x0,
    0x3, 0xff, 0xff, 0xff, 0xf0, 0x0, 0x0, 0x7f,
    0xff, 0x0, 0x0, 0x7, 0xff, 0xff, 0xff, 0xe0,
    0x0, 0x0, 0xff, 0xfe, 0x0, 0x0, 0xf, 0xff,
    0xe0,

    /* U+006E "n" */
    0x0, 0x0, 0x0, 0x3f, 0xf8, 0x0, 0x7, 0xff,
    0xe0, 0xf, 0xff, 0xf8, 0x0, 0x3f, 0xff, 0x3,
    0xff, 0xff, 0xf8, 0x1, 0xff, 0xf8, 0x7f, 0xff,
    0xff, 0xe0, 0xf, 0xff, 0xc7, 0xff, 0xff, 0xff,
    0xc0, 0x7f, 0xfe, 0x7f, 0xff, 0xff, 0xff, 0x3,
    0xff, 0xf7, 0xff, 0xff, 0xff, 0xfc, 0x1f, 0xff,
    0xff, 0xff, 0xff, 0xff, 0xf0, 0xff, 0xff, 0xff,
    0xff, 0xff, 0xff, 0x87, 0xff, 0xff, 0xff, 0xff,
    0xff, 0xfe, 0x3f, 0xff, 0xff, 0xff, 0xff, 0xff,
    0xf1, 0xff, 0xff, 0xff, 0xff, 0xff, 0xff, 0xcf,
    0xff, 0xff, 0xff, 0xff, 0xff, 0xfe, 0x7f, 0xff,
    0xff, 0x80, 0xff, 0xff, 0xfb, 0xff, 0xff, 0xe0,
    0x1, 0xff, 0xff, 0xdf, 0xff, 0xfe, 0x0, 0x3,
    0xff, 0xfe, 0xff, 0xff, 0xc0, 0x0, 0xf, 0xff,
    0xf7, 0xff, 0xfe, 0x0, 0x0, 0x7f, 0xff, 0xff,
    0xff, 0xe0, 0x0, 0x1, 0xff, 0xff, 0xff, 0xfe,
    0x0, 0x0, 0xf, 0xff, 0xff, 0xff, 0xf0, 0x0,
    0x0, 0x7f, 0xff, 0xff, 0xff, 0x80, 0x0, 0x1,
    0xff, 0xff, 0xff, 0xf8, 0x0, 0x0, 0xf, 0xff,
    0xff, 0xff, 0xc0, 0x0, 0x0, 0x7f, 0xff, 0xff,
    0xfe, 0x0, 0x0, 0x3, 0xff, 0xff, 0xff, 0xf0,
    0x0, 0x0, 0x1f, 0xff, 0xff, 0xff, 0x80, 0x0,
    0x0, 0xff, 0xff, 0xff, 0xfc, 0x0, 0x0, 0x7,
    0xff, 0xff, 0xff, 0xe0, 0x0, 0x0, 0x3f, 0xff,
    0xff, 0xff, 0x0, 0x0, 0x1, 0xff, 0xff, 0xff,
    0xf8, 0x0, 0x0, 0xf, 0xff, 0xff, 0xff, 0xc0,
    0x0, 0x0, 0x7f, 0xff, 0xff, 0xfe, 0x0, 0x0,
    0x3, 0xff, 0xff, 0xff, 0xf0, 0x0, 0x0, 0x1f,
    0xff, 0xff, 0xff, 0x80, 0x0, 0x0, 0xff, 0xff,
    0xff, 0xfc, 0x0, 0x0, 0x7, 0xff, 0xff, 0xff,
    0xe0, 0x0, 0x0, 0x3f, 0xff, 0xff, 0xff, 0x0,
    0x0, 0x1, 0xff, 0xff, 0xff, 0xf8, 0x0, 0x0,
    0xf, 0xff, 0xff, 0xff, 0xc0, 0x0, 0x0, 0x7f,
    0xff, 0xff, 0xfe, 0x0, 0x0, 0x3, 0xff, 0xff,
    0xff, 0xf0, 0x0, 0x0, 0x1f, 0xff, 0xff, 0xff,
    0x80, 0x0, 0x0, 0xff, 0xff, 0xff, 0xfc, 0x0,
    0x0, 0x7, 0xff, 0xff, 0xff, 0xe0, 0x0, 0x0,
    0x3f, 0xff, 0xff, 0xff, 0x0, 0x0, 0x1, 0xff,
    0xff, 0xff, 0xf8, 0x0, 0x0, 0xf, 0xff, 0xff,
    0xff, 0xc0, 0x0, 0x0, 0x7f, 0xff, 0xff, 0xfe,
    0x0, 0x0, 0x3, 0xff, 0xff, 0xff, 0xf0, 0x0,
    0x0, 0x1f, 0xff, 0xff, 0xff, 0x80, 0x0, 0x0,
    0xff, 0xff, 0xff, 0xfc, 0x0, 0x0, 0x7, 0xff,
    0xff, 0xff, 0xe0, 0x0, 0x0, 0x3f, 0xff, 0x80,

    /* U+006F "o" */
    0x0, 0x0, 0x1, 0xff, 0xe0, 0x0, 0x0, 0x0,
    0x0, 0x1f, 0xff, 0xff, 0x0, 0x0, 0x0, 0x0,
    0x3f, 0xff, 0xff, 0xe0, 0x0, 0x0, 0x0, 0x7f,
    0xff, 0xff, 0xfc, 0x0, 0x0, 0x0, 0xff, 0xff,
    0xff, 0xff, 0x80, 0x0, 0x0, 0xff, 0xff, 0xff,
    0xff, 0xe0, 0x0, 0x1, 0xff, 0xff, 0xff, 0xff,
    0xfc, 0x0, 0x1, 0xff, 0xff, 0xff, 0xff, 0xff,
    0x0, 0x1, 0xff, 0xff, 0xff, 0xff, 0xff, 0xc0,
    0x1, 0xff, 0xff, 0xff, 0xff, 0xff, 0xf0, 0x1,
    0xff, 0xff, 0xff, 0xff, 0xff, 0xfc, 0x0, 0xff,
    0xff, 0xff, 0xff, 0xff, 0xfe, 0x0, 0xff, 0xff,
    0xf8, 0xf, 0xff, 0xff, 0x80, 0xff, 0xff, 0xe0,
    0x0, 0xff, 0xff, 0xe0, 0x7f, 0xff, 0xe0, 0x0,
    0x3f, 0xff, 0xf0, 0x7f, 0xff, 0xe0, 0x0, 0x7,
    0xff, 0xfc, 0x3f, 0xff, 0xc0, 0x0, 0x1, 0xff,
    0xfe, 0x1f, 0xff, 0xe0, 0x0, 0x0, 0xff, 0xff,
    0x1f, 0xff, 0xe0, 0x0, 0x0, 0x3f, 0xff, 0xcf,
    0xff, 0xf0, 0x0, 0x0, 0x1f, 0xff, 0xe7, 0xff,
    0xf0, 0x0, 0x0, 0x7, 0xff, 0xf7, 0xff, 0xf8,
    0x0, 0x0, 0x3, 0xff, 0xff, 0xff, 0xf8, 0x0,
    0x0, 0x0, 0xff, 0xff, 0xff, 0xfc, 0x0, 0x0,
    0x0, 0x7f, 0xff, 0xff, 0xfe, 0x0, 0x0, 0x0,
    0x3f, 0xff, 0xff, 0xff, 0x0, 0x0, 0x0, 0x1f,
    0xff, 0xff, 0xff, 0x80, 0x0, 0x0, 0xf, 0xff,
    0xff, 0xff, 0xc0, 0x0, 0x0, 0x7, 0xff, 0xff,
    0xff, 0xe0, 0x0, 0x0, 0x3, 0xff, 0xff, 0xff,
    0xf0, 0x0, 0x0, 0x1, 0xff, 0xff, 0xff, 0xf8,
    0x0, 0x0, 0x0, 0xff, 0xff, 0xff, 0xfe, 0x0,
    0x0, 0x0, 0xff, 0xff, 0xff, 0xff, 0x0, 0x0,
    0x0, 0x7f, 0xff, 0xbf, 0xff, 0x80, 0x0, 0x0,
    0x3f, 0xff, 0x9f, 0xff, 0xe0, 0x0, 0x0, 0x3f,
    0xff, 0xcf, 0xff, 0xf0, 0x0, 0x0, 0x1f, 0xff,
    0xe3, 0xff, 0xfc, 0x0, 0x0, 0x1f, 0xff, 0xe1,
    0xff, 0xff, 0x0, 0x0, 0xf, 0xff, 0xf0, 0xff,
    0xff, 0x80, 0x0, 0xf, 0xff, 0xf8, 0x3f, 0xff,
    0xf0, 0x0, 0x1f, 0xff, 0xf8, 0x1f, 0xff, 0xfc,
    0x0, 0x1f, 0xff, 0xfc, 0x7, 0xff, 0xff, 0xc0,
    0x7f, 0xff, 0xfc, 0x1, 0xff, 0xff, 0xff, 0xff,
    0xff, 0xfc, 0x0, 0xff, 0xff, 0xff, 0xff, 0xff,
    0xfe, 0x0, 0x3f, 0xff, 0xff, 0xff, 0xff, 0xfe,
    0x0, 0xf, 0xff, 0xff, 0xff, 0xff, 0xfe, 0x0,
    0x3, 0xff, 0xff, 0xff, 0xff, 0xfe, 0x0, 0x0,
    0xff, 0xff, 0xff, 0xff, 0xfe, 0x0, 0x0, 0x1f,
    0xff, 0xff, 0xff, 0xfc, 0x0, 0x0, 0x7, 0xff,
    0xff, 0xff, 0xfc, 0x0, 0x0, 0x0, 0xff, 0xff,
    0xff, 0xf8, 0x0, 0x0, 0x0, 0x1f, 0xff, 0xff,
    0xf0, 0x0, 0x0, 0x0, 0x3, 0xff, 0xff, 0xc0,
    0x0, 0x0, 0x0, 0x0, 0x1f, 0xff, 0x0, 0x0,
    0x0,

    /* U+0070 "p" */
    0x0, 0x0, 0x0, 0x7f, 0xf0, 0x0, 0x0, 0xff,
    0xfe, 0x3, 0xff, 0xff, 0x0, 0x0, 0xff, 0xfe,
    0xf, 0xff, 0xff, 0xc0, 0x0, 0xff, 0xfe, 0x3f,
    0xff, 0xff, 0xf0, 0x0, 0xff, 0xfe, 0x7f, 0xff,
    0xff, 0xf8, 0x0, 0xff, 0xfe, 0xff, 0xff, 0xff,
    0xfe, 0x0, 0xff, 0xff, 0xff, 0xff, 0xff, 0xff,
    0x0, 0xff, 0xff, 0xff, 0xff, 0xff, 0xff, 0x80,
    0xff, 0xff, 0xff, 0xff, 0xff, 0xff, 0xc0, 0xff,
    0xff, 0xff, 0xff, 0xff, 0xff, 0xc0, 0xff, 0xff,
    0xff, 0xff, 0xff, 0xff, 0xe0, 0xff, 0xff, 0xff,
    0xff, 0xff, 0xff, 0xf0, 0xff, 0xff, 0xff, 0x80,
    0xff, 0xff, 0xf0, 0xff, 0xff, 0xfc, 0x0, 0x3f,
    0xff, 0xf8, 0xff, 0xff, 0xf8, 0x0, 0xf, 0xff,
    0xf8, 0xff, 0xff, 0xe0, 0x0, 0x7, 0xff, 0xfc,
    0xff, 0xff, 0xe0, 0x0, 0x3, 0xff, 0xfc, 0xff,
    0xff, 0xc0, 0x0, 0x3, 0xff, 0xfe, 0xff, 0xff,
    0x80, 0x0, 0x1, 0xff, 0xfe, 0xff, 0xff, 0x80,
    0x0, 0x0, 0xff, 0xfe, 0xff, 0xff, 0x0, 0x0,
    0x0, 0xff, 0xfe, 0xff, 0xff, 0x0, 0x0, 0x0,
    0xff, 0xff, 0xff, 0xff, 0x0, 0x0, 0x0, 0x7f,
    0xff, 0xff, 0xff, 0x0, 0x0, 0x0, 0x7f, 0xff,
    0xff, 0xfe, 0x0, 0x0, 0x0, 0x7f, 0xff, 0xff,
    0xfe, 0x0, 0x0, 0x0, 0x7f, 0xff, 0xff, 0xfe,
    0x0, 0x0, 0x0, 0x7f, 0xff, 0xff, 0xfe, 0x0,
    0x0, 0x0, 0x7f, 0xff, 0xff, 0xfe, 0x0, 0x0,
    0x0, 0x7f, 0xff, 0xff, 0xfe, 0x0, 0x0, 0x0,
    0x7f, 0xff, 0xff, 0xff, 0x0, 0x0, 0x0, 0x7f,
    0xff, 0xff, 0xff, 0x0, 0x0, 0x0, 0x7f, 0xff,
    0xff, 0xff, 0x0, 0x0, 0x0, 0xff, 0xff, 0xff,
    0xff, 0x0, 0x0, 0x0, 0xff, 0xfe, 0xff, 0xff,
    0x80, 0x0, 0x1, 0xff, 0xfe, 0xff, 0xff, 0x80,
    0x0, 0x1, 0xff, 0xfe, 0xff, 0xff, 0xc0, 0x0,
    0x3, 0xff, 0xfe, 0xff, 0xff, 0xe0, 0x0, 0x3,
    0xff, 0xfc, 0xff, 0xff, 0xe0, 0x0, 0x7, 0xff,
    0xfc, 0xff, 0xff, 0xf8, 0x0, 0xf, 0xff, 0xfc,
    0xff, 0xff, 0xfc, 0x0, 0x3f, 0xff, 0xf8, 0xff,
    0xff, 0xff, 0x80, 0xff, 0xff, 0xf8, 0xff, 0xff,
    0xff, 0xff, 0xff, 0xff, 0xf0, 0xff, 0xff, 0xff,
    0xff, 0xff, 0xff, 0xe0, 0xff, 0xff, 0xff, 0xff,
    0xff, 0xff, 0xe0, 0xff, 0xff, 0xff, 0xff, 0xff,
    0xff, 0xc0, 0xff, 0xff, 0xff, 0xff, 0xff, 0xff,
    0x80, 0xff, 0xff, 0xff, 0xff, 0xff, 0xff, 0x0,
    0xff, 0xfe, 0xff, 0xff, 0xff, 0xfe, 0x0, 0xff,
    0xfe, 0x7f, 0xff, 0xff, 0xf8, 0x0, 0xff, 0xfe,
    0x3f, 0xff, 0xff, 0xf0, 0x0, 0xff, 0xfe, 0xf,
    0xff, 0xff, 0xc0, 0x0, 0xff, 0xfe, 0x3, 0xff,
    0xff, 0x0, 0x0, 0xff, 0xfe, 0x0, 0x7f, 0xf0,
    0x0, 0x0, 0xff, 0xfe, 0x0, 0x0, 0x0, 0x0,
    0x0, 0xff, 0xfe, 0x0, 0x0, 0x0, 0x0, 0x0,
    0xff, 0xfe, 0x0, 0x0, 0x0, 0x0, 0x0, 0xff,
    0xfe, 0x0, 0x0, 0x0, 0x0, 0x0, 0xff, 0xfe,
    0x0, 0x0, 0x0, 0x0, 0x0, 0xff, 0xfe, 0x0,
    0x0, 0x0, 0x0, 0x0, 0xff, 0xfe, 0x0, 0x0,
    0x0, 0x0, 0x0, 0xff, 0xfe, 0x0, 0x0, 0x0,
    0x0, 0x0, 0xff, 0xfe, 0x0, 0x0, 0x0, 0x0,
    0x0, 0xff, 0xfe, 0x0, 0x0, 0x0, 0x0, 0x0,
    0xff, 0xfe, 0x0, 0x0, 0x0, 0x0, 0x0, 0xff,
    0xfe, 0x0, 0x0, 0x0, 0x0, 0x0, 0xff, 0xfe,
    0x0, 0x0, 0x0, 0x0, 0x0, 0xff, 0xfe, 0x0,
    0x0, 0x0, 0x0, 0x0, 0xff, 0xfe, 0x0, 0x0,
    0x0, 0x0, 0x0, 0xff, 0xfe, 0x0, 0x0, 0x0,
    0x0, 0x0, 0xff, 0xfe, 0x0, 0x0, 0x0, 0x0,
    0x0, 0xff, 0xfe, 0x0, 0x0, 0x0, 0x0, 0x0,

    /* U+0071 "q" */
    0x0, 0x0, 0xf, 0xfe, 0x0, 0x0, 0x0, 0x0,
    0x0, 0x7f, 0xff, 0xc0, 0x7f, 0xff, 0x0, 0x3,
    0xff, 0xff, 0xf0, 0x7f, 0xff, 0x0, 0xf, 0xff,
    0xff, 0xfc, 0x7f, 0xff, 0x0, 0x1f, 0xff, 0xff,
    0xfe, 0x7f, 0xff, 0x0, 0x7f, 0xff, 0xff, 0xff,
    0x7f, 0xff, 0x0, 0xff, 0xff, 0xff, 0xff, 0xff,
    0xff, 0x1, 0xff, 0xff, 0xff, 0xff, 0xff, 0xff,
    0x3, 0xff, 0xff, 0xff, 0xff, 0xff, 0xff, 0x3,
    0xff, 0xff, 0xff, 0xff, 0xff, 0xff, 0x7, 0xff,
    0xff, 0xff, 0xff, 0xff, 0xff, 0xf, 0xff, 0xff,
    0xff, 0xff, 0xff, 0xff, 0xf, 0xff, 0xff, 0x0,
    0xff, 0xff, 0xff, 0x1f, 0xff, 0xfc, 0x0, 0x3f,
    0xff, 0xff, 0x3f, 0xff, 0xf0, 0x0, 0xf, 0xff,
    0xff, 0x3f, 0xff, 0xe0, 0x0, 0x7, 0xff, 0xff,
    0x3f, 0xff, 0xc0, 0x0, 0x3, 0xff, 0xff, 0x7f,
    0xff, 0xc0, 0x0, 0x3, 0xff, 0xff, 0x7f, 0xff,
    0x80, 0x0, 0x1, 0xff, 0xff, 0x7f, 0xff, 0x0,
    0x0, 0x0, 0xff, 0xff, 0x7f, 0xff, 0x0, 0x0,
    0x0, 0xff, 0xff, 0xff, 0xff, 0x0, 0x0, 0x0,
    0xff, 0xff, 0xff, 0xfe, 0x0, 0x0, 0x0, 0x7f,
    0xff, 0xff, 0xfe, 0x0, 0x0, 0x0, 0x7f, 0xff,
    0xff, 0xfe, 0x0, 0x0, 0x0, 0x7f, 0xff, 0xff,
    0xfe, 0x0, 0x0, 0x0, 0x7f, 0xff, 0xff, 0xfe,
    0x0, 0x0, 0x0, 0x7f, 0xff, 0xff, 0xfe, 0x0,
    0x0, 0x0, 0x7f, 0xff, 0xff, 0xfe, 0x0, 0x0,
    0x0, 0x7f, 0xff, 0xff, 0xfe, 0x0, 0x0, 0x0,
    0x7f, 0xff, 0xff, 0xfe, 0x0, 0x0, 0x0, 0x7f,
    0xff, 0xff, 0xfe, 0x0, 0x0, 0x0, 0x7f, 0xff,
    0xff, 0xff, 0x0, 0x0, 0x0, 0xff, 0xff, 0x7f,
    0xff, 0x0, 0x0, 0x0, 0xff, 0xff, 0x7f, 0xff,
    0x80, 0x0, 0x1, 0xff, 0xff, 0x7f, 0xff, 0x80,
    0x0, 0x1, 0xff, 0xff, 0x7f, 0xff, 0xc0, 0x0,
    0x3, 0xff, 0xff, 0x3f, 0xff, 0xc0, 0x0, 0x3,
    0xff, 0xff, 0x3f, 0xff, 0xe0, 0x0, 0x7, 0xff,
    0xff, 0x3f, 0xff, 0xf0, 0x0, 0xf, 0xff, 0xff,
    0x1f, 0xff, 0xfc, 0x0, 0x3f, 0xff, 0xff, 0x1f,
    0xff, 0xff, 0x0, 0xff, 0xff, 0xff, 0xf, 0xff,
    0xff, 0xff, 0xff, 0xff, 0xff, 0x7, 0xff, 0xff,
    0xff, 0xff, 0xff, 0xff, 0x7, 0xff, 0xff, 0xff,
    0xff, 0xff, 0xff, 0x3, 0xff, 0xff, 0xff, 0xff,
    0xff, 0xff, 0x1, 0xff, 0xff, 0xff, 0xff, 0xff,
    0xff, 0x0, 0xff, 0xff, 0xff, 0xff, 0xff, 0xff,
    0x0, 0x7f, 0xff, 0xff, 0xff, 0x7f, 0xff, 0x0,
    0x1f, 0xff, 0xff, 0xfe, 0x7f, 0xff, 0x0, 0xf,
    0xff, 0xff, 0xfc, 0x7f, 0xff, 0x0, 0x3, 0xff,
    0xff, 0xf0, 0x7f, 0xff, 0x0, 0x0, 0xff, 0xff,
    0xc0, 0x7f, 0xff, 0x0, 0x0, 0xf, 0xfe, 0x0,
    0x7f, 0xff, 0x0, 0x0, 0x0, 0x0, 0x0, 0x7f,
    0xff, 0x0, 0x0, 0x0, 0x0, 0x0, 0x7f, 0xff,
    0x0, 0x0, 0x0, 0x0, 0x0, 0x7f, 0xff, 0x0,
    0x0, 0x0, 0x0, 0x0, 0x7f, 0xff, 0x0, 0x0,
    0x0, 0x0, 0x0, 0x7f, 0xff, 0x0, 0x0, 0x0,
    0x0, 0x0, 0x7f, 0xff, 0x0, 0x0, 0x0, 0x0,
    0x0, 0x7f, 0xff, 0x0, 0x0, 0x0, 0x0, 0x0,
    0x7f, 0xff, 0x0, 0x0, 0x0, 0x0, 0x0, 0x7f,
    0xff, 0x0, 0x0, 0x0, 0x0, 0x0, 0x7f, 0xff,
    0x0, 0x0, 0x0, 0x0, 0x0, 0x7f, 0xff, 0x0,
    0x0, 0x0, 0x0, 0x0, 0x7f, 0xff, 0x0, 0x0,
    0x0, 0x0, 0x0, 0x7f, 0xff, 0x0, 0x0, 0x0,
    0x0, 0x0, 0x7f, 0xff, 0x0, 0x0, 0x0, 0x0,
    0x0, 0x7f, 0xff, 0x0, 0x0, 0x0, 0x0, 0x0,
    0x7f, 0xff, 0x0, 0x0, 0x0, 0x0, 0x0, 0x7f,
    0xff, 0x0, 0x0, 0x0, 0x0, 0x0, 0x7f, 0xff,

    /* U+0072 "r" */
    0x0, 0x0, 0x0, 0x3f, 0xff, 0xfc, 0x1, 0xff,
    0xff, 0xfc, 0xf, 0xff, 0xff, 0xfc, 0x1f, 0xff,
    0xff, 0xfc, 0x7f, 0xff, 0xff, 0xfc, 0xff, 0xff,
    0xff, 0xfd, 0xff, 0xff, 0xff, 0xff, 0xff, 0xff,
    0xff, 0xff, 0xff, 0xff, 0xff, 0xff, 0xff, 0xff,
    0xff, 0xff, 0xff, 0xff, 0xff, 0xff, 0xff, 0xff,
    0xff, 0xff, 0xff, 0xff, 0xff, 0xff, 0xff, 0xff,
    0xff, 0xff, 0xff, 0x0, 0xff, 0xff, 0xfc, 0x0,
    0xff, 0xff, 0xf0, 0x0, 0xff, 0xff, 0xe0, 0x0,
    0xff, 0xff, 0xc0, 0x0, 0xff, 0xff, 0x80, 0x0,
    0xff, 0xff, 0x80, 0x0, 0xff, 0xff, 0x0, 0x0,
    0xff, 0xff, 0x0, 0x0, 0xff, 0xff, 0x0, 0x0,
    0xff, 0xfe, 0x0, 0x0, 0xff, 0xfe, 0x0, 0x0,
    0xff, 0xfe, 0x0, 0x0, 0xff, 0xfe, 0x0, 0x0,
    0xff, 0xfe, 0x0, 0x0, 0xff, 0xfe, 0x0, 0x0,
    0xff, 0xfe, 0x0, 0x0, 0xff, 0xfe, 0x0, 0x0,
    0xff, 0xfe, 0x0, 0x0, 0xff, 0xfe, 0x0, 0x0,
    0xff, 0xfe, 0x0, 0x0, 0xff, 0xfe, 0x0, 0x0,
    0xff, 0xfe, 0x0, 0x0, 0xff, 0xfe, 0x0, 0x0,
    0xff, 0xfe, 0x0, 0x0, 0xff, 0xfe, 0x0, 0x0,
    0xff, 0xfe, 0x0, 0x0, 0xff, 0xfe, 0x0, 0x0,
    0xff, 0xfe, 0x0, 0x0, 0xff, 0xfe, 0x0, 0x0,
    0xff, 0xfe, 0x0, 0x0, 0xff, 0xfe, 0x0, 0x0,
    0xff, 0xfe, 0x0, 0x0, 0xff, 0xfe, 0x0, 0x0,
    0xff, 0xfe, 0x0, 0x0, 0xff, 0xfe, 0x0, 0x0,
    0xff, 0xfe, 0x0, 0x0, 0xff, 0xfe, 0x0, 0x0,
    0xff, 0xfe, 0x0, 0x0,

    /* U+0073 "s" */
    0x0, 0x0, 0x3f, 0xff, 0x0, 0x0, 0x0, 0x7,
    0xff, 0xff, 0xf0, 0x0, 0x0, 0x7f, 0xff, 0xff,
    0xfc, 0x0, 0x3, 0xff, 0xff, 0xff, 0xff, 0x0,
    0xf, 0xff, 0xff, 0xff, 0xff, 0x80, 0x7f, 0xff,
    0xff, 0xff, 0xff, 0x1, 0xff, 0xff, 0xff, 0xff,
    0xfc, 0x7, 0xff, 0xff, 0xff, 0xff, 0xf8, 0xf,
    0xff, 0xff, 0xff, 0xff, 0xe0, 0x3f, 0xff, 0xff,
    0xff, 0xff, 0xc0, 0xff, 0xff, 0xff, 0xff, 0xff,
    0x1, 0xff, 0xff, 0xff, 0xff, 0xfe, 0x3, 0xff,
    0xff, 0x80, 0x1f, 0xfc, 0xf, 0xff, 0xf8, 0x0,
    0x3, 0xf0, 0x1f, 0xff, 0xe0, 0x0, 0x1, 0xe0,
    0x3f, 0xff, 0x80, 0x0, 0x0, 0x80, 0x7f, 0xff,
    0x0, 0x0, 0x0, 0x0, 0xff, 0xfe, 0x0, 0x0,
    0x0, 0x1, 0xff, 0xfc, 0x0, 0x0, 0x0, 0x3,
    0xff, 0xfc, 0x0, 0x0, 0x0, 0x7, 0xff, 0xfe,
    0x0, 0x0, 0x0, 0x7, 0xff, 0xff, 0xc0, 0x0,
    0x0, 0xf, 0xff, 0xff, 0xff, 0x0, 0x0, 0x1f,
    0xff, 0xff, 0xff, 0xf0, 0x0, 0x1f, 0xff, 0xff,
    0xff, 0xfc, 0x0, 0x1f, 0xff, 0xff, 0xff, 0xfe,
    0x0, 0x1f, 0xff, 0xff, 0xff, 0xff, 0x0, 0x1f,
    0xff, 0xff, 0xff, 0xff, 0x0, 0x1f, 0xff, 0xff,
    0xff, 0xff, 0x0, 0xf, 0xff, 0xff, 0xff, 0xff,
    0x0, 0x3, 0xff, 0xff, 0xff, 0xfe, 0x0, 0x0,
    0x7f, 0xff, 0xff, 0xfe, 0x0, 0x0, 0x3, 0xff,
    0xff, 0xfc, 0x0, 0x0, 0x0, 0x3f, 0xff, 0xfc,
    0x0, 0x0, 0x0, 0xf, 0xff, 0xf8, 0x0, 0x0,
    0x0, 0xf, 0xff, 0xf0, 0x0, 0x0, 0x0, 0xf,
    0xff, 0xe0, 0x80, 0x0, 0x0, 0x1f, 0xff, 0xc3,
    0xc0, 0x0, 0x0, 0x3f, 0xff, 0x87, 0xe0, 0x0,
    0x0, 0xff, 0xff, 0x1f, 0xf8, 0x0, 0x3, 0xff,
    0xfe, 0x3f, 0xff, 0x0, 0x1f, 0xff, 0xf8, 0xff,
    0xff, 0xff, 0xff, 0xff, 0xf1, 0xff, 0xff, 0xff,
    0xff, 0xff, 0xe7, 0xff, 0xff, 0xff, 0xff, 0xff,
    0x8f, 0xff, 0xff, 0xff, 0xff, 0xfe, 0x3f, 0xff,
    0xff, 0xff, 0xff, 0xfc, 0x7f, 0xff, 0xff, 0xff,
    0xff, 0xf0, 0xff, 0xff, 0xff, 0xff, 0xff, 0xc0,
    0x7f, 0xff, 0xff, 0xff, 0xfe, 0x0, 0x3f, 0xff,
    0xff, 0xff, 0xf8, 0x0, 0xf, 0xff, 0xff, 0xff,
    0xc0, 0x0, 0x3, 0xff, 0xff, 0xfc, 0x0, 0x0,
    0x0, 0x3f, 0xff, 0x0, 0x0, 0x0,

    /* U+0074 "t" */
    0x0, 0xff, 0xfe, 0x0, 0x0, 0x0, 0xff, 0xfe,
    0x0, 0x0, 0x0, 0xff, 0xfe, 0x0, 0x0, 0x0,
    0xff, 0xfe, 0x0, 0x0, 0x0, 0xff, 0xfe, 0x0,
    0x0, 0x0, 0xff, 0xfe, 0x0, 0x0, 0x0, 0xff,
    0xfe, 0x0, 0x0, 0x0, 0xff, 0xfe, 0x0, 0x0,
    0x0, 0xff, 0xfe, 0x0, 0x0, 0x0, 0xff, 0xfe,
    0x0, 0x0, 0x0, 0xff, 0xfe, 0x0, 0x0, 0x0,
    0xff, 0xfe, 0x0, 0x0, 0xff, 0xff, 0xff, 0xff,
    0xf0, 0xff, 0xff, 0xff, 0xff, 0xf0, 0xff, 0xff,
    0xff, 0xff, 0xf0, 0xff, 0xff, 0xff, 0xff, 0xf0,
    0xff, 0xff, 0xff, 0xff, 0xf0, 0xff, 0xff, 0xff,
    0xff, 0xf0, 0xff, 0xff, 0xff, 0xff, 0xf0, 0xff,
    0xff, 0xff, 0xff, 0xf0, 0xff, 0xff, 0xff, 0xff,
    0xf0, 0xff, 0xff, 0xff, 0xff, 0xf0, 0xff, 0xff,
    0xff, 0xff, 0xf0, 0xff, 0xff, 0xff, 0xff, 0xf0,
    0x0, 0xff, 0xfe, 0x0, 0x0, 0x0, 0xff, 0xfe,
    0x0, 0x0, 0x0, 0xff, 0xfe, 0x0, 0x0, 0x0,
    0xff, 0xfe, 0x0, 0x0, 0x0, 0xff, 0xfe, 0x0,
    0x0, 0x0, 0xff, 0xfe, 0x0, 0x0, 0x0, 0xff,
    0xfe, 0x0, 0x0, 0x0, 0xff, 0xfe, 0x0, 0x0,
    0x0, 0xff, 0xfe, 0x0, 0x0, 0x0, 0xff, 0xfe,
    0x0, 0x0, 0x0, 0xff, 0xfe, 0x0, 0x0, 0x0,
    0xff, 0xfe, 0x0, 0x0, 0x0, 0xff, 0xfe, 0x0,
    0x0, 0x0, 0xff, 0xfe, 0x0, 0x0, 0x0, 0xff,
    0xfe, 0x0, 0x0, 0x0, 0xff, 0xfe, 0x0, 0x0,
    0x0, 0xff, 0xfe, 0x0, 0x0, 0x0, 0xff, 0xfe,
    0x0, 0x0, 0x0, 0xff, 0xfe, 0x0, 0x0, 0x0,
    0xff, 0xfe, 0x0, 0x0, 0x0, 0xff, 0xfe, 0x0,
    0x0, 0x0, 0xff, 0xfe, 0x0, 0x0, 0x0, 0xff,
    0xfe, 0x0, 0x0, 0x0, 0xff, 0xfe, 0x0, 0x0,
    0x0, 0xff, 0xfe, 0x0, 0x0, 0x0, 0xff, 0xff,
    0x0, 0x0, 0x0, 0xff, 0xff, 0x0, 0x0, 0x0,
    0xff, 0xff, 0x80, 0x10, 0x0, 0x7f, 0xff, 0xe0,
    0x70, 0x0, 0x7f, 0xff, 0xff, 0xf8, 0x0, 0x7f,
    0xff, 0xff, 0xf8, 0x0, 0x3f, 0xff, 0xff, 0xf8,
    0x0, 0x3f, 0xff, 0xff, 0xfc, 0x0, 0x1f, 0xff,
    0xff, 0xfc, 0x0, 0x1f, 0xff, 0xff, 0xfc, 0x0,
    0xf, 0xff, 0xff, 0xfe, 0x0, 0x7, 0xff, 0xff,
    0xfe, 0x0, 0x1, 0xff, 0xff, 0xff, 0x0, 0x0,
    0xff, 0xff, 0xfc, 0x0, 0x0, 0x3f, 0xff, 0xf0,
    0x0, 0x0, 0x3, 0xff, 0x80,

    /* U+0075 "u" */
    0xff, 0xfe, 0x0, 0x0, 0x7, 0xff, 0xff, 0xff,
    0xe0, 0x0, 0x0, 0x7f, 0xff, 0xff, 0xfe, 0x0,
    0x0, 0x7, 0xff, 0xff, 0xff, 0xe0, 0x0, 0x0,
    0x7f, 0xff, 0xff, 0xfe, 0x0, 0x0, 0x7, 0xff,
    0xff, 0xff, 0xe0, 0x0, 0x0, 0x7f, 0xff, 0xff,
    0xfe, 0x0, 0x0, 0x7, 0xff, 0xff, 0xff, 0xe0,
    0x0, 0x0, 0x7f, 0xff, 0xff, 0xfe, 0x0, 0x0,
    0x7, 0xff, 0xff, 0xff, 0xe0, 0x0, 0x0, 0x7f,
    0xff, 0xff, 0xfe, 0x0, 0x0, 0x7, 0xff, 0xff,
    0xff, 0xe0, 0x0, 0x0, 0x7f, 0xff, 0xff, 0xfe,
    0x0, 0x0, 0x7, 0xff, 0xff, 0xff, 0xe0, 0x0,
    0x0, 0x7f, 0xff, 0xff, 0xfe, 0x0, 0x0, 0x7,
    0xff, 0xff, 0xff, 0xe0, 0x0, 0x0, 0x7f, 0xff,
    0xff, 0xfe, 0x0, 0x0, 0x7, 0xff, 0xff, 0xff,
    0xe0, 0x0, 0x0, 0x7f, 0xff, 0xff, 0xfe, 0x0,
    0x0, 0x7, 0xff, 0xff, 0xff, 0xe0, 0x0, 0x0,
    0x7f, 0xff, 0xff, 0xfe, 0x0, 0x0, 0x7, 0xff,
    0xff, 0xff, 0xe0, 0x0, 0x0, 0x7f, 0xff, 0xff,
    0xfe, 0x0, 0x0, 0x7, 0xff, 0xff, 0xff, 0xe0,
    0x0, 0x0, 0x7f, 0xff, 0xff, 0xfe, 0x0, 0x0,
    0x7, 0xff, 0xff, 0xff, 0xe0, 0x0, 0x0, 0x7f,
    0xff, 0xff, 0xfe, 0x0, 0x0, 0x7, 0xff, 0xff,
    0xff, 0xe0, 0x0, 0x0, 0x7f, 0xff, 0xff, 0xfe,
    0x0, 0x0, 0x7, 0xff, 0xff, 0xff, 0xe0, 0x0,
    0x0, 0x7f, 0xff, 0xff, 0xfe, 0x0, 0x0, 0x7,
    0xff, 0xff, 0xff, 0xe0, 0x0, 0x0, 0xff, 0xff,
    0xff, 0xff, 0x0, 0x0, 0xf, 0xff, 0xff, 0xff,
    0xf0, 0x0, 0x0, 0xff, 0xff, 0xff, 0xff, 0x0,
    0x0, 0x1f, 0xff, 0xff, 0xff, 0xf8, 0x0, 0x3,
    0xff, 0xff, 0x7f, 0xff, 0x80, 0x0, 0x3f, 0xff,
    0xf7, 0xff, 0xfc, 0x0, 0x7, 0xff, 0xff, 0x7f,
    0xff, 0xf0, 0x1, 0xff, 0xff, 0xf7, 0xff, 0xff,
    0xc0, 0x7f, 0xff, 0xff, 0x3f, 0xff, 0xff, 0xff,
    0xff, 0xff, 0xf3, 0xff, 0xff, 0xff, 0xff, 0xff,
    0xff, 0x1f, 0xff, 0xff, 0xff, 0xff, 0xff, 0xf1,
    0xff, 0xff, 0xff, 0xff, 0xff, 0xff, 0xf, 0xff,
    0xff, 0xff, 0xff, 0xff, 0xf0, 0xff, 0xff, 0xff,
    0xff, 0xff, 0xff, 0x7, 0xff, 0xff, 0xff, 0xfb,
    0xff, 0xf0, 0x3f, 0xff, 0xff, 0xff, 0x3f, 0xff,
    0x1, 0xff, 0xff, 0xff, 0xe3, 0xff, 0xf0, 0x7,
    0xff, 0xff, 0xfc, 0x3f, 0xff, 0x0, 0x1f, 0xff,
    0xff, 0x3, 0xff, 0xf0, 0x0, 0x7f, 0xff, 0xc0,
    0x3f, 0xff, 0x0, 0x0, 0x7f, 0xe0, 0x0, 0x0,
    0x0,

    /* U+0076 "v" */
    0xff, 0xff, 0x0, 0x0, 0x0, 0x7, 0xff, 0xef,
    0xff, 0xe0, 0x0, 0x0, 0x1, 0xff, 0xfd, 0xff,
    0xfe, 0x0, 0x0, 0x0, 0x3f, 0xff, 0x1f, 0xff,
    0xc0, 0x0, 0x0, 0xf, 0xff, 0xe3, 0xff, 0xfc,
    0x0, 0x0, 0x1, 0xff, 0xf8, 0x3f, 0xff, 0x80,
    0x0, 0x0, 0x7f, 0xff, 0x7, 0xff, 0xf0, 0x0,
    0x0, 0xf, 0xff, 0xc0, 0xff, 0xff, 0x0, 0x0,
    0x1, 0xff, 0xf8, 0xf, 0xff, 0xe0, 0x0, 0x0,
    0x7f, 0xff, 0x1, 0xff, 0xfe, 0x0, 0x0, 0xf,
    0xff, 0xc0, 0x1f, 0xff, 0xc0, 0x0, 0x3, 0xff,
    0xf8, 0x3, 0xff, 0xf8, 0x0, 0x0, 0x7f, 0xfe,
    0x0, 0x7f, 0xff, 0x80, 0x0, 0xf, 0xff, 0xc0,
    0x7, 0xff, 0xf0, 0x0, 0x3, 0xff, 0xf8, 0x0,
    0xff, 0xff, 0x0, 0x0, 0x7f, 0xfe, 0x0, 0xf,
    0xff, 0xe0, 0x0, 0x1f, 0xff, 0xc0, 0x1, 0xff,
    0xfc, 0x0, 0x3, 0xff, 0xf0, 0x0, 0x1f, 0xff,
    0xc0, 0x0, 0xff, 0xfe, 0x0, 0x3, 0xff, 0xf8,
    0x0, 0x1f, 0xff, 0x80, 0x0, 0x7f, 0xff, 0x80,
    0x3, 0xff, 0xf0, 0x0, 0x7, 0xff, 0xf0, 0x0,
    0xff, 0xfe, 0x0, 0x0, 0xff, 0xfe, 0x0, 0x1f,
    0xff, 0x80, 0x0, 0xf, 0xff, 0xe0, 0x7, 0xff,
    0xf0, 0x0, 0x1, 0xff, 0xfc, 0x0, 0xff, 0xfc,
    0x0, 0x0, 0x3f, 0xff, 0xc0, 0x3f, 0xff, 0x80,
    0x0, 0x3, 0xff, 0xf8, 0x7, 0xff, 0xf0, 0x0,
    0x0, 0x7f, 0xff, 0x0, 0xff, 0xfc, 0x0, 0x0,
    0x7, 0xff, 0xf0, 0x3f, 0xff, 0x80, 0x0, 0x0,
    0xff, 0xfe, 0x7, 0xff, 0xe0, 0x0, 0x0, 0xf,
    0xff, 0xe1, 0xff, 0xfc, 0x0, 0x0, 0x1, 0xff,
    0xfc, 0x3f, 0xff, 0x0, 0x0, 0x0, 0x3f, 0xff,
    0x87, 0xff, 0xe0, 0x0, 0x0, 0x3, 0xff, 0xf9,
    0xff, 0xfc, 0x0, 0x0, 0x0, 0x7f, 0xff, 0x3f,
    0xff, 0x0, 0x0, 0x0, 0x7, 0xff, 0xff, 0xff,
    0xe0, 0x0, 0x0, 0x0, 0xff, 0xff, 0xff, 0xf8,
    0x0, 0x0, 0x0, 0x1f, 0xff, 0xff, 0xff, 0x0,
    0x0, 0x0, 0x1, 0xff, 0xff, 0xff, 0xc0, 0x0,
    0x0, 0x0, 0x3f, 0xff, 0xff, 0xf8, 0x0, 0x0,
    0x0, 0x3, 0xff, 0xff, 0xff, 0x0, 0x0, 0x0,
    0x0, 0x7f, 0xff, 0xff, 0xc0, 0x0, 0x0, 0x0,
    0x7, 0xff, 0xff, 0xf8, 0x0, 0x0, 0x0, 0x0,
    0xff, 0xff, 0xfe, 0x0, 0x0, 0x0, 0x0, 0x1f,
    0xff, 0xff, 0xc0, 0x0, 0x0, 0x0, 0x1, 0xff,
    0xff, 0xf8, 0x0, 0x0, 0x0, 0x0, 0x3f, 0xff,
    0xfe, 0x0, 0x0, 0x0, 0x0, 0x3, 0xff, 0xff,
    0xc0, 0x0, 0x0, 0x0, 0x0, 0x7f, 0xff, 0xf0,
    0x0, 0x0, 0x0, 0x0, 0xf, 0xff, 0xfe, 0x0,
    0x0, 0x0, 0x0, 0x0, 0xff, 0xff, 0x80, 0x0,
    0x0, 0x0, 0x0, 0x1f, 0xff, 0xf0, 0x0, 0x0,
    0x0, 0x0, 0x1, 0xff, 0xfe, 0x0, 0x0, 0x0,

    /* U+0077 "w" */
    0xff, 0xfc, 0x0, 0x0, 0x1, 0xff, 0xf0, 0x0,
    0x0, 0xf, 0xff, 0xdf, 0xff, 0x80, 0x0, 0x0,
    0x7f, 0xfc, 0x0, 0x0, 0x3, 0xff, 0xe7, 0xff,
    0xe0, 0x0, 0x0, 0x3f, 0xff, 0x80, 0x0, 0x0,
    0xff, 0xf9, 0xff, 0xf8, 0x0, 0x0, 0xf, 0xff,
    0xe0, 0x0, 0x0, 0x7f, 0xfe, 0x3f, 0xff, 0x0,
    0x0, 0x7, 0xff, 0xf8, 0x0, 0x0, 0x1f, 0xff,
    0xf, 0xff, 0xc0, 0x0, 0x1, 0xff, 0xff, 0x0,
    0x0, 0x7, 0xff, 0xc3, 0xff, 0xf0, 0x0, 0x0,
    0x7f, 0xff, 0xc0, 0x0, 0x3, 0xff, 0xf0, 0x7f,
    0xfe, 0x0, 0x0, 0x3f, 0xff, 0xf0, 0x0, 0x0,
    0xff, 0xf8, 0x1f, 0xff, 0x80, 0x0, 0xf, 0xff,
    0xfe, 0x0, 0x0, 0x3f, 0xfe, 0x3, 0xff, 0xf0,
    0x0, 0x3, 0xff, 0xff, 0x80, 0x0, 0x1f, 0xff,
    0x0, 0xff, 0xfc, 0x0, 0x1, 0xff, 0xff, 0xe0,
    0x0, 0x7, 0xff, 0xc0, 0x3f, 0xff, 0x0, 0x0,
    0x7f, 0xff, 0xfc, 0x0, 0x3, 0xff, 0xf0, 0x7,
    0xff, 0xe0, 0x0, 0x1f, 0xff, 0xff, 0x0, 0x0,
    0xff, 0xf8, 0x1, 0xff, 0xf8, 0x0, 0xf, 0xff,
    0xff, 0xc0, 0x0, 0x3f, 0xfe, 0x0, 0x7f, 0xfe,
    0x0, 0x3, 0xff, 0xff, 0xf8, 0x0, 0x1f, 0xff,
    0x80, 0xf, 0xff, 0xc0, 0x1, 0xff, 0xff, 0xfe,
    0x0, 0x7, 0xff, 0xc0, 0x3, 0xff, 0xf0, 0x0,
    0x7f, 0xff, 0xff, 0xc0, 0x1, 0xff, 0xf0, 0x0,
    0xff, 0xfc, 0x0, 0x1f, 0xff, 0xff, 0xf0, 0x0,
    0xff, 0xfc, 0x0, 0x1f, 0xff, 0x80, 0xf, 0xff,
    0xff, 0xfc, 0x0, 0x3f, 0xfe, 0x0, 0x7, 0xff,
    0xe0, 0x3, 0xff, 0xff, 0xff, 0x80, 0xf, 0xff,
    0x80, 0x1, 0xff, 0xf8, 0x0, 0xff, 0xff, 0xff,
    0xe0, 0x7, 0xff, 0xc0, 0x0, 0x3f, 0xff, 0x0,
    0x7f, 0xfc, 0xff, 0xf8, 0x1, 0xff, 0xf0, 0x0,
    0xf, 0xff, 0xc0, 0x1f, 0xff, 0x3f, 0xff, 0x0,
    0x7f, 0xfc, 0x0, 0x1, 0xff, 0xf0, 0x7, 0xff,
    0xcf, 0xff, 0xc0, 0x3f, 0xfe, 0x0, 0x0, 0x7f,
    0xfe, 0x3, 0xff, 0xe1, 0xff, 0xf0, 0xf, 0xff,
    0x80, 0x0, 0x1f, 0xff, 0x80, 0xff, 0xf8, 0x7f,
    0xfe, 0x7, 0xff, 0xe0, 0x0, 0x3, 0xff, 0xe0,
    0x7f, 0xfe, 0xf, 0xff, 0x81, 0xff, 0xf0, 0x0,
    0x0, 0xff, 0xfc, 0x1f, 0xff, 0x3, 0xff, 0xe0,
    0x7f, 0xfc, 0x0, 0x0, 0x3f, 0xff, 0x7, 0xff,
    0xc0, 0xff, 0xfc, 0x3f, 0xff, 0x0, 0x0, 0x7,
    0xff, 0xc3, 0xff, 0xe0, 0x1f, 0xff, 0xf, 0xff,
    0x80, 0x0, 0x1, 0xff, 0xf8, 0xff, 0xf8, 0x7,
    0xff, 0xc3, 0xff, 0xe0, 0x0, 0x0, 0x7f, 0xfe,
    0x3f, 0xfe, 0x1, 0xff, 0xf9, 0xff, 0xf8, 0x0,
    0x0, 0xf, 0xff, 0x9f, 0xff, 0x0, 0x3f, 0xfe,
    0x7f, 0xfc, 0x0, 0x0, 0x3, 0xff, 0xf7, 0xff,
    0xc0, 0xf, 0xff, 0xdf, 0xff, 0x0, 0x0, 0x0,
    0xff, 0xfd, 0xff, 0xf0, 0x3, 0xff, 0xff, 0xff,
    0x80, 0x0, 0x0, 0x1f, 0xff, 0xff, 0xf8, 0x0,
    0x7f, 0xff, 0xff, 0xe0, 0x0, 0x0, 0x7, 0xff,
    0xff, 0xfe, 0x0, 0x1f, 0xff, 0xff, 0xf8, 0x0,
    0x0, 0x0, 0xff, 0xff, 0xff, 0x0, 0x7, 0xff,
    0xff, 0xfc, 0x0, 0x0, 0x0, 0x3f, 0xff, 0xff,
    0xc0, 0x0, 0xff, 0xff, 0xff, 0x0, 0x0, 0x0,
    0xf, 0xff, 0xff, 0xf0, 0x0, 0x3f, 0xff, 0xff,
    0xc0, 0x0, 0x0, 0x1, 0xff, 0xff, 0xf8, 0x0,
    0x7, 0xff, 0xff, 0xe0, 0x0, 0x0, 0x0, 0x7f,
    0xff, 0xfe, 0x0, 0x1, 0xff, 0xff, 0xf8, 0x0,
    0x0, 0x0, 0x1f, 0xff, 0xff, 0x80, 0x0, 0x7f,
    0xff, 0xfe, 0x0, 0x0, 0x0, 0x3, 0xff, 0xff,
    0xc0, 0x0, 0xf, 0xff, 0xff, 0x0, 0x0, 0x0,
    0x0, 0xff, 0xff, 0xf0, 0x0, 0x3, 0xff, 0xff,
    0xc0, 0x0, 0x0, 0x0, 0x3f, 0xff, 0xfc, 0x0,
    0x0, 0xff, 0xff, 0xe0, 0x0, 0x0, 0x0, 0x7,
    0xff, 0xfe, 0x0, 0x0, 0x1f, 0xff, 0xf8, 0x0,
    0x0, 0x0, 0x1, 0xff, 0xff, 0x80, 0x0, 0x7,
    0xff, 0xfe, 0x0, 0x0, 0x0, 0x0, 0x7f, 0xff,
    0xc0, 0x0, 0x1, 0xff, 0xff, 0x0, 0x0, 0x0,
    0x0, 0xf, 0xff, 0xf0, 0x0, 0x0, 0x3f, 0xff,
    0xc0, 0x0, 0x0, 0x0, 0x3, 0xff, 0xfc, 0x0,
    0x0, 0xf, 0xff, 0xf0, 0x0, 0x0, 0x0, 0x0,
    0x7f, 0xfe, 0x0, 0x0, 0x3, 0xff, 0xf8, 0x0,
    0x0,

    /* U+0078 "x" */
    0x7f, 0xff, 0xc0, 0x0, 0x1, 0xff, 0xfe, 0x1f,
    0xff, 0xf0, 0x0, 0x0, 0xff, 0xff, 0x7, 0xff,
    0xf8, 0x0, 0x0, 0xff, 0xff, 0x3, 0xff, 0xfe,
    0x0, 0x0, 0xff, 0xff, 0x0, 0xff, 0xff, 0x80,
    0x0, 0xff, 0xff, 0x0, 0x3f, 0xff, 0xe0, 0x0,
    0x7f, 0xff, 0x80, 0xf, 0xff, 0xf0, 0x0, 0x7f,
    0xff, 0x80, 0x7, 0xff, 0xfc, 0x0, 0x7f, 0xff,
    0x80, 0x1, 0xff, 0xff, 0x0, 0x7f, 0xff, 0x80,
    0x0, 0x7f, 0xff, 0x80, 0x3f, 0xff, 0xc0, 0x0,
    0x1f, 0xff, 0xe0, 0x3f, 0xff, 0xc0, 0x0, 0xf,
    0xff, 0xf8, 0x3f, 0xff, 0xc0, 0x0, 0x3, 0xff,
    0xfe, 0x3f, 0xff, 0xc0, 0x0, 0x0, 0xff, 0xff,
    0x1f, 0xff, 0xe0, 0x0, 0x0, 0x3f, 0xff, 0xdf,
    0xff, 0xe0, 0x0, 0x0, 0x1f, 0xff, 0xff, 0xff,
    0xe0, 0x0, 0x0, 0x7, 0xff, 0xff, 0xff, 0xe0,
    0x0, 0x0, 0x1, 0xff, 0xff, 0xff, 0xf0, 0x0,
    0x0, 0x0, 0x7f, 0xff, 0xff, 0xf0, 0x0, 0x0,
    0x0, 0x3f, 0xff, 0xff, 0xf0, 0x0, 0x0, 0x0,
    0xf, 0xff, 0xff, 0xf0, 0x0, 0x0, 0x0, 0x3,
    0xff, 0xff, 0xf8, 0x0, 0x0, 0x0, 0x0, 0xff,
    0xff, 0xf8, 0x0, 0x0, 0x0, 0x0, 0x7f, 0xff,
    0xf8, 0x0, 0x0, 0x0, 0x0, 0x1f, 0xff, 0xf8,
    0x0, 0x0, 0x0, 0x0, 0x7, 0xff, 0xfc, 0x0,
    0x0, 0x0, 0x0, 0x7, 0xff, 0xfe, 0x0, 0x0,
    0x0, 0x0, 0x7, 0xff, 0xff, 0x80, 0x0, 0x0,
    0x0, 0x3, 0xff, 0xff, 0xe0, 0x0, 0x0, 0x0,
    0x3, 0xff, 0xff, 0xf8, 0x0, 0x0, 0x0, 0x3,
    0xff, 0xff, 0xfc, 0x0, 0x0, 0x0, 0x3, 0xff,
    0xff, 0xff, 0x0, 0x0, 0x0, 0x1, 0xff, 0xff,
    0xff, 0xc0, 0x0, 0x0, 0x1, 0xff, 0xff, 0xff,
    0xf0, 0x0, 0x0, 0x1, 0xff, 0xff, 0xff, 0xf8,
    0x0, 0x0, 0x1, 0xff, 0xff, 0xff, 0xfe, 0x0,
    0x0, 0x0, 0xff, 0xff, 0xff, 0xff, 0x80, 0x0,
    0x0, 0xff, 0xff, 0x3f, 0xff, 0xe0, 0x0, 0x0,
    0xff, 0xff, 0xf, 0xff, 0xf0, 0x0, 0x0, 0xff,
    0xff, 0x83, 0xff, 0xfc, 0x0, 0x0, 0x7f, 0xff,
    0x81, 0xff, 0xff, 0x0, 0x0, 0x7f, 0xff, 0x80,
    0x7f, 0xff, 0xc0, 0x0, 0x7f, 0xff, 0x80, 0x1f,
    0xff, 0xe0, 0x0, 0x7f, 0xff, 0xc0, 0xf, 0xff,
    0xf8, 0x0, 0x3f, 0xff, 0xc0, 0x3, 0xff, 0xfe,
    0x0, 0x3f, 0xff, 0xc0, 0x0, 0xff, 0xff, 0x80,
    0x3f, 0xff, 0xc0, 0x0, 0x3f, 0xff, 0xc0, 0x3f,
    0xff, 0xe0, 0x0, 0x1f, 0xff, 0xf0, 0x1f, 0xff,
    0xe0, 0x0, 0x7, 0xff, 0xfc, 0x1f, 0xff, 0xe0,
    0x0, 0x1, 0xff, 0xff, 0x1f, 0xff, 0xe0, 0x0,
    0x0, 0xff, 0xff, 0x9f, 0xff, 0xf0, 0x0, 0x0,
    0x3f, 0xff, 0xe0,

    /* U+0079 "y" */
    0xff, 0xff, 0x0, 0x0, 0x0, 0x7, 0xff, 0xef,
    0xff, 0xe0, 0x0, 0x0, 0x1, 0xff, 0xfd, 0xff,
    0xfe, 0x0, 0x0, 0x0, 0x3f, 0xff, 0x1f, 0xff,
    0xc0, 0x0, 0x0, 0xf, 0xff, 0xe3, 0xff, 0xfc,
    0x0, 0x0, 0x1, 0xff, 0xf8, 0x3f, 0xff, 0x80,
    0x0, 0x0, 0x3f, 0xff, 0x7, 0xff, 0xf0, 0x0,
    0x0, 0xf, 0xff, 0xc0, 0xff, 0xff, 0x0, 0x0,
    0x1, 0xff, 0xf8, 0xf, 0xff, 0xe0, 0x0, 0x0,
    0x7f, 0xff, 0x1, 0xff, 0xfe, 0x0, 0x0, 0xf,
    0xff, 0xc0, 0x1f, 0xff, 0xc0, 0x0, 0x3, 0xff,
    0xf8, 0x3, 0xff, 0xf8, 0x0, 0x0, 0x7f, 0xfe,
    0x0, 0x3f, 0xff, 0x80, 0x0, 0xf, 0xff, 0xc0,
    0x7, 0xff, 0xf0, 0x0, 0x3, 0xff, 0xf8, 0x0,
    0xff, 0xff, 0x0, 0x0, 0x7f, 0xfe, 0x0, 0xf,
    0xff, 0xe0, 0x0, 0x1f, 0xff, 0xc0, 0x1, 0xff,
    0xfc, 0x0, 0x3, 0xff, 0xf0, 0x0, 0x1f, 0xff,
    0xc0, 0x0, 0x7f, 0xfe, 0x0, 0x3, 0xff, 0xf8,
    0x0, 0x1f, 0xff, 0x80, 0x0, 0x7f, 0xff, 0x80,
    0x3, 0xff, 0xf0, 0x0, 0x7, 0xff, 0xf0, 0x0,
    0xff, 0xfe, 0x0, 0x0, 0xff, 0xfe, 0x0, 0x1f,
    0xff, 0x80, 0x0, 0xf, 0xff, 0xe0, 0x3, 0xff,
    0xf0, 0x0, 0x1, 0xff, 0xfc, 0x0, 0xff, 0xfc,
    0x0, 0x0, 0x1f, 0xff, 0xc0, 0x1f, 0xff, 0x80,
    0x0, 0x3, 0xff, 0xf8, 0x7, 0xff, 0xe0, 0x0,
    0x0, 0x7f, 0xff, 0x0, 0xff, 0xfc, 0x0, 0x0,
    0x7, 0xff, 0xf0, 0x1f, 0xff, 0x80, 0x0, 0x0,
    0xff, 0xfe, 0x7, 0xff, 0xe0, 0x0, 0x0, 0xf,
    0xff, 0xe0, 0xff, 0xfc, 0x0, 0x0, 0x1, 0xff,
    0xfc, 0x3f, 0xff, 0x0, 0x0, 0x0, 0x1f, 0xff,
    0x87, 0xff, 0xe0, 0x0, 0x0, 0x3, 0xff, 0xf9,
    0xff, 0xfc, 0x0, 0x0, 0x0, 0x7f, 0xff, 0x3f,
    0xff, 0x0, 0x0, 0x0, 0x7, 0xff, 0xf7, 0xff,
    0xe0, 0x0, 0x0, 0x0, 0xff, 0xff, 0xff, 0xf8,
    0x0, 0x0, 0x0, 0xf, 0xff, 0xff, 0xff, 0x0,
    0x0, 0x0, 0x1, 0xff, 0xff, 0xff, 0xc0, 0x0,
    0x0, 0x0, 0x3f, 0xff, 0xff, 0xf8, 0x0, 0x0,
    0x0, 0x3, 0xff, 0xff, 0xff, 0x0, 0x0, 0x0,
    0x0, 0x7f, 0xff, 0xff, 0xc0, 0x0, 0x0, 0x0,
    0x7, 0xff, 0xff, 0xf8, 0x0, 0x0, 0x0, 0x0,
    0xff, 0xff, 0xfe, 0x0, 0x0, 0x0, 0x0, 0xf,
    0xff, 0xff, 0xc0, 0x0, 0x0, 0x0, 0x1, 0xff,
    0xff, 0xf8, 0x0, 0x0, 0x0, 0x0, 0x3f, 0xff,
    0xfe, 0x0, 0x0, 0x0, 0x0, 0x3, 0xff, 0xff,
    0xc0, 0x0, 0x0, 0x0, 0x0, 0x7f, 0xff, 0xf0,
    0x0, 0x0, 0x0, 0x0, 0x7, 0xff, 0xfe, 0x0,
    0x0, 0x0, 0x0, 0x0, 0xff, 0xff, 0x80, 0x0,
    0x0, 0x0, 0x0, 0xf, 0xff, 0xf0, 0x0, 0x0,
    0x0, 0x0, 0x1, 0xff, 0xfe, 0x0, 0x0, 0x0,
    0x0, 0x0, 0x3f, 0xff, 0x80, 0x0, 0x0, 0x0,
    0x0, 0x7, 0xff, 0xf0, 0x0, 0x0, 0x0, 0x0,
    0x0, 0xff, 0xfc, 0x0, 0x0, 0x0, 0x0, 0x0,
    0x3f, 0xff, 0x80, 0x0, 0x0, 0x0, 0x0, 0x7,
    0xff, 0xe0, 0x0, 0x0, 0x0, 0xc0, 0x1, 0xff,
    0xfc, 0x0, 0x0, 0x0, 0x1c, 0x0, 0x7f, 0xff,
    0x80, 0x0, 0x0, 0x7, 0xf0, 0x3f, 0xff, 0xe0,
    0x0, 0x0, 0x0, 0xff, 0xff, 0xff, 0xfc, 0x0,
    0x0, 0x0, 0x3f, 0xff, 0xff, 0xff, 0x0, 0x0,
    0x0, 0x7, 0xff, 0xff, 0xff, 0xc0, 0x0, 0x0,
    0x1, 0xff, 0xff, 0xff, 0xf8, 0x0, 0x0, 0x0,
    0x7f, 0xff, 0xff, 0xfe, 0x0, 0x0, 0x0, 0xf,
    0xff, 0xff, 0xff, 0x80, 0x0, 0x0, 0x3, 0xff,
    0xff, 0xff, 0xe0, 0x0, 0x0, 0x0, 0x7f, 0xff,
    0xff, 0xf8, 0x0, 0x0, 0x0, 0x3, 0xff, 0xff,
    0xfe, 0x0, 0x0, 0x0, 0x0, 0x3f, 0xff, 0xff,
    0x0, 0x0, 0x0, 0x0, 0x0, 0xff, 0xff, 0x80,
    0x0, 0x0, 0x0, 0x0, 0x3, 0xff, 0x80, 0x0,
    0x0, 0x0, 0x0,

    /* U+007A "z" */
    0xff, 0xff, 0xff, 0xff, 0xff, 0xfb, 0xff, 0xff,
    0xff, 0xff, 0xff, 0xef, 0xff, 0xff, 0xff, 0xff,
    0xff, 0xbf, 0xff, 0xff, 0xff, 0xff, 0xfe, 0xff,
    0xff, 0xff, 0xff, 0xff, 0xfb, 0xff, 0xff, 0xff,
    0xff, 0xff, 0xef, 0xff, 0xff, 0xff, 0xff, 0xff,
    0xbf, 0xff, 0xff, 0xff, 0xff, 0xfe, 0xff, 0xff,
    0xff, 0xff, 0xff, 0xfb, 0xff, 0xff, 0xff, 0xff,
    0xff, 0xef, 0xff, 0xff, 0xff, 0xff, 0xff, 0x3f,
    0xff, 0xff, 0xff, 0xff, 0xf8, 0x0, 0x0, 0x0,
    0x7f, 0xff, 0xc0, 0x0, 0x0, 0x3, 0xff, 0xfe,
    0x0, 0x0, 0x0, 0xf, 0xff, 0xf8, 0x0, 0x0,
    0x0, 0x7f, 0xff, 0xc0, 0x0, 0x0, 0x3, 0xff,
    0xfe, 0x0, 0x0, 0x0, 0x1f, 0xff, 0xf0, 0x0,
    0x0, 0x0, 0xff, 0xff, 0x80, 0x0, 0x0, 0x7,
    0xff, 0xfc, 0x0, 0x0, 0x0, 0x1f, 0xff, 0xe0,
    0x0, 0x0, 0x0, 0xff, 0xff, 0x80, 0x0, 0x0,
    0x7, 0xff, 0xfc, 0x0, 0x0, 0x0, 0x3f, 0xff,
    0xe0, 0x0, 0x0, 0x1, 0xff, 0xff, 0x0, 0x0,
    0x0, 0xf, 0xff, 0xf8, 0x0, 0x0, 0x0, 0x3f,
    0xff, 0xc0, 0x0, 0x0, 0x1, 0xff, 0xfe, 0x0,
    0x0, 0x0, 0xf, 0xff, 0xf8, 0x0, 0x0, 0x0,
    0x7f, 0xff, 0xc0, 0x0, 0x0, 0x3, 0xff, 0xfe,
    0x0, 0x0, 0x0, 0x1f, 0xff, 0xf0, 0x0, 0x0,
    0x0, 0xff, 0xff, 0x80, 0x0, 0x0, 0x3, 0xff,
    0xfc, 0x0, 0x0, 0x0, 0x1f, 0xff, 0xe0, 0x0,
    0x0, 0x0, 0xff, 0xff, 0x80, 0x0, 0x0, 0x7,
    0xff, 0xfc, 0x0, 0x0, 0x0, 0x3f, 0xff, 0xe0,
    0x0, 0x0, 0x1, 0xff, 0xff, 0x0, 0x0, 0x0,
    0x7, 0xff, 0xf8, 0x0, 0x0, 0x0, 0x3f, 0xff,
    0xff, 0xff, 0xff, 0xfd, 0xff, 0xff, 0xff, 0xff,
    0xff, 0xff, 0xff, 0xff, 0xff, 0xff, 0xff, 0xff,
    0xff, 0xff, 0xff, 0xff, 0xff, 0xff, 0xff, 0xff,
    0xff, 0xff, 0xff, 0xff, 0xff, 0xff, 0xff, 0xff,
    0xff, 0xff, 0xff, 0xff, 0xff, 0xff, 0xff, 0xff,
    0xff, 0xff, 0xff, 0xff, 0xff, 0xff, 0xff, 0xff,
    0xff, 0xff, 0xff, 0xff, 0xff, 0xff, 0xff, 0xff,
    0xff, 0xff, 0xff, 0xff, 0xff, 0xff, 0xff, 0xff,
    0xff, 0xff, 0xff,

    /* U+007B "{" */
    0x0, 0x0, 0x7, 0xff, 0x0, 0x0, 0x7f, 0xff,
    0x0, 0x1, 0xff, 0xff, 0x0, 0x3, 0xff, 0xff,
    0x0, 0x7, 0xff, 0xff, 0x0, 0xf, 0xff, 0xff,
    0x0, 0x1f, 0xff, 0xff, 0x0, 0x3f, 0xff, 0xff,
    0x0, 0x3f, 0xff, 0xff, 0x0, 0x7f, 0xff, 0xff,
    0x0, 0x7f, 0xff, 0xff, 0x0, 0x7f, 0xff, 0xff,
    0x0, 0xff, 0xff, 0xe0, 0x0, 0xff, 0xff, 0x80,
    0x0, 0xff, 0xff, 0x0, 0x0, 0xff, 0xff, 0x0,
    0x0, 0xff, 0xfe, 0x0, 0x0, 0xff, 0xfe, 0x0,
    0x0, 0xff, 0xfe, 0x0, 0x0, 0xff, 0xfe, 0x0,
    0x0, 0xff, 0xfe, 0x0, 0x0, 0xff, 0xfe, 0x0,
    0x0, 0xff, 0xfe, 0x0, 0x0, 0xff, 0xfe, 0x0,
    0x0, 0xff, 0xfe, 0x0, 0x0, 0xff, 0xfe, 0x0,
    0x0, 0xff, 0xfe, 0x0, 0x0, 0xff, 0xfe, 0x0,
    0x0, 0xff, 0xfe, 0x0, 0x0, 0xff, 0xfe, 0x0,
    0x0, 0xff, 0xfe, 0x0, 0x0, 0xff, 0xfe, 0x0,
    0x0, 0xff, 0xfe, 0x0, 0x0, 0xff, 0xfe, 0x0,
    0x0, 0xff, 0xfe, 0x0, 0x0, 0xff, 0xfe, 0x0,
    0x0, 0xff, 0xfe, 0x0, 0x0, 0xff, 0xfe, 0x0,
    0x1, 0xff, 0xfe, 0x0, 0x3, 0xff, 0xfe, 0x0,
    0xff, 0xff, 0xfc, 0x0, 0xff, 0xff, 0xfc, 0x0,
    0xff, 0xff, 0xf8, 0x0, 0xff, 0xff, 0xf8, 0x0,
    0xff, 0xff, 0xf0, 0x0, 0xff, 0xff, 0xc0, 0x0,
    0xff, 0xff, 0xc0, 0x0, 0xff, 0xff, 0xf0, 0x0,
    0xff, 0xff, 0xf8, 0x0, 0xff, 0xff, 0xfc, 0x0,
    0xff, 0xff, 0xfc, 0x0, 0xff, 0xff, 0xfc, 0x0,
    0x3, 0xff, 0xfe, 0x0, 0x1, 0xff, 0xfe, 0x0,
    0x0, 0xff, 0xfe, 0x0, 0x0, 0xff, 0xfe, 0x0,
    0x0, 0xff, 0xfe, 0x0, 0x0, 0xff, 0xfe, 0x0,
    0x0, 0xff, 0xfe, 0x0, 0x0, 0xff, 0xfe, 0x0,
    0x0, 0xff, 0xfe, 0x0, 0x0, 0xff, 0xfe, 0x0,
    0x0, 0xff, 0xfe, 0x0, 0x0, 0xff, 0xfe, 0x0,
    0x0, 0xff, 0xfe, 0x0, 0x0, 0xff, 0xfe, 0x0,
    0x0, 0xff, 0xfe, 0x0, 0x0, 0xff, 0xfe, 0x0,
    0x0, 0xff, 0xfe, 0x0, 0x0, 0xff, 0xfe, 0x0,
    0x0, 0xff, 0xfe, 0x0, 0x0, 0xff, 0xfe, 0x0,
    0x0, 0xff, 0xfe, 0x0, 0x0, 0xff, 0xfe, 0x0,
    0x0, 0xff, 0xfe, 0x0, 0x0, 0xff, 0xff, 0x0,
    0x0, 0xff, 0xff, 0x0, 0x0, 0xff, 0xff, 0x80,
    0x0, 0xff, 0xff, 0xe0, 0x0, 0x7f, 0xff, 0xff,
    0x0, 0x7f, 0xff, 0xff, 0x0, 0x7f, 0xff, 0xff,
    0x0, 0x3f, 0xff, 0xff, 0x0, 0x3f, 0xff, 0xff,
    0x0, 0x1f, 0xff, 0xff, 0x0, 0xf, 0xff, 0xff,
    0x0, 0x7, 0xff, 0xff, 0x0, 0x3, 0xff, 0xff,
    0x0, 0x1, 0xff, 0xff, 0x0, 0x0, 0x7f, 0xff,
    0x0, 0x0, 0x7, 0xff,

    /* U+007C "|" */
    0xff, 0xff, 0xff, 0xff, 0xff, 0xff, 0xff, 0xff,
    0xff, 0xff, 0xff, 0xff, 0xff, 0xff, 0xff, 0xff,
    0xff, 0xff, 0xff, 0xff, 0xff, 0xff, 0xff, 0xff,
    0xff, 0xff, 0xff, 0xff, 0xff, 0xff, 0xff, 0xff,
    0xff, 0xff, 0xff, 0xff, 0xff, 0xff, 0xff, 0xff,
    0xff, 0xff, 0xff, 0xff, 0xff, 0xff, 0xff, 0xff,
    0xff, 0xff, 0xff, 0xff, 0xff, 0xff, 0xff, 0xff,
    0xff, 0xff, 0xff, 0xff, 0xff, 0xff, 0xff, 0xff,
    0xff, 0xff, 0xff, 0xff, 0xff, 0xff, 0xff, 0xff,
    0xff, 0xff, 0xff, 0xff, 0xff, 0xff, 0xff, 0xff,
    0xff, 0xff, 0xff, 0xff, 0xff, 0xff, 0xff, 0xff,
    0xff, 0xff, 0xff, 0xff, 0xff, 0xff, 0xff, 0xff,
    0xff, 0xff, 0xff, 0xff, 0xff, 0xff, 0xff, 0xff,
    0xff, 0xff, 0xff, 0xff, 0xff, 0xff, 0xff, 0xff,
    0xff, 0xff, 0xff, 0xff, 0xff, 0xff, 0xff, 0xff,
    0xff, 0xff, 0xff, 0xff, 0xff, 0xff, 0xff, 0xff,
    0xff, 0xff, 0xff, 0xff, 0xff, 0xff, 0xff, 0xff,
    0xff, 0xff, 0xff, 0xff, 0xff, 0xff, 0xff, 0xff,
    0xff, 0xff, 0xff, 0xff, 0xff, 0xff, 0xff, 0xff,
    0xff, 0xff, 0xff, 0xff, 0xff, 0xff, 0xff, 0xc0,

    /* U+007D "}" */
    0xff, 0xe0, 0x0, 0x0, 0xff, 0xfe, 0x0, 0x0,
    0xff, 0xff, 0x80, 0x0, 0xff, 0xff, 0xc0, 0x0,
    0xff, 0xff, 0xe0, 0x0, 0xff, 0xff, 0xf0, 0x0,
    0xff, 0xff, 0xf8, 0x0, 0xff, 0xff, 0xfc, 0x0,
    0xff, 0xff, 0xfc, 0x0, 0xff, 0xff, 0xfe, 0x0,
    0xff, 0xff, 0xfe, 0x0, 0xff, 0xff, 0xfe, 0x0,
    0x7, 0xff, 0xff, 0x0, 0x1, 0xff, 0xff, 0x0,
    0x0, 0xff, 0xff, 0x0, 0x0, 0xff, 0xff, 0x0,
    0x0, 0x7f, 0xff, 0x0, 0x0, 0x7f, 0xff, 0x0,
    0x0, 0x7f, 0xff, 0x0, 0x0, 0x7f, 0xff, 0x0,
    0x0, 0x7f, 0xff, 0x0, 0x0, 0x7f, 0xff, 0x0,
    0x0, 0x7f, 0xff, 0x0, 0x0, 0x7f, 0xff, 0x0,
    0x0, 0x7f, 0xff, 0x0, 0x0, 0x7f, 0xff, 0x0,
    0x0, 0x7f, 0xff, 0x0, 0x0, 0x7f, 0xff, 0x0,
    0x0, 0x7f, 0xff, 0x0, 0x0, 0x7f, 0xff, 0x0,
    0x0, 0x7f, 0xff, 0x0, 0x0, 0x7f, 0xff, 0x0,
    0x0, 0x7f, 0xff, 0x0, 0x0, 0x7f, 0xff, 0x0,
    0x0, 0x7f, 0xff, 0x0, 0x0, 0x7f, 0xff, 0x0,
    0x0, 0x7f, 0xff, 0x0, 0x0, 0x7f, 0xff, 0x0,
    0x0, 0x7f, 0xff, 0x80, 0x0, 0x7f, 0xff, 0xc0,
    0x0, 0x3f, 0xff, 0xff, 0x0, 0x3f, 0xff, 0xff,
    0x0, 0x1f, 0xff, 0xff, 0x0, 0x1f, 0xff, 0xff,
    0x0, 0xf, 0xff, 0xff, 0x0, 0x3, 0xff, 0xff,
    0x0, 0x3, 0xff, 0xff, 0x0, 0xf, 0xff, 0xff,
    0x0, 0x1f, 0xff, 0xff, 0x0, 0x1f, 0xff, 0xff,
    0x0, 0x3f, 0xff, 0xff, 0x0, 0x3f, 0xff, 0xff,
    0x0, 0x7f, 0xff, 0xc0, 0x0, 0x7f, 0xff, 0x80,
    0x0, 0x7f, 0xff, 0x0, 0x0, 0x7f, 0xff, 0x0,
    0x0, 0x7f, 0xff, 0x0, 0x0, 0x7f, 0xff, 0x0,
    0x0, 0x7f, 0xff, 0x0, 0x0, 0x7f, 0xff, 0x0,
    0x0, 0x7f, 0xff, 0x0, 0x0, 0x7f, 0xff, 0x0,
    0x0, 0x7f, 0xff, 0x0, 0x0, 0x7f, 0xff, 0x0,
    0x0, 0x7f, 0xff, 0x0, 0x0, 0x7f, 0xff, 0x0,
    0x0, 0x7f, 0xff, 0x0, 0x0, 0x7f, 0xff, 0x0,
    0x0, 0x7f, 0xff, 0x0, 0x0, 0x7f, 0xff, 0x0,
    0x0, 0x7f, 0xff, 0x0, 0x0, 0x7f, 0xff, 0x0,
    0x0, 0x7f, 0xff, 0x0, 0x0, 0x7f, 0xff, 0x0,
    0x0, 0x7f, 0xff, 0x0, 0x0, 0xff, 0xff, 0x0,
    0x0, 0xff, 0xff, 0x0, 0x1, 0xff, 0xff, 0x0,
    0x7, 0xff, 0xff, 0x0, 0xff, 0xff, 0xfe, 0x0,
    0xff, 0xff, 0xfe, 0x0, 0xff, 0xff, 0xfe, 0x0,
    0xff, 0xff, 0xfc, 0x0, 0xff, 0xff, 0xfc, 0x0,
    0xff, 0xff, 0xf8, 0x0, 0xff, 0xff, 0xf0, 0x0,
    0xff, 0xff, 0xf0, 0x0, 0xff, 0xff, 0xc0, 0x0,
    0xff, 0xff, 0x80, 0x0, 0xff, 0xfe, 0x0, 0x0,
    0xff, 0xe0, 0x0, 0x0,

    /* U+007E "~" */
    0x0, 0x1f, 0xc0, 0x0, 0x0, 0x0, 0x0, 0xff,
    0xf8, 0x0, 0x1, 0xff, 0x3, 0xff, 0xfe, 0x0,
    0x1, 0xff, 0x7, 0xff, 0xff, 0x80, 0x1, 0xff,
    0xf, 0xff, 0xff, 0xc0, 0x3, 0xff, 0x1f, 0xff,
    0xff, 0xe0, 0x3, 0xff, 0x1f, 0xff, 0xff, 0xf8,
    0x7, 0xff, 0x3f, 0xff, 0xff, 0xfe, 0xf, 0xfe,
    0x3f, 0xff, 0xff, 0xff, 0xff, 0xfe, 0x7f, 0xff,
    0xff, 0xff, 0xff, 0xfe, 0x7f, 0xff, 0xff, 0xff,
    0xff, 0xfc, 0x7f, 0xf0, 0x7f, 0xff, 0xff, 0xfc,
    0xff, 0xe0, 0x1f, 0xff, 0xff, 0xf8, 0xff, 0xc0,
    0xf, 0xff, 0xff, 0xf8, 0xff, 0xc0, 0x3, 0xff,
    0xff, 0xf0, 0xff, 0x80, 0x1, 0xff, 0xff, 0xe0,
    0xff, 0x80, 0x0, 0x7f, 0xff, 0xc0, 0xff, 0x80,
    0x0, 0x1f, 0xff, 0x0, 0x0, 0x0, 0x0, 0x7,
    0xf8, 0x0
};


/*---------------------
 *  GLYPH DESCRIPTION
 *--------------------*/

static const lv_font_fmt_txt_glyph_dsc_t glyph_dsc[] = {
    {.bitmap_index = 0, .adv_w = 0, .box_w = 0, .box_h = 0, .ofs_x = 0, .ofs_y = 0} /* id = 0 reserved */,
    {.bitmap_index = 0, .adv_w = 435, .box_w = 1, .box_h = 1, .ofs_x = 0, .ofs_y = 0},
    {.bitmap_index = 1, .adv_w = 444, .box_w = 18, .box_h = 69, .ofs_x = 5, .ofs_y = -1},
    {.bitmap_index = 157, .adv_w = 671, .box_w = 32, .box_h = 27, .ofs_x = 5, .ofs_y = 40},
    {.bitmap_index = 265, .adv_w = 1106, .box_w = 65, .box_h = 69, .ofs_x = 2, .ofs_y = 0},
    {.bitmap_index = 826, .adv_w = 980, .box_w = 55, .box_h = 92, .ofs_x = 3, .ofs_y = -12},
    {.bitmap_index = 1459, .adv_w = 1347, .box_w = 79, .box_h = 70, .ofs_x = 3, .ofs_y = -1},
    {.bitmap_index = 2151, .adv_w = 1118, .box_w = 64, .box_h = 70, .ofs_x = 3, .ofs_y = -1},
    {.bitmap_index = 2711, .adv_w = 353, .box_w = 12, .box_h = 27, .ofs_x = 5, .ofs_y = 40},
    {.bitmap_index = 2752, .adv_w = 548, .box_w = 27, .box_h = 91, .ofs_x = 7, .ofs_y = -19},
    {.bitmap_index = 3060, .adv_w = 550, .box_w = 27, .box_h = 91, .ofs_x = 1, .ofs_y = -19},
    {.bitmap_index = 3368, .adv_w = 667, .box_w = 39, .box_h = 38, .ofs_x = 2, .ofs_y = 34},
    {.bitmap_index = 3554, .adv_w = 920, .box_w = 46, .box_h = 46, .ofs_x = 5, .ofs_y = 11},
    {.bitmap_index = 3819, .adv_w = 402, .box_w = 19, .box_h = 33, .ofs_x = 3, .ofs_y = -15},
    {.bitmap_index = 3898, .adv_w = 593, .box_w = 27, .box_h = 12, .ofs_x = 5, .ofs_y = 21},
    {.bitmap_index = 3939, .adv_w = 402, .box_w = 19, .box_h = 19, .ofs_x = 3, .ofs_y = -1},
    {.bitmap_index = 3985, .adv_w = 602, .box_w = 45, .box_h = 92, .ofs_x = -3, .ofs_y = -10},
    {.bitmap_index = 4503, .adv_w = 1043, .box_w = 57, .box_h = 70, .ofs_x = 4, .ofs_y = -1},
    {.bitmap_index = 5002, .adv_w = 602, .box_w = 29, .box_h = 68, .ofs_x = 0, .ofs_y = -1},
    {.bitmap_index = 5249, .adv_w = 906, .box_w = 54, .box_h = 69, .ofs_x = 0, .ofs_y = 0},
    {.bitmap_index = 5715, .adv_w = 909, .box_w = 53, .box_h = 69, .ofs_x = 0, .ofs_y = -1},
    {.bitmap_index = 6173, .adv_w = 1058, .box_w = 63, .box_h = 69, .ofs_x = 2, .ofs_y = -1},
    {.bitmap_index = 6717, .adv_w = 914, .box_w = 54, .box_h = 69, .ofs_x = 1, .ofs_y = -1},
    {.bitmap_index = 7183, .adv_w = 978, .box_w = 55, .box_h = 70, .ofs_x = 4, .ofs_y = -1},
    {.bitmap_index = 7665, .adv_w = 952, .box_w = 54, .box_h = 68, .ofs_x = 2, .ofs_y = 0},
    {.bitmap_index = 8124, .adv_w = 1014, .box_w = 57, .box_h = 70, .ofs_x = 3, .ofs_y = -1},
    {.bitmap_index = 8623, .adv_w = 978, .box_w = 56, .box_h = 70, .ofs_x = 2, .ofs_y = -1},
    {.bitmap_index = 9113, .adv_w = 402, .box_w = 19, .box_h = 54, .ofs_x = 3, .ofs_y = -1},
    {.bitmap_index = 9242, .adv_w = 402, .box_w = 19, .box_h = 68, .ofs_x = 3, .ofs_y = -15},
    {.bitmap_index = 9404, .adv_w = 920, .box_w = 46, .box_h = 48, .ofs_x = 6, .ofs_y = 10},
    {.bitmap_index = 9680, .adv_w = 920, .box_w = 46, .box_h = 36, .ofs_x = 6, .ofs_y = 16},
    {.bitmap_index = 9887, .adv_w = 920, .box_w = 46, .box_h = 48, .ofs_x = 6, .ofs_y = 10},
    {.bitmap_index = 10163, .adv_w = 905, .box_w = 51, .box_h = 70, .ofs_x = 0, .ofs_y = -1},
    {.bitmap_index = 10610, .adv_w = 1590, .box_w = 92, .box_h = 89, .ofs_x = 4, .ofs_y = -20},
    {.bitmap_index = 11634, .adv_w = 1177, .box_w = 76, .box_h = 69, .ofs_x = -1, .ofs_y = 0},
    {.bitmap_index = 12290, .adv_w = 1175, .box_w = 61, .box_h = 68, .ofs_x = 8, .ofs_y = 0},
    {.bitmap_index = 12809, .adv_w = 1112, .box_w = 63, .box_h = 70, .ofs_x = 4, .ofs_y = -1},
    {.bitmap_index = 13361, .adv_w = 1269, .box_w = 67, .box_h = 68, .ofs_x = 8, .ofs_y = 0},
    {.bitmap_index = 13931, .adv_w = 1031, .box_w = 52, .box_h = 68, .ofs_x = 8, .ofs_y = 0},
    {.bitmap_index = 14373, .adv_w = 982, .box_w = 51, .box_h = 68, .ofs_x = 8, .ofs_y = 0},
    {.bitmap_index = 14807, .adv_w = 1184, .box_w = 65, .box_h = 70, .ofs_x = 4, .ofs_y = -1},
    {.bitmap_index = 15376, .adv_w = 1241, .box_w = 61, .box_h = 68, .ofs_x = 8, .ofs_y = 0},
    {.bitmap_index = 15895, .adv_w = 504, .box_w = 15, .box_h = 68, .ofs_x = 8, .ofs_y = 0},
    {.bitmap_index = 16023, .adv_w = 831, .box_w = 46, .box_h = 69, .ofs_x = -2, .ofs_y = -1},
    {.bitmap_index = 16420, .adv_w = 1137, .box_w = 64, .box_h = 68, .ofs_x = 8, .ofs_y = 0},
    {.bitmap_index = 16964, .adv_w = 928, .box_w = 50, .box_h = 68, .ofs_x = 8, .ofs_y = 0},
    {.bitmap_index = 17389, .adv_w = 1467, .box_w = 76, .box_h = 68, .ofs_x = 8, .ofs_y = 0},
    {.bitmap_index = 18035, .adv_w = 1241, .box_w = 61, .box_h = 68, .ofs_x = 8, .ofs_y = 0},
    {.bitmap_index = 18554, .adv_w = 1296, .box_w = 74, .box_h = 70, .ofs_x = 4, .ofs_y = -1},
    {.bitmap_index = 19202, .adv_w = 1124, .box_w = 58, .box_h = 68, .ofs_x = 8, .ofs_y = 0},
    {.bitmap_index = 19695, .adv_w = 1296, .box_w = 77, .box_h = 85, .ofs_x = 4, .ofs_y = -16},
    {.bitmap_index = 20514, .adv_w = 1129, .box_w = 59, .box_h = 68, .ofs_x = 8, .ofs_y = 0},
    {.bitmap_index = 21016, .adv_w = 980, .box_w = 55, .box_h = 70, .ofs_x = 3, .ofs_y = -1},
    {.bitmap_index = 21498, .adv_w = 949, .box_w = 59, .box_h = 68, .ofs_x = 1, .ofs_y = 0},
    {.bitmap_index = 22000, .adv_w = 1210, .box_w = 61, .box_h = 69, .ofs_x = 7, .ofs_y = -1},
    {.bitmap_index = 22527, .adv_w = 1146, .box_w = 74, .box_h = 68, .ofs_x = -1, .ofs_y = 0},
    {.bitmap_index = 23156, .adv_w = 1786, .box_w = 108, .box_h = 68, .ofs_x = 2, .ofs_y = 0},
    {.bitmap_index = 24074, .adv_w = 1097, .box_w = 68, .box_h = 68, .ofs_x = 0, .ofs_y = 0},
    {.bitmap_index = 24652, .adv_w = 1038, .box_w = 67, .box_h = 68, .ofs_x = -1, .ofs_y = 0},
    {.bitmap_index = 25222, .adv_w = 1031, .box_w = 59, .box_h = 68, .ofs_x = 4, .ofs_y = 0},
    {.bitmap_index = 25724, .adv_w = 565, .box_w = 26, .box_h = 91, .ofs_x = 8, .ofs_y = -19},
    {.bitmap_index = 26020, .adv_w = 602, .box_w = 45, .box_h = 92, .ofs_x = -4, .ofs_y = -10},
    {.bitmap_index = 26538, .adv_w = 565, .box_w = 26, .box_h = 91, .ofs_x = 1, .ofs_y = -19},
    {.bitmap_index = 26834, .adv_w = 922, .box_w = 47, .box_h = 41, .ofs_x = 5, .ofs_y = 14},
    {.bitmap_index = 27075, .adv_w = 768, .box_w = 48, .box_h = 8, .ofs_x = 0, .ofs_y = -9},
    {.bitmap_index = 27123, .adv_w = 922, .box_w = 30, .box_h = 14, .ofs_x = 8, .ofs_y = 59},
    {.bitmap_index = 27176, .adv_w = 948, .box_w = 49, .box_h = 54, .ofs_x = 4, .ofs_y = -1},
    {.bitmap_index = 27507, .adv_w = 1060, .box_w = 56, .box_h = 73, .ofs_x = 7, .ofs_y = -1},
    {.bitmap_index = 28018, .adv_w = 908, .box_w = 52, .box_h = 54, .ofs_x = 3, .ofs_y = -1},
    {.bitmap_index = 28369, .adv_w = 1063, .box_w = 56, .box_h = 73, .ofs_x = 3, .ofs_y = -1},
    {.bitmap_index = 28880, .adv_w = 969, .box_w = 54, .box_h = 54, .ofs_x = 3, .ofs_y = -1},
    {.bitmap_index = 29245, .adv_w = 594, .box_w = 40, .box_h = 73, .ofs_x = 1, .ofs_y = -1},
    {.bitmap_index = 29610, .adv_w = 1075, .box_w = 57, .box_h = 72, .ofs_x = 3, .ofs_y = -20},
    {.bitmap_index = 30123, .adv_w = 1061, .box_w = 53, .box_h = 72, .ofs_x = 7, .ofs_y = 0},
    {.bitmap_index = 30600, .adv_w = 462, .box_w = 19, .box_h = 76, .ofs_x = 5, .ofs_y = 0},
    {.bitmap_index = 30781, .adv_w = 472, .box_w = 34, .box_h = 96, .ofs_x = -9, .ofs_y = -20},
    {.bitmap_index = 31189, .adv_w = 1006, .box_w = 57, .box_h = 72, .ofs_x = 7, .ofs_y = 0},
    {.bitmap_index = 31702, .adv_w = 462, .box_w = 15, .box_h = 72, .ofs_x = 7, .ofs_y = 0},
    {.bitmap_index = 31837, .adv_w = 1611, .box_w = 87, .box_h = 53, .ofs_x = 7, .ofs_y = 0},
    {.bitmap_index = 32414, .adv_w = 1061, .box_w = 53, .box_h = 53, .ofs_x = 7, .ofs_y = 0},
    {.bitmap_index = 32766, .adv_w = 1006, .box_w = 57, .box_h = 54, .ofs_x = 3, .ofs_y = -1},
    {.bitmap_index = 33151, .adv_w = 1060, .box_w = 56, .box_h = 72, .ofs_x = 7, .ofs_y = -19},
    {.bitmap_index = 33655, .adv_w = 1060, .box_w = 56, .box_h = 72, .ofs_x = 3, .ofs_y = -19},
    {.bitmap_index = 34159, .adv_w = 662, .box_w = 32, .box_h = 53, .ofs_x = 7, .ofs_y = 0},
    {.bitmap_index = 34371, .adv_w = 816, .box_w = 47, .box_h = 54, .ofs_x = 2, .ofs_y = -1},
    {.bitmap_index = 34689, .adv_w = 668, .box_w = 40, .box_h = 65, .ofs_x = 1, .ofs_y = -1},
    {.bitmap_index = 35014, .adv_w = 1055, .box_w = 52, .box_h = 53, .ofs_x = 7, .ofs_y = -1},
    {.bitmap_index = 35359, .adv_w = 919, .box_w = 59, .box_h = 52, .ofs_x = -1, .ofs_y = 0},
    {.bitmap_index = 35743, .adv_w = 1439, .box_w = 90, .box_h = 52, .ofs_x = 0, .ofs_y = 0},
    {.bitmap_index = 36328, .adv_w = 914, .box_w = 57, .box_h = 52, .ofs_x = 0, .ofs_y = 0},
    {.bitmap_index = 36699, .adv_w = 919, .box_w = 59, .box_h = 72, .ofs_x = -1, .ofs_y = -20},
    {.bitmap_index = 37230, .adv_w = 834, .box_w = 46, .box_h = 52, .ofs_x = 3, .ofs_y = 0},
    {.bitmap_index = 37529, .adv_w = 601, .box_w = 32, .box_h = 91, .ofs_x = 4, .ofs_y = -19},
    {.bitmap_index = 37893, .adv_w = 475, .box_w = 14, .box_h = 91, .ofs_x = 8, .ofs_y = -19},
    {.bitmap_index = 38053, .adv_w = 601, .box_w = 32, .box_h = 91, .ofs_x = 1, .ofs_y = -19},
    {.bitmap_index = 38417, .adv_w = 920, .box_w = 48, .box_h = 19, .ofs_x = 5, .ofs_y = 24}
};

/*---------------------
 *  CHARACTER MAPPING
 *--------------------*/



/*Collect the unicode lists and glyph_id offsets*/
static const lv_font_fmt_txt_cmap_t cmaps[] =
{
    {
        .range_start = 32, .range_length = 95, .glyph_id_start = 1,
        .unicode_list = NULL, .glyph_id_ofs_list = NULL, .list_length = 0, .type = LV_FONT_FMT_TXT_CMAP_FORMAT0_TINY
    }
};



/*--------------------
 *  ALL CUSTOM DATA
 *--------------------*/

#if LVGL_VERSION_MAJOR == 8
/*Store all the custom data of the font*/
static  lv_font_fmt_txt_glyph_cache_t cache;
#endif

#if LVGL_VERSION_MAJOR >= 8
static const lv_font_fmt_txt_dsc_t font_dsc = {
#else
static lv_font_fmt_txt_dsc_t font_dsc = {
#endif
    .glyph_bitmap = glyph_bitmap,
    .glyph_dsc = glyph_dsc,
    .cmaps = cmaps,
    .kern_dsc = NULL,
    .kern_scale = 0,
    .cmap_num = 1,
    .bpp = 1,
    .kern_classes = 0,
    .bitmap_format = 0,
#if LVGL_VERSION_MAJOR == 8
    .cache = &cache
#endif
};



/*-----------------
 *  PUBLIC FONT
 *----------------*/

/*Initialize a public general font descriptor*/
#if LVGL_VERSION_MAJOR >= 8
const lv_font_t ui_font_Font1 = {
#else
lv_font_t ui_font_Font1 = {
#endif
    .get_glyph_dsc = lv_font_get_glyph_dsc_fmt_txt,    /*Function pointer to get glyph's data*/
    .get_glyph_bitmap = lv_font_get_bitmap_fmt_txt,    /*Function pointer to get glyph's bitmap*/
    .line_height = 102,          /*The maximum line height required by the font*/
    .base_line = 20,             /*Baseline measured from the bottom of the line*/
#if !(LVGL_VERSION_MAJOR == 6 && LVGL_VERSION_MINOR == 0)
    .subpx = LV_FONT_SUBPX_NONE,
#endif
#if LV_VERSION_CHECK(7, 4, 0) || LVGL_VERSION_MAJOR >= 8
    .underline_position = -10,
    .underline_thickness = 5,
#endif
    .dsc = &font_dsc,          /*The custom font data. Will be accessed by `get_glyph_bitmap/dsc` */
#if LV_VERSION_CHECK(8, 2, 0) || LVGL_VERSION_MAJOR >= 9
    .fallback = NULL,
#endif
    .user_data = NULL,
};



#endif /*#if UI_FONT_FONT1*/

